NVIDIA RTX PRO 6000 Blackwell Workstation Edition,dna_r10.4.1_e8.2_400bps_fast@v5.2.0,64,4.02094e+07,1223282688
NVIDIA RTX PRO 6000 Blackwell Workstation Edition,dna_r10.4.1_e8.2_400bps_fast@v5.2.0,128,6.43217e+07,1371294720
NVIDIA RTX PRO 6000 Blackwell Workstation Edition,dna_r10.4.1_e8.2_400bps_fast@v5.2.0,192,9.07517e+07,1518170112
NVIDIA RTX PRO 6000 Blackwell Workstation Edition,dna_r10.4.1_e8.2_400bps_fast@v5.2.0,256,1.13326e+08,1666501120
NVIDIA RTX PRO 6000 Blackwell Workstation Edition,dna_r10.4.1_e8.2_400bps_fast@v5.2.0,320,1.36451e+08,1812736512
NVIDIA RTX PRO 6000 Blackwell Workstation Edition,dna_r10.4.1_e8.2_400bps_fast@v5.2.0,384,1.55907e+08,1958971392
NVIDIA RTX PRO 6000 Blackwell Workstation Edition,dna_r10.4.1_e8.2_400bps_fast@v5.2.0,448,1.7472e+08,2105206784
NVIDIA RTX PRO 6000 Blackwell Workstation Edition,dna_r10.4.1_e8.2_400bps_fast@v5.2.0,512,1.93511e+08,2253537792
NVIDIA RTX PRO 6000 Blackwell Workstation Edition,dna_r10.4.1_e8.2_400bps_fast@v5.2.0,576,2.09667e+08,2399773184
NVIDIA RTX PRO 6000 Blackwell Workstation Edition,dna_r10.4.1_e8.2_400bps_fast@v5.2.0,640,2.2519e+08,2548105216
NVIDIA RTX PRO 6000 Blackwell Workstation Edition,dna_r10.4.1_e8.2_400bps_fast@v5.2.0,704,2.42036e+08,2693454848
NVIDIA RTX PRO 6000 Blackwell Workstation Edition,dna_r10.4.1_e8.2_400bps_fast@v5.2.0,768,2.42612e+08,2840574464
NVIDIA RTX PRO 6000 Blackwell Workstation Edition,dna_r10.4.1_e8.2_400bps_fast@v5.2.0,832,2.56166e+08,2987097600
NVIDIA RTX PRO 6000 Blackwell Workstation Edition,dna_r10.4.1_e8.2_400bps_fast@v5.2.0,896,2.68597e+08,3137130496
NVIDIA RTX PRO 6000 Blackwell Workstation Edition,dna_r10.4.1_e8.2_400bps_fast@v5.2.0,960,2.78291e+08,3283474432
NVIDIA RTX PRO 6000 Blackwell Workstation Edition,dna_r10.4.1_e8.2_400bps_fast@v5.2.0,1024,2.88838e+08,3428610560
NVIDIA RTX PRO 6000 Blackwell Workstation Edition,dna_r10.4.1_e8.2_400bps_fast@v5.2.0,1088,2.9973e+08,3575943680
NVIDIA RTX PRO 6000 Blackwell Workstation Edition,dna_r10.4.1_e8.2_400bps_fast@v5.2.0,1152,3.05932e+08,3722254336
NVIDIA RTX PRO 6000 Blackwell Workstation Edition,dna_r10.4.1_e8.2_400bps_fast@v5.2.0,1216,3.14482e+08,3872929280
NVIDIA RTX PRO 6000 Blackwell Workstation Edition,dna_r10.4.1_e8.2_400bps_fast@v5.2.0,1280,3.24469e+08,4042334720
NVIDIA RTX PRO 6000 Blackwell Workstation Edition,dna_r10.4.1_e8.2_400bps_fast@v5.2.0,1344,3.27208e+08,4163767808
NVIDIA RTX PRO 6000 Blackwell Workstation Edition,dna_r10.4.1_e8.2_400bps_fast@v5.2.0,1408,3.35214e+08,4309215232
NVIDIA RTX PRO 6000 Blackwell Workstation Edition,dna_r10.4.1_e8.2_400bps_fast@v5.2.0,1472,3.40741e+08,4461605888
NVIDIA RTX PRO 6000 Blackwell Workstation Edition,dna_r10.4.1_e8.2_400bps_fast@v5.2.0,1536,3.16326e+08,4605280768
NVIDIA RTX PRO 6000 Blackwell Workstation Edition,dna_r10.4.1_e8.2_400bps_fast@v5.2.0,1600,3.22753e+08,4755248640
NVIDIA RTX PRO 6000 Blackwell Workstation Edition,dna_r10.4.1_e8.2_400bps_fast@v5.2.0,1664,3.28958e+08,4898924544
NVIDIA RTX PRO 6000 Blackwell Workstation Edition,dna_r10.4.1_e8.2_400bps_fast@v5.2.0,1728,3.31499e+08,5047607296
NVIDIA RTX PRO 6000 Blackwell Workstation Edition,dna_r10.4.1_e8.2_400bps_fast@v5.2.0,1792,3.39817e+08,5194730496
NVIDIA RTX PRO 6000 Blackwell Workstation Edition,dna_r10.4.1_e8.2_400bps_fast@v5.2.0,1856,3.44581e+08,5340644864
NVIDIA RTX PRO 6000 Blackwell Workstation Edition,dna_r10.4.1_e8.2_400bps_fast@v5.2.0,1920,3.48382e+08,5490405376
NVIDIA RTX PRO 6000 Blackwell Workstation Edition,dna_r10.4.1_e8.2_400bps_fast@v5.2.0,1984,3.5238e+08,5634081792
NVIDIA RTX PRO 6000 Blackwell Workstation Edition,dna_r10.4.1_e8.2_400bps_fast@v5.2.0,2048,3.59369e+08,5783474688
NVIDIA RTX PRO 6000 Blackwell Workstation Edition,dna_r10.4.1_e8.2_400bps_fast@v5.2.0,2112,3.62239e+08,5930418688
NVIDIA RTX PRO 6000 Blackwell Workstation Edition,dna_r10.4.1_e8.2_400bps_fast@v5.2.0,2176,3.64583e+08,6075765248
NVIDIA RTX PRO 6000 Blackwell Workstation Edition,dna_r10.4.1_e8.2_400bps_fast@v5.2.0,2240,3.70593e+08,6223465472
NVIDIA RTX PRO 6000 Blackwell Workstation Edition,dna_r10.4.1_e8.2_400bps_fast@v5.2.0,2304,3.5867e+08,6369237504
NVIDIA RTX PRO 6000 Blackwell Workstation Edition,dna_r10.4.1_e8.2_400bps_fast@v5.2.0,2368,3.63758e+08,6517493248
NVIDIA RTX PRO 6000 Blackwell Workstation Edition,dna_r10.4.1_e8.2_400bps_fast@v5.2.0,2432,3.69008e+08,6666394112
NVIDIA RTX PRO 6000 Blackwell Workstation Edition,dna_r10.4.1_e8.2_400bps_fast@v5.2.0,2496,3.67912e+08,6809003520
NVIDIA RTX PRO 6000 Blackwell Workstation Edition,dna_r10.4.1_e8.2_400bps_fast@v5.2.0,2560,3.723e+08,6958621184
NVIDIA RTX PRO 6000 Blackwell Workstation Edition,dna_r10.4.1_e8.2_400bps_fast@v5.2.0,2624,3.74466e+08,7106491904
NVIDIA RTX PRO 6000 Blackwell Workstation Edition,dna_r10.4.1_e8.2_400bps_fast@v5.2.0,2688,3.80607e+08,7251118592
NVIDIA RTX PRO 6000 Blackwell Workstation Edition,dna_r10.4.1_e8.2_400bps_fast@v5.2.0,2752,3.84372e+08,7402509824
NVIDIA RTX PRO 6000 Blackwell Workstation Edition,dna_r10.4.1_e8.2_400bps_fast@v5.2.0,2816,3.87519e+08,7545119232
NVIDIA RTX PRO 6000 Blackwell Workstation Edition,dna_r10.4.1_e8.2_400bps_fast@v5.2.0,2880,3.85462e+08,7694349824
NVIDIA RTX PRO 6000 Blackwell Workstation Edition,dna_r10.4.1_e8.2_400bps_fast@v5.2.0,2944,3.86698e+08,7841648640
NVIDIA RTX PRO 6000 Blackwell Workstation Edition,dna_r10.4.1_e8.2_400bps_fast@v5.2.0,3008,3.89777e+08,7988336128
NVIDIA RTX PRO 6000 Blackwell Workstation Edition,dna_r10.4.1_e8.2_400bps_fast@v5.2.0,3072,3.74841e+08,8133681664
NVIDIA RTX PRO 6000 Blackwell Workstation Edition,dna_r10.4.1_e8.2_400bps_fast@v5.2.0,3136,3.75633e+08,8279028224
NVIDIA RTX PRO 6000 Blackwell Workstation Edition,dna_r10.4.1_e8.2_400bps_fast@v5.2.0,3200,3.77488e+08,8428404736
NVIDIA RTX PRO 6000 Blackwell Workstation Edition,dna_r10.4.1_e8.2_400bps_fast@v5.2.0,3264,3.84121e+08,8577732608
NVIDIA RTX PRO 6000 Blackwell Workstation Edition,dna_r10.4.1_e8.2_400bps_fast@v5.2.0,3328,3.85047e+08,8721646080
NVIDIA RTX PRO 6000 Blackwell Workstation Edition,dna_r10.4.1_e8.2_400bps_fast@v5.2.0,3392,3.76113e+08,8868802048
NVIDIA RTX PRO 6000 Blackwell Workstation Edition,dna_r10.4.1_e8.2_400bps_fast@v5.2.0,3456,3.79875e+08,9012051456
NVIDIA RTX PRO 6000 Blackwell Workstation Edition,dna_r10.4.1_e8.2_400bps_fast@v5.2.0,3520,3.79843e+08,9161995264
NVIDIA RTX PRO 6000 Blackwell Workstation Edition,dna_r10.4.1_e8.2_400bps_fast@v5.2.0,3584,3.79492e+08,9311787520
NVIDIA RTX PRO 6000 Blackwell Workstation Edition,dna_r10.4.1_e8.2_400bps_fast@v5.2.0,3648,3.85748e+08,9457761792
NVIDIA RTX PRO 6000 Blackwell Workstation Edition,dna_r10.4.1_e8.2_400bps_fast@v5.2.0,3712,3.85382e+08,9604565504
NVIDIA RTX PRO 6000 Blackwell Workstation Edition,dna_r10.4.1_e8.2_400bps_fast@v5.2.0,3776,3.84726e+08,9747187712
NVIDIA RTX PRO 6000 Blackwell Workstation Edition,dna_r10.4.1_e8.2_400bps_fast@v5.2.0,3840,3.83259e+08,9897150976
NVIDIA RTX PRO 6000 Blackwell Workstation Edition,dna_r10.4.1_e8.2_400bps_fast@v5.2.0,3904,3.8168e+08,10045021696
NVIDIA RTX PRO 6000 Blackwell Workstation Edition,dna_r10.4.1_e8.2_400bps_fast@v5.2.0,3968,3.73165e+08,10191599104
NVIDIA RTX PRO 6000 Blackwell Workstation Edition,dna_r10.4.1_e8.2_400bps_fast@v5.2.0,4032,3.78756e+08,10338584064
NVIDIA RTX PRO 6000 Blackwell Workstation Edition,dna_r10.4.1_e8.2_400bps_fast@v5.2.0,4096,3.76187e+08,10487534080
NVIDIA RTX PRO 6000 Blackwell Workstation Edition,dna_r10.4.1_e8.2_400bps_fast@v5.2.0,4160,3.71744e+08,10630570496
NVIDIA RTX PRO 6000 Blackwell Workstation Edition,dna_r10.4.1_e8.2_400bps_fast@v5.2.0,4224,3.7933e+08,10780178432
NVIDIA RTX PRO 6000 Blackwell Workstation Edition,dna_r10.4.1_e8.2_400bps_fast@v5.2.0,4288,3.77311e+08,10924622336
NVIDIA RTX PRO 6000 Blackwell Workstation Edition,dna_r10.4.1_e8.2_400bps_fast@v5.2.0,4352,3.79312e+08,11072065024
NVIDIA RTX PRO 6000 Blackwell Workstation Edition,dna_r10.4.1_e8.2_400bps_fast@v5.2.0,4416,3.79242e+08,11223600640
NVIDIA RTX PRO 6000 Blackwell Workstation Edition,dna_r10.4.1_e8.2_400bps_fast@v5.2.0,4480,3.84403e+08,11368307200
NVIDIA RTX PRO 6000 Blackwell Workstation Edition,dna_r10.4.1_e8.2_400bps_fast@v5.2.0,4544,3.71912e+08,11515110912
NVIDIA RTX PRO 6000 Blackwell Workstation Edition,dna_r10.4.1_e8.2_400bps_fast@v5.2.0,4608,3.69411e+08,11659817472
NVIDIA RTX PRO 6000 Blackwell Workstation Edition,dna_r10.4.1_e8.2_400bps_fast@v5.2.0,4672,3.72668e+08,11809282560
NVIDIA RTX PRO 6000 Blackwell Workstation Edition,dna_r10.4.1_e8.2_400bps_fast@v5.2.0,4736,3.78897e+08,11956726272
NVIDIA RTX PRO 6000 Blackwell Workstation Edition,dna_r10.4.1_e8.2_400bps_fast@v5.2.0,4800,3.75102e+08,12102072832
NVIDIA RTX PRO 6000 Blackwell Workstation Edition,dna_r10.4.1_e8.2_400bps_fast@v5.2.0,4864,3.79539e+08,12251226624
NVIDIA RTX PRO 6000 Blackwell Workstation Edition,dna_r10.4.1_e8.2_400bps_fast@v5.2.0,4928,3.75613e+08,12395933184
NVIDIA RTX PRO 6000 Blackwell Workstation Edition,dna_r10.4.1_e8.2_400bps_fast@v5.2.0,4992,3.79835e+08,12542736896
NVIDIA RTX PRO 6000 Blackwell Workstation Edition,dna_r10.4.1_e8.2_400bps_fast@v5.2.0,5056,3.84152e+08,12691846656
NVIDIA RTX PRO 6000 Blackwell Workstation Edition,dna_r10.4.1_e8.2_400bps_fast@v5.2.0,5120,3.78206e+08,12835095040
NVIDIA RTX PRO 6000 Blackwell Workstation Edition,dna_r10.4.1_e8.2_400bps_fast@v5.2.0,5184,3.744e+08,12984635904
NVIDIA RTX PRO 6000 Blackwell Workstation Edition,dna_r10.4.1_e8.2_400bps_fast@v5.2.0,5248,3.75635e+08,13134146048
NVIDIA RTX PRO 6000 Blackwell Workstation Edition,dna_r10.4.1_e8.2_400bps_fast@v5.2.0,5312,3.81719e+08,13278852608
NVIDIA RTX PRO 6000 Blackwell Workstation Edition,dna_r10.4.1_e8.2_400bps_fast@v5.2.0,5376,3.76446e+08,13425656320
NVIDIA RTX PRO 6000 Blackwell Workstation Edition,dna_r10.4.1_e8.2_400bps_fast@v5.2.0,5440,3.80834e+08,13570362880
NVIDIA RTX PRO 6000 Blackwell Workstation Edition,dna_r10.4.1_e8.2_400bps_fast@v5.2.0,5504,3.8603e+08,13719756288
NVIDIA RTX PRO 6000 Blackwell Workstation Edition,dna_r10.4.1_e8.2_400bps_fast@v5.2.0,5568,3.7682e+08,13867200000
NVIDIA RTX PRO 6000 Blackwell Workstation Edition,dna_r10.4.1_e8.2_400bps_fast@v5.2.0,5632,3.8356e+08,14012545536
NVIDIA RTX PRO 6000 Blackwell Workstation Edition,dna_r10.4.1_e8.2_400bps_fast@v5.2.0,5696,3.88098e+08,14161772032
NVIDIA RTX PRO 6000 Blackwell Workstation Edition,dna_r10.4.1_e8.2_400bps_fast@v5.2.0,5760,3.80945e+08,14306478592
NVIDIA RTX PRO 6000 Blackwell Workstation Edition,dna_r10.4.1_e8.2_400bps_fast@v5.2.0,5824,3.8389e+08,14453282304
NVIDIA RTX PRO 6000 Blackwell Workstation Edition,dna_r10.4.1_e8.2_400bps_fast@v5.2.0,5888,3.89925e+08,14606377472
NVIDIA RTX PRO 6000 Blackwell Workstation Edition,dna_r10.4.1_e8.2_400bps_fast@v5.2.0,5952,3.81557e+08,14748986880
NVIDIA RTX PRO 6000 Blackwell Workstation Edition,dna_r10.4.1_e8.2_400bps_fast@v5.2.0,6016,3.86524e+08,14899984896
NVIDIA RTX PRO 6000 Blackwell Workstation Edition,dna_r10.4.1_e8.2_400bps_fast@v5.2.0,6080,3.7702e+08,15040497152
NVIDIA RTX PRO 6000 Blackwell Workstation Edition,dna_r10.4.1_e8.2_400bps_fast@v5.2.0,6144,3.81241e+08,15189398016
NVIDIA RTX PRO 6000 Blackwell Workstation Edition,dna_r10.4.1_e8.2_400bps_fast@v5.2.0,6208,3.84739e+08,15336201728
NVIDIA RTX PRO 6000 Blackwell Workstation Edition,dna_r10.4.1_e8.2_400bps_fast@v5.2.0,6272,3.89459e+08,15480908288
NVIDIA RTX PRO 6000 Blackwell Workstation Edition,dna_r10.4.1_e8.2_400bps_fast@v5.2.0,6336,3.80667e+08,15634003456
NVIDIA RTX PRO 6000 Blackwell Workstation Edition,dna_r10.4.1_e8.2_400bps_fast@v5.2.0,6400,3.85522e+08,15780807168
NVIDIA RTX PRO 6000 Blackwell Workstation Edition,dna_r10.4.1_e8.2_400bps_fast@v5.2.0,6464,3.88991e+08,15925513728
NVIDIA RTX PRO 6000 Blackwell Workstation Edition,dna_r10.4.1_e8.2_400bps_fast@v5.2.0,6528,3.8065e+08,16072317440
NVIDIA RTX PRO 6000 Blackwell Workstation Edition,dna_r10.4.1_e8.2_400bps_fast@v5.2.0,6592,3.83801e+08,16217024000
NVIDIA RTX PRO 6000 Blackwell Workstation Edition,dna_r10.4.1_e8.2_400bps_fast@v5.2.0,6656,3.87927e+08,16365924864
NVIDIA RTX PRO 6000 Blackwell Workstation Edition,dna_r10.4.1_e8.2_400bps_fast@v5.2.0,6720,3.91107e+08,16516922880
NVIDIA RTX PRO 6000 Blackwell Workstation Edition,dna_r10.4.1_e8.2_400bps_fast@v5.2.0,6784,3.80989e+08,16659532288
NVIDIA RTX PRO 6000 Blackwell Workstation Edition,dna_r10.4.1_e8.2_400bps_fast@v5.2.0,6848,3.8477e+08,16808433152
NVIDIA RTX PRO 6000 Blackwell Workstation Edition,dna_r10.4.1_e8.2_400bps_fast@v5.2.0,6912,3.74706e+08,16951042560
NVIDIA RTX PRO 6000 Blackwell Workstation Edition,dna_r10.4.1_e8.2_400bps_fast@v5.2.0,6976,3.78996e+08,17102040576
NVIDIA RTX PRO 6000 Blackwell Workstation Edition,dna_r10.4.1_e8.2_400bps_fast@v5.2.0,7040,3.82526e+08,17246747136
NVIDIA RTX PRO 6000 Blackwell Workstation Edition,dna_r10.4.1_e8.2_400bps_fast@v5.2.0,7104,3.86045e+08,17391453696
NVIDIA RTX PRO 6000 Blackwell Workstation Edition,dna_r10.4.1_e8.2_400bps_fast@v5.2.0,7168,3.88687e+08,17542451712
NVIDIA RTX PRO 6000 Blackwell Workstation Edition,dna_r10.4.1_e8.2_400bps_fast@v5.2.0,7232,3.79339e+08,17687158272
NVIDIA RTX PRO 6000 Blackwell Workstation Edition,dna_r10.4.1_e8.2_400bps_fast@v5.2.0,7296,3.82974e+08,17838156288
NVIDIA RTX PRO 6000 Blackwell Workstation Edition,dna_r10.4.1_e8.2_400bps_fast@v5.2.0,7360,3.85968e+08,17982862848
NVIDIA RTX PRO 6000 Blackwell Workstation Edition,dna_r10.4.1_e8.2_400bps_fast@v5.2.0,7424,3.88851e+08,18127569408
NVIDIA RTX PRO 6000 Blackwell Workstation Edition,dna_r10.4.1_e8.2_400bps_fast@v5.2.0,7488,3.79106e+08,18274373120
NVIDIA RTX PRO 6000 Blackwell Workstation Edition,dna_r10.4.1_e8.2_400bps_fast@v5.2.0,7552,3.79909e+08,18421176832
NVIDIA RTX PRO 6000 Blackwell Workstation Edition,dna_r10.4.1_e8.2_400bps_fast@v5.2.0,7616,3.83877e+08,18572174848
NVIDIA RTX PRO 6000 Blackwell Workstation Edition,dna_r10.4.1_e8.2_400bps_fast@v5.2.0,7680,3.86975e+08,18721075712
NVIDIA RTX PRO 6000 Blackwell Workstation Edition,dna_r10.4.1_e8.2_400bps_fast@v5.2.0,7744,3.75893e+08,18861587968
NVIDIA RTX PRO 6000 Blackwell Workstation Edition,dna_r10.4.1_e8.2_400bps_fast@v5.2.0,7808,3.75703e+08,19010488832
NVIDIA RTX PRO 6000 Blackwell Workstation Edition,dna_r10.4.1_e8.2_400bps_fast@v5.2.0,7872,3.81258e+08,19159389696
NVIDIA RTX PRO 6000 Blackwell Workstation Edition,dna_r10.4.1_e8.2_400bps_fast@v5.2.0,7936,3.83929e+08,19304096256
NVIDIA RTX PRO 6000 Blackwell Workstation Edition,dna_r10.4.1_e8.2_400bps_fast@v5.2.0,8000,3.7266e+08,19455094272
NVIDIA RTX PRO 6000 Blackwell Workstation Edition,dna_r10.4.1_e8.2_400bps_fast@v5.2.0,8064,3.75406e+08,19597703680
NVIDIA RTX PRO 6000 Blackwell Workstation Edition,dna_r10.4.1_e8.2_400bps_fast@v5.2.0,8128,3.78604e+08,19744507392
NVIDIA RTX PRO 6000 Blackwell Workstation Edition,dna_r10.4.1_e8.2_400bps_fast@v5.2.0,8192,3.80614e+08,19895505408
NVIDIA RTX PRO 6000 Blackwell Workstation Edition,dna_r10.4.1_e8.2_400bps_fast@v5.2.0,8256,3.83814e+08,20040211968
NVIDIA RTX PRO 6000 Blackwell Workstation Edition,dna_r10.4.1_e8.2_400bps_fast@v5.2.0,8320,3.71175e+08,20153461248
NVIDIA RTX PRO 6000 Blackwell Workstation Edition,dna_r10.4.1_e8.2_400bps_fast@v5.2.0,8384,3.73708e+08,20262516224
NVIDIA RTX PRO 6000 Blackwell Workstation Edition,dna_r10.4.1_e8.2_400bps_fast@v5.2.0,8448,3.76937e+08,20379959808
NVIDIA RTX PRO 6000 Blackwell Workstation Edition,dna_r10.4.1_e8.2_400bps_fast@v5.2.0,8512,3.79265e+08,20497403392
NVIDIA RTX PRO 6000 Blackwell Workstation Edition,dna_r10.4.1_e8.2_400bps_fast@v5.2.0,8576,3.81835e+08,20606458368
NVIDIA RTX PRO 6000 Blackwell Workstation Edition,dna_r10.4.1_e8.2_400bps_fast@v5.2.0,8640,3.84184e+08,20721804800
NVIDIA RTX PRO 6000 Blackwell Workstation Edition,dna_r10.4.1_e8.2_400bps_fast@v5.2.0,8704,3.86193e+08,20828762624
NVIDIA RTX PRO 6000 Blackwell Workstation Edition,dna_r10.4.1_e8.2_400bps_fast@v5.2.0,8768,3.73856e+08,20944109056
NVIDIA RTX PRO 6000 Blackwell Workstation Edition,dna_r10.4.1_e8.2_400bps_fast@v5.2.0,8832,3.76789e+08,21063649792
NVIDIA RTX PRO 6000 Blackwell Workstation Edition,dna_r10.4.1_e8.2_400bps_fast@v5.2.0,8896,3.77459e+08,21174801920
NVIDIA RTX PRO 6000 Blackwell Workstation Edition,dna_r10.4.1_e8.2_400bps_fast@v5.2.0,8960,3.81744e+08,21288051200
NVIDIA RTX PRO 6000 Blackwell Workstation Edition,dna_r10.4.1_e8.2_400bps_fast@v5.2.0,9024,3.83513e+08,21403397632
NVIDIA RTX PRO 6000 Blackwell Workstation Edition,dna_r10.4.1_e8.2_400bps_fast@v5.2.0,9088,3.69205e+08,21510355456
NVIDIA RTX PRO 6000 Blackwell Workstation Edition,dna_r10.4.1_e8.2_400bps_fast@v5.2.0,9152,3.51655e+08,21627799040
NVIDIA RTX PRO 6000 Blackwell Workstation Edition,dna_r10.4.1_e8.2_400bps_fast@v5.2.0,9216,3.73918e+08,21738951168
NVIDIA RTX PRO 6000 Blackwell Workstation Edition,dna_r10.4.1_e8.2_400bps_fast@v5.2.0,9280,3.76271e+08,21856394752
NVIDIA RTX PRO 6000 Blackwell Workstation Edition,dna_r10.4.1_e8.2_400bps_fast@v5.2.0,9344,3.79508e+08,21971741184
NVIDIA RTX PRO 6000 Blackwell Workstation Edition,dna_r10.4.1_e8.2_400bps_fast@v5.2.0,9408,3.82175e+08,22078699008
NVIDIA RTX PRO 6000 Blackwell Workstation Edition,dna_r10.4.1_e8.2_400bps_fast@v5.2.0,9472,3.83817e+08,22196142592
NVIDIA RTX PRO 6000 Blackwell Workstation Edition,dna_r10.4.1_e8.2_400bps_fast@v5.2.0,9536,3.86183e+08,22305197568
NVIDIA RTX PRO 6000 Blackwell Workstation Edition,dna_r10.4.1_e8.2_400bps_fast@v5.2.0,9600,3.88916e+08,22420544000
NVIDIA RTX PRO 6000 Blackwell Workstation Edition,dna_r10.4.1_e8.2_400bps_fast@v5.2.0,9664,3.73876e+08,22537987584
NVIDIA RTX PRO 6000 Blackwell Workstation Edition,dna_r10.4.1_e8.2_400bps_fast@v5.2.0,9728,3.75937e+08,22844174848
NVIDIA RTX PRO 6000 Blackwell Workstation Edition,dna_r10.4.1_e8.2_400bps_fast@v5.2.0,9792,3.77277e+08,22762388992
NVIDIA RTX PRO 6000 Blackwell Workstation Edition,dna_r10.4.1_e8.2_400bps_fast@v5.2.0,9856,3.7981e+08,22873541120
NVIDIA RTX PRO 6000 Blackwell Workstation Edition,dna_r10.4.1_e8.2_400bps_fast@v5.2.0,9920,3.82913e+08,22986790400
NVIDIA RTX PRO 6000 Blackwell Workstation Edition,dna_r10.4.1_e8.2_400bps_fast@v5.2.0,9984,3.80274e+08,23102136832
NVIDIA RTX PRO 6000 Blackwell Workstation Edition,dna_r10.4.1_e8.2_400bps_fast@v5.2.0,10048,3.82239e+08,23211191808
NVIDIA RTX PRO 6000 Blackwell Workstation Edition,dna_r10.4.1_e8.2_400bps_fast@v5.2.0,10112,3.79066e+08,23330732544
NVIDIA RTX PRO 6000 Blackwell Workstation Edition,dna_r10.4.1_e8.2_400bps_fast@v5.2.0,10176,3.60347e+08,23651599872
NVIDIA RTX PRO 6000 Blackwell Workstation Edition,dna_r10.4.1_e8.2_400bps_fast@v5.2.0,10240,3.32205e+08,23555133952
NVIDIA RTX PRO 6000 Blackwell Workstation Edition,dna_r10.4.1_e8.2_400bps_hac@v5.2.0,64,1.2243e+07,419198464
NVIDIA RTX PRO 6000 Blackwell Workstation Edition,dna_r10.4.1_e8.2_400bps_hac@v5.2.0,128,2.22619e+07,810380288
NVIDIA RTX PRO 6000 Blackwell Workstation Edition,dna_r10.4.1_e8.2_400bps_hac@v5.2.0,192,3.28339e+07,1200685056
NVIDIA RTX PRO 6000 Blackwell Workstation Edition,dna_r10.4.1_e8.2_400bps_hac@v5.2.0,256,4.27398e+07,1587386880
NVIDIA RTX PRO 6000 Blackwell Workstation Edition,dna_r10.4.1_e8.2_400bps_hac@v5.2.0,320,5.16349e+07,1979941376
NVIDIA RTX PRO 6000 Blackwell Workstation Edition,dna_r10.4.1_e8.2_400bps_hac@v5.2.0,384,6.10865e+07,2371438080
NVIDIA RTX PRO 6000 Blackwell Workstation Edition,dna_r10.4.1_e8.2_400bps_hac@v5.2.0,448,6.93925e+07,2757885440
NVIDIA RTX PRO 6000 Blackwell Workstation Edition,dna_r10.4.1_e8.2_400bps_hac@v5.2.0,512,7.82579e+07,3147064320
NVIDIA RTX PRO 6000 Blackwell Workstation Edition,dna_r10.4.1_e8.2_400bps_hac@v5.2.0,576,7.77972e+07,3540876800
NVIDIA RTX PRO 6000 Blackwell Workstation Edition,dna_r10.4.1_e8.2_400bps_hac@v5.2.0,640,8.50289e+07,3952508416
NVIDIA RTX PRO 6000 Blackwell Workstation Edition,dna_r10.4.1_e8.2_400bps_hac@v5.2.0,704,9.14694e+07,4322081792
NVIDIA RTX PRO 6000 Blackwell Workstation Edition,dna_r10.4.1_e8.2_400bps_hac@v5.2.0,768,9.50063e+07,4710370304
NVIDIA RTX PRO 6000 Blackwell Workstation Edition,dna_r10.4.1_e8.2_400bps_hac@v5.2.0,832,1.01356e+08,5123909632
NVIDIA RTX PRO 6000 Blackwell Workstation Edition,dna_r10.4.1_e8.2_400bps_hac@v5.2.0,896,1.09009e+08,5498563072
NVIDIA RTX PRO 6000 Blackwell Workstation Edition,dna_r10.4.1_e8.2_400bps_hac@v5.2.0,960,1.13758e+08,5912335872
NVIDIA RTX PRO 6000 Blackwell Workstation Edition,dna_r10.4.1_e8.2_400bps_hac@v5.2.0,1024,9.07439e+07,6307520000
NVIDIA RTX PRO 6000 Blackwell Workstation Edition,dna_r10.4.1_e8.2_400bps_hac@v5.2.0,1088,9.24458e+07,6698251776
NVIDIA RTX PRO 6000 Blackwell Workstation Edition,dna_r10.4.1_e8.2_400bps_hac@v5.2.0,1152,9.55689e+07,7072739328
NVIDIA RTX PRO 6000 Blackwell Workstation Edition,dna_r10.4.1_e8.2_400bps_hac@v5.2.0,1216,9.95975e+07,7472866304
NVIDIA RTX PRO 6000 Blackwell Workstation Edition,dna_r10.4.1_e8.2_400bps_hac@v5.2.0,1280,1.03562e+08,7862782976
NVIDIA RTX PRO 6000 Blackwell Workstation Edition,dna_r10.4.1_e8.2_400bps_hac@v5.2.0,1344,1.08766e+08,8247482880
NVIDIA RTX PRO 6000 Blackwell Workstation Edition,dna_r10.4.1_e8.2_400bps_hac@v5.2.0,1408,1.12527e+08,8623844864
NVIDIA RTX PRO 6000 Blackwell Workstation Edition,dna_r10.4.1_e8.2_400bps_hac@v5.2.0,1472,1.15968e+08,9054723584
NVIDIA RTX PRO 6000 Blackwell Workstation Edition,dna_r10.4.1_e8.2_400bps_hac@v5.2.0,1536,1.19212e+08,9425638400
NVIDIA RTX PRO 6000 Blackwell Workstation Edition,dna_r10.4.1_e8.2_400bps_hac@v5.2.0,1600,1.15695e+08,9818906624
NVIDIA RTX PRO 6000 Blackwell Workstation Edition,dna_r10.4.1_e8.2_400bps_hac@v5.2.0,1664,1.23044e+08,10227640320
NVIDIA RTX PRO 6000 Blackwell Workstation Edition,dna_r10.4.1_e8.2_400bps_hac@v5.2.0,1728,1.25809e+08,10607210496
NVIDIA RTX PRO 6000 Blackwell Workstation Edition,dna_r10.4.1_e8.2_400bps_hac@v5.2.0,1792,1.28717e+08,11005952512
NVIDIA RTX PRO 6000 Blackwell Workstation Edition,dna_r10.4.1_e8.2_400bps_hac@v5.2.0,1856,1.31621e+08,11386115584
NVIDIA RTX PRO 6000 Blackwell Workstation Edition,dna_r10.4.1_e8.2_400bps_hac@v5.2.0,1920,1.34069e+08,11772062720
NVIDIA RTX PRO 6000 Blackwell Workstation Edition,dna_r10.4.1_e8.2_400bps_hac@v5.2.0,1984,1.36686e+08,12160689152
NVIDIA RTX PRO 6000 Blackwell Workstation Edition,dna_r10.4.1_e8.2_400bps_hac@v5.2.0,2048,1.18263e+08,12560328704
NVIDIA RTX PRO 6000 Blackwell Workstation Edition,dna_r10.4.1_e8.2_400bps_hac@v5.2.0,2112,1.18355e+08,12963452416
NVIDIA RTX PRO 6000 Blackwell Workstation Edition,dna_r10.4.1_e8.2_400bps_hac@v5.2.0,2176,1.19737e+08,13334349824
NVIDIA RTX PRO 6000 Blackwell Workstation Edition,dna_r10.4.1_e8.2_400bps_hac@v5.2.0,2240,1.21025e+08,13727597568
NVIDIA RTX PRO 6000 Blackwell Workstation Edition,dna_r10.4.1_e8.2_400bps_hac@v5.2.0,2304,1.243e+08,14114543104
NVIDIA RTX PRO 6000 Blackwell Workstation Edition,dna_r10.4.1_e8.2_400bps_hac@v5.2.0,2368,1.27841e+08,14528129536
NVIDIA RTX PRO 6000 Blackwell Workstation Edition,dna_r10.4.1_e8.2_400bps_hac@v5.2.0,2432,1.33624e+08,14908498944
NVIDIA RTX PRO 6000 Blackwell Workstation Edition,dna_r10.4.1_e8.2_400bps_hac@v5.2.0,2496,1.27334e+08,15238990336
NVIDIA RTX PRO 6000 Blackwell Workstation Edition,dna_r10.4.1_e8.2_400bps_hac@v5.2.0,2560,1.37674e+08,15684047360
NVIDIA RTX PRO 6000 Blackwell Workstation Edition,dna_r10.4.1_e8.2_400bps_hac@v5.2.0,2624,1.33693e+08,16076582912
NVIDIA RTX PRO 6000 Blackwell Workstation Edition,dna_r10.4.1_e8.2_400bps_hac@v5.2.0,2688,1.44628e+08,16469150720
NVIDIA RTX PRO 6000 Blackwell Workstation Edition,dna_r10.4.1_e8.2_400bps_hac@v5.2.0,2752,1.40081e+08,16862664192
NVIDIA RTX PRO 6000 Blackwell Workstation Edition,dna_r10.4.1_e8.2_400bps_hac@v5.2.0,2816,1.51211e+08,17256299008
NVIDIA RTX PRO 6000 Blackwell Workstation Edition,dna_r10.4.1_e8.2_400bps_hac@v5.2.0,2880,1.4374e+08,17638759936
NVIDIA RTX PRO 6000 Blackwell Workstation Edition,dna_r10.4.1_e8.2_400bps_hac@v5.2.0,2944,1.55488e+08,18033905664
NVIDIA RTX PRO 6000 Blackwell Workstation Edition,dna_r10.4.1_e8.2_400bps_hac@v5.2.0,3008,1.47063e+08,18429753856
NVIDIA RTX PRO 6000 Blackwell Workstation Edition,dna_r10.4.1_e8.2_400bps_hac@v5.2.0,3072,1.58206e+08,18819667968
NVIDIA RTX PRO 6000 Blackwell Workstation Edition,dna_r10.4.1_e8.2_400bps_hac@v5.2.0,3136,1.5321e+08,19206360064
NVIDIA RTX PRO 6000 Blackwell Workstation Edition,dna_r10.4.1_e8.2_400bps_hac@v5.2.0,3200,1.62603e+08,19598576128
NVIDIA RTX PRO 6000 Blackwell Workstation Edition,dna_r10.4.1_e8.2_400bps_hac@v5.2.0,3264,1.56113e+08,19989570048
NVIDIA RTX PRO 6000 Blackwell Workstation Edition,dna_r10.4.1_e8.2_400bps_hac@v5.2.0,3328,1.65379e+08,20379463680
NVIDIA RTX PRO 6000 Blackwell Workstation Edition,dna_r10.4.1_e8.2_400bps_hac@v5.2.0,3392,1.61993e+08,20781341696
NVIDIA RTX PRO 6000 Blackwell Workstation Edition,dna_r10.4.1_e8.2_400bps_hac@v5.2.0,3456,1.68592e+08,21166257664
NVIDIA RTX PRO 6000 Blackwell Workstation Edition,dna_r10.4.1_e8.2_400bps_hac@v5.2.0,3520,1.64735e+08,21571618304
NVIDIA RTX PRO 6000 Blackwell Workstation Edition,dna_r10.4.1_e8.2_400bps_hac@v5.2.0,3584,1.73913e+08,21958551040
NVIDIA RTX PRO 6000 Blackwell Workstation Edition,dna_r10.4.1_e8.2_400bps_hac@v5.2.0,3648,1.66889e+08,22341862400
NVIDIA RTX PRO 6000 Blackwell Workstation Edition,dna_r10.4.1_e8.2_400bps_hac@v5.2.0,3712,1.77037e+08,22752644096
NVIDIA RTX PRO 6000 Blackwell Workstation Edition,dna_r10.4.1_e8.2_400bps_hac@v5.2.0,3776,1.69139e+08,23114665984
NVIDIA RTX PRO 6000 Blackwell Workstation Edition,dna_r10.4.1_e8.2_400bps_hac@v5.2.0,3840,1.78867e+08,23516817408
NVIDIA RTX PRO 6000 Blackwell Workstation Edition,dna_r10.4.1_e8.2_400bps_hac@v5.2.0,3904,1.707e+08,23899724288
NVIDIA RTX PRO 6000 Blackwell Workstation Edition,dna_r10.4.1_e8.2_400bps_hac@v5.2.0,3968,1.77561e+08,24293155840
NVIDIA RTX PRO 6000 Blackwell Workstation Edition,dna_r10.4.1_e8.2_400bps_hac@v5.2.0,4032,1.37105e+08,24686310400
NVIDIA RTX PRO 6000 Blackwell Workstation Edition,dna_r10.4.1_e8.2_400bps_hac@v5.2.0,4096,1.34069e+08,25081618944
NVIDIA RTX PRO 6000 Blackwell Workstation Edition,dna_r10.4.1_e8.2_400bps_hac@v5.2.0,4160,1.33378e+08,25473429504
NVIDIA RTX PRO 6000 Blackwell Workstation Edition,dna_r10.4.1_e8.2_400bps_hac@v5.2.0,4224,1.35339e+08,25859810816
NVIDIA RTX PRO 6000 Blackwell Workstation Edition,dna_r10.4.1_e8.2_400bps_hac@v5.2.0,4288,1.37293e+08,26250371584
NVIDIA RTX PRO 6000 Blackwell Workstation Edition,dna_r10.4.1_e8.2_400bps_hac@v5.2.0,4352,1.3879e+08,26665519616
NVIDIA RTX PRO 6000 Blackwell Workstation Edition,dna_r10.4.1_e8.2_400bps_hac@v5.2.0,4416,1.4131e+08,27057197568
NVIDIA RTX PRO 6000 Blackwell Workstation Edition,dna_r10.4.1_e8.2_400bps_hac@v5.2.0,4480,1.39088e+08,27433255936
NVIDIA RTX PRO 6000 Blackwell Workstation Edition,dna_r10.4.1_e8.2_400bps_hac@v5.2.0,4544,1.40944e+08,27817913856
NVIDIA RTX PRO 6000 Blackwell Workstation Edition,dna_r10.4.1_e8.2_400bps_hac@v5.2.0,4608,1.42224e+08,28203269632
NVIDIA RTX PRO 6000 Blackwell Workstation Edition,dna_r10.4.1_e8.2_400bps_hac@v5.2.0,4672,1.44781e+08,28610496512
NVIDIA RTX PRO 6000 Blackwell Workstation Edition,dna_r10.4.1_e8.2_400bps_hac@v5.2.0,4736,1.42365e+08,29006340608
NVIDIA RTX PRO 6000 Blackwell Workstation Edition,dna_r10.4.1_e8.2_400bps_hac@v5.2.0,4800,1.44151e+08,29387978240
NVIDIA RTX PRO 6000 Blackwell Workstation Edition,dna_r10.4.1_e8.2_400bps_hac@v5.2.0,4864,1.45564e+08,29781610496
NVIDIA RTX PRO 6000 Blackwell Workstation Edition,dna_r10.4.1_e8.2_400bps_hac@v5.2.0,4928,1.47729e+08,30163432448
NVIDIA RTX PRO 6000 Blackwell Workstation Edition,dna_r10.4.1_e8.2_400bps_hac@v5.2.0,4992,1.39682e+08,30549092352
NVIDIA RTX PRO 6000 Blackwell Workstation Edition,dna_r10.4.1_e8.2_400bps_hac@v5.2.0,5056,1.36967e+08,30956694528
NVIDIA RTX PRO 6000 Blackwell Workstation Edition,dna_r10.4.1_e8.2_400bps_hac@v5.2.0,5120,1.37159e+08,31340282880
NVIDIA RTX PRO 6000 Blackwell Workstation Edition,dna_r10.4.1_e8.2_400bps_hac@v5.2.0,5184,1.60274e+08,31730205184
NVIDIA RTX PRO 6000 Blackwell Workstation Edition,dna_r10.4.1_e8.2_400bps_hac@v5.2.0,5248,1.41788e+08,32127183360
NVIDIA RTX PRO 6000 Blackwell Workstation Edition,dna_r10.4.1_e8.2_400bps_hac@v5.2.0,5312,1.59084e+08,32507918336
NVIDIA RTX PRO 6000 Blackwell Workstation Edition,dna_r10.4.1_e8.2_400bps_hac@v5.2.0,5376,1.50109e+08,32915546624
NVIDIA RTX PRO 6000 Blackwell Workstation Edition,dna_r10.4.1_e8.2_400bps_hac@v5.2.0,5440,1.62811e+08,33299531264
NVIDIA RTX PRO 6000 Blackwell Workstation Edition,dna_r10.4.1_e8.2_400bps_hac@v5.2.0,5504,1.4325e+08,33690056704
NVIDIA RTX PRO 6000 Blackwell Workstation Edition,dna_r10.4.1_e8.2_400bps_hac@v5.2.0,5568,1.66061e+08,34114407424
NVIDIA RTX PRO 6000 Blackwell Workstation Edition,dna_r10.4.1_e8.2_400bps_hac@v5.2.0,5632,1.56335e+08,34477511680
NVIDIA RTX PRO 6000 Blackwell Workstation Edition,dna_r10.4.1_e8.2_400bps_hac@v5.2.0,5696,1.64734e+08,34870466560
NVIDIA RTX PRO 6000 Blackwell Workstation Edition,dna_r10.4.1_e8.2_400bps_hac@v5.2.0,5760,1.49542e+08,35251342336
NVIDIA RTX PRO 6000 Blackwell Workstation Edition,dna_r10.4.1_e8.2_400bps_hac@v5.2.0,5824,1.68075e+08,35640520192
NVIDIA RTX PRO 6000 Blackwell Workstation Edition,dna_r10.4.1_e8.2_400bps_hac@v5.2.0,5888,1.58044e+08,36036062720
NVIDIA RTX PRO 6000 Blackwell Workstation Edition,dna_r10.4.1_e8.2_400bps_hac@v5.2.0,5952,1.71628e+08,36462864384
NVIDIA RTX PRO 6000 Blackwell Workstation Edition,dna_r10.4.1_e8.2_400bps_hac@v5.2.0,6016,1.56088e+08,36831319040
NVIDIA RTX PRO 6000 Blackwell Workstation Edition,dna_r10.4.1_e8.2_400bps_hac@v5.2.0,6080,1.46163e+08,37210183168
NVIDIA RTX PRO 6000 Blackwell Workstation Edition,dna_r10.4.1_e8.2_400bps_hac@v5.2.0,6144,1.63418e+08,37608052736
NVIDIA RTX PRO 6000 Blackwell Workstation Edition,dna_r10.4.1_e8.2_400bps_hac@v5.2.0,6208,1.49001e+08,37986412032
NVIDIA RTX PRO 6000 Blackwell Workstation Edition,dna_r10.4.1_e8.2_400bps_hac@v5.2.0,6272,1.56721e+08,38370622976
NVIDIA RTX PRO 6000 Blackwell Workstation Edition,dna_r10.4.1_e8.2_400bps_hac@v5.2.0,6336,1.51694e+08,38781802496
NVIDIA RTX PRO 6000 Blackwell Workstation Edition,dna_r10.4.1_e8.2_400bps_hac@v5.2.0,6400,1.65484e+08,39171072000
NVIDIA RTX PRO 6000 Blackwell Workstation Edition,dna_r10.4.1_e8.2_400bps_hac@v5.2.0,6464,1.5499e+08,39595634176
NVIDIA RTX PRO 6000 Blackwell Workstation Edition,dna_r10.4.1_e8.2_400bps_hac@v5.2.0,6528,1.62708e+08,39945483264
NVIDIA RTX PRO 6000 Blackwell Workstation Edition,dna_r10.4.1_e8.2_400bps_hac@v5.2.0,6592,1.5777e+08,40350861824
NVIDIA RTX PRO 6000 Blackwell Workstation Edition,dna_r10.4.1_e8.2_400bps_hac@v5.2.0,6656,1.7088e+08,40737608192
NVIDIA RTX PRO 6000 Blackwell Workstation Edition,dna_r10.4.1_e8.2_400bps_hac@v5.2.0,6720,1.54551e+08,41129265152
NVIDIA RTX PRO 6000 Blackwell Workstation Edition,dna_r10.4.1_e8.2_400bps_hac@v5.2.0,6784,1.62372e+08,41513131008
NVIDIA RTX PRO 6000 Blackwell Workstation Edition,dna_r10.4.1_e8.2_400bps_hac@v5.2.0,6848,1.56586e+08,41901841408
NVIDIA RTX PRO 6000 Blackwell Workstation Edition,dna_r10.4.1_e8.2_400bps_hac@v5.2.0,6912,1.70973e+08,42292139008
NVIDIA RTX PRO 6000 Blackwell Workstation Edition,dna_r10.4.1_e8.2_400bps_hac@v5.2.0,6976,1.60256e+08,42689677824
NVIDIA RTX PRO 6000 Blackwell Workstation Edition,dna_r10.4.1_e8.2_400bps_hac@v5.2.0,7040,1.68114e+08,43079647744
NVIDIA RTX PRO 6000 Blackwell Workstation Edition,dna_r10.4.1_e8.2_400bps_hac@v5.2.0,7104,1.63122e+08,43487215104
NVIDIA RTX PRO 6000 Blackwell Workstation Edition,dna_r10.4.1_e8.2_400bps_hac@v5.2.0,7168,1.75754e+08,43861959680
NVIDIA RTX PRO 6000 Blackwell Workstation Edition,dna_r10.4.1_e8.2_400bps_hac@v5.2.0,7232,1.59081e+08,44262492160
NVIDIA RTX PRO 6000 Blackwell Workstation Edition,dna_r10.4.1_e8.2_400bps_hac@v5.2.0,7296,1.67234e+08,44650606592
NVIDIA RTX PRO 6000 Blackwell Workstation Edition,dna_r10.4.1_e8.2_400bps_hac@v5.2.0,7360,1.61707e+08,45040755712
NVIDIA RTX PRO 6000 Blackwell Workstation Edition,dna_r10.4.1_e8.2_400bps_hac@v5.2.0,7424,1.76347e+08,45422693888
NVIDIA RTX PRO 6000 Blackwell Workstation Edition,dna_r10.4.1_e8.2_400bps_hac@v5.2.0,7488,1.64592e+08,45810570752
NVIDIA RTX PRO 6000 Blackwell Workstation Edition,dna_r10.4.1_e8.2_400bps_hac@v5.2.0,7552,1.72647e+08,46207462400
NVIDIA RTX PRO 6000 Blackwell Workstation Edition,dna_r10.4.1_e8.2_400bps_hac@v5.2.0,7616,1.66762e+08,46601431552
NVIDIA RTX PRO 6000 Blackwell Workstation Edition,dna_r10.4.1_e8.2_400bps_hac@v5.2.0,7680,1.81286e+08,46999154176
NVIDIA RTX PRO 6000 Blackwell Workstation Edition,dna_r10.4.1_e8.2_400bps_hac@v5.2.0,7744,1.69605e+08,47401368064
NVIDIA RTX PRO 6000 Blackwell Workstation Edition,dna_r10.4.1_e8.2_400bps_hac@v5.2.0,7808,1.78261e+08,47785758720
NVIDIA RTX PRO 6000 Blackwell Workstation Edition,dna_r10.4.1_e8.2_400bps_hac@v5.2.0,7872,1.64858e+08,48174839296
NVIDIA RTX PRO 6000 Blackwell Workstation Edition,dna_r10.4.1_e8.2_400bps_hac@v5.2.0,7936,1.80381e+08,48558883328
NVIDIA RTX PRO 6000 Blackwell Workstation Edition,dna_r10.4.1_e8.2_400bps_hac@v5.2.0,8000,1.5212e+08,48952362496
NVIDIA RTX PRO 6000 Blackwell Workstation Edition,dna_r10.4.1_e8.2_400bps_hac@v5.2.0,8064,1.38052e+08,49335818752
NVIDIA RTX PRO 6000 Blackwell Workstation Edition,dna_r10.4.1_e8.2_400bps_hac@v5.2.0,8128,1.54141e+08,49775759360
NVIDIA RTX PRO 6000 Blackwell Workstation Edition,dna_r10.4.1_e8.2_400bps_hac@v5.2.0,8192,1.26975e+08,50127560704
NVIDIA RTX PRO 6000 Blackwell Workstation Edition,dna_r10.4.1_e8.2_400bps_hac@v5.2.0,8256,1.56598e+08,50512630272
NVIDIA RTX PRO 6000 Blackwell Workstation Edition,dna_r10.4.1_e8.2_400bps_hac@v5.2.0,8320,1.42147e+08,50899758592
NVIDIA RTX PRO 6000 Blackwell Workstation Edition,dna_r10.4.1_e8.2_400bps_hac@v5.2.0,8384,1.51412e+08,51284550656
NVIDIA RTX PRO 6000 Blackwell Workstation Edition,dna_r10.4.1_e8.2_400bps_hac@v5.2.0,8448,1.43643e+08,51679608320
NVIDIA RTX PRO 6000 Blackwell Workstation Edition,dna_r10.4.1_e8.2_400bps_hac@v5.2.0,8512,1.53548e+08,52088654336
NVIDIA RTX PRO 6000 Blackwell Workstation Edition,dna_r10.4.1_e8.2_400bps_hac@v5.2.0,8576,1.46265e+08,52470207488
NVIDIA RTX PRO 6000 Blackwell Workstation Edition,dna_r10.4.1_e8.2_400bps_hac@v5.2.0,8640,1.55513e+08,52860214272
NVIDIA RTX PRO 6000 Blackwell Workstation Edition,dna_r10.4.1_e8.2_400bps_hac@v5.2.0,8704,1.47074e+08,53244004864
NVIDIA RTX PRO 6000 Blackwell Workstation Edition,dna_r10.4.1_e8.2_400bps_hac@v5.2.0,8768,1.57858e+08,53632152576
NVIDIA RTX PRO 6000 Blackwell Workstation Edition,dna_r10.4.1_e8.2_400bps_hac@v5.2.0,8832,1.50324e+08,54111680512
NVIDIA RTX PRO 6000 Blackwell Workstation Edition,dna_r10.4.1_e8.2_400bps_hac@v5.2.0,8896,1.59928e+08,54493386752
NVIDIA RTX PRO 6000 Blackwell Workstation Edition,dna_r10.4.1_e8.2_400bps_hac@v5.2.0,8960,1.51335e+08,54852137472
NVIDIA RTX PRO 6000 Blackwell Workstation Edition,dna_r10.4.1_e8.2_400bps_hac@v5.2.0,9024,1.62055e+08,55244093440
NVIDIA RTX PRO 6000 Blackwell Workstation Edition,dna_r10.4.1_e8.2_400bps_hac@v5.2.0,9088,1.54361e+08,55608985088
NVIDIA RTX PRO 6000 Blackwell Workstation Edition,dna_r10.4.1_e8.2_400bps_hac@v5.2.0,9152,1.64159e+08,56010861056
NVIDIA RTX PRO 6000 Blackwell Workstation Edition,dna_r10.4.1_e8.2_400bps_hac@v5.2.0,9216,1.45855e+08,56380547072
NVIDIA RTX PRO 6000 Blackwell Workstation Edition,dna_r10.4.1_e8.2_400bps_hac@v5.2.0,9280,1.58066e+08,56773447680
NVIDIA RTX PRO 6000 Blackwell Workstation Edition,dna_r10.4.1_e8.2_400bps_hac@v5.2.0,9344,1.49362e+08,57159446528
NVIDIA RTX PRO 6000 Blackwell Workstation Edition,dna_r10.4.1_e8.2_400bps_hac@v5.2.0,9408,1.59748e+08,57555927552
NVIDIA RTX PRO 6000 Blackwell Workstation Edition,dna_r10.4.1_e8.2_400bps_hac@v5.2.0,9472,1.51399e+08,57962863104
NVIDIA RTX PRO 6000 Blackwell Workstation Edition,dna_r10.4.1_e8.2_400bps_hac@v5.2.0,9536,1.61786e+08,58342504960
NVIDIA RTX PRO 6000 Blackwell Workstation Edition,dna_r10.4.1_e8.2_400bps_hac@v5.2.0,9600,1.53728e+08,58731267072
NVIDIA RTX PRO 6000 Blackwell Workstation Edition,dna_r10.4.1_e8.2_400bps_hac@v5.2.0,9664,1.63999e+08,59126691328
NVIDIA RTX PRO 6000 Blackwell Workstation Edition,dna_r10.4.1_e8.2_400bps_hac@v5.2.0,9728,1.54469e+08,59510404096
NVIDIA RTX PRO 6000 Blackwell Workstation Edition,dna_r10.4.1_e8.2_400bps_hac@v5.2.0,9792,1.659e+08,59909016576
NVIDIA RTX PRO 6000 Blackwell Workstation Edition,dna_r10.4.1_e8.2_400bps_hac@v5.2.0,9856,1.57471e+08,60292604928
NVIDIA RTX PRO 6000 Blackwell Workstation Edition,dna_r10.4.1_e8.2_400bps_hac@v5.2.0,9920,1.68092e+08,60684877824
NVIDIA RTX PRO 6000 Blackwell Workstation Edition,dna_r10.4.1_e8.2_400bps_hac@v5.2.0,9984,1.59235e+08,61068800000
NVIDIA RTX PRO 6000 Blackwell Workstation Edition,dna_r10.4.1_e8.2_400bps_hac@v5.2.0,10048,1.51245e+08,61466072064
NVIDIA RTX PRO 6000 Blackwell Workstation Edition,dna_r10.4.1_e8.2_400bps_hac@v5.2.0,10112,1.61416e+08,61873916416
NVIDIA RTX PRO 6000 Blackwell Workstation Edition,dna_r10.4.1_e8.2_400bps_hac@v5.2.0,10176,1.50939e+08,62261878272
NVIDIA RTX PRO 6000 Blackwell Workstation Edition,dna_r10.4.1_e8.2_400bps_hac@v5.2.0,10240,1.59236e+08,62641338368
NVIDIA RTX PRO 6000 Blackwell Workstation Edition,dna_r10.4.1_e8.2_400bps_hac@v6.0.0,64,3.05644e+06,631426560
NVIDIA RTX PRO 6000 Blackwell Workstation Edition,dna_r10.4.1_e8.2_400bps_hac@v6.0.0,128,5.94531e+06,1227515904
NVIDIA RTX PRO 6000 Blackwell Workstation Edition,dna_r10.4.1_e8.2_400bps_hac@v6.0.0,192,8.91963e+06,1825287168
NVIDIA RTX PRO 6000 Blackwell Workstation Edition,dna_r10.4.1_e8.2_400bps_hac@v6.0.0,256,1.18711e+07,2421540864
NVIDIA RTX PRO 6000 Blackwell Workstation Edition,dna_r10.4.1_e8.2_400bps_hac@v6.0.0,320,1.44811e+07,3019761664
NVIDIA RTX PRO 6000 Blackwell Workstation Edition,dna_r10.4.1_e8.2_400bps_hac@v6.0.0,384,1.73615e+07,3613583360
NVIDIA RTX PRO 6000 Blackwell Workstation Edition,dna_r10.4.1_e8.2_400bps_hac@v6.0.0,448,2.01789e+07,4213036032
NVIDIA RTX PRO 6000 Blackwell Workstation Edition,dna_r10.4.1_e8.2_400bps_hac@v6.0.0,512,2.31125e+07,4813323264
NVIDIA RTX PRO 6000 Blackwell Workstation Edition,dna_r10.4.1_e8.2_400bps_hac@v6.0.0,576,2.52628e+07,5410594816
NVIDIA RTX PRO 6000 Blackwell Workstation Edition,dna_r10.4.1_e8.2_400bps_hac@v6.0.0,640,2.80917e+07,6004290048
NVIDIA RTX PRO 6000 Blackwell Workstation Edition,dna_r10.4.1_e8.2_400bps_hac@v6.0.0,704,3.08204e+07,6605629440
NVIDIA RTX PRO 6000 Blackwell Workstation Edition,dna_r10.4.1_e8.2_400bps_hac@v6.0.0,768,3.27397e+07,7199178752
NVIDIA RTX PRO 6000 Blackwell Workstation Edition,dna_r10.4.1_e8.2_400bps_hac@v6.0.0,832,3.5313e+07,7819637760
NVIDIA RTX PRO 6000 Blackwell Workstation Edition,dna_r10.4.1_e8.2_400bps_hac@v6.0.0,896,3.80665e+07,8416408576
NVIDIA RTX PRO 6000 Blackwell Workstation Edition,dna_r10.4.1_e8.2_400bps_hac@v6.0.0,960,4.08499e+07,8999563776
NVIDIA RTX PRO 6000 Blackwell Workstation Edition,dna_r10.4.1_e8.2_400bps_hac@v6.0.0,1024,4.21859e+07,9611738624
NVIDIA RTX PRO 6000 Blackwell Workstation Edition,dna_r10.4.1_e8.2_400bps_hac@v6.0.0,1088,4.49174e+07,10210290176
NVIDIA RTX PRO 6000 Blackwell Workstation Edition,dna_r10.4.1_e8.2_400bps_hac@v6.0.0,1152,4.75516e+07,10811611648
NVIDIA RTX PRO 6000 Blackwell Workstation Edition,dna_r10.4.1_e8.2_400bps_hac@v6.0.0,1216,4.87157e+07,11411431424
NVIDIA RTX PRO 6000 Blackwell Workstation Edition,dna_r10.4.1_e8.2_400bps_hac@v6.0.0,1280,5.11632e+07,12006559232
NVIDIA RTX PRO 6000 Blackwell Workstation Edition,dna_r10.4.1_e8.2_400bps_hac@v6.0.0,1344,5.8709e+07,12603511296
NVIDIA RTX PRO 6000 Blackwell Workstation Edition,dna_r10.4.1_e8.2_400bps_hac@v6.0.0,1408,5.1184e+07,13213683712
NVIDIA RTX PRO 6000 Blackwell Workstation Edition,dna_r10.4.1_e8.2_400bps_hac@v6.0.0,1472,3.39435e+07,13784836096
NVIDIA RTX PRO 6000 Blackwell Workstation Edition,dna_r10.4.1_e8.2_400bps_hac@v6.0.0,1536,6.49591e+07,14400497152
NVIDIA RTX PRO 6000 Blackwell Workstation Edition,dna_r10.4.1_e8.2_400bps_hac@v6.0.0,1600,3.6829e+07,14998109184
NVIDIA RTX PRO 6000 Blackwell Workstation Edition,dna_r10.4.1_e8.2_400bps_hac@v6.0.0,1664,5.72683e+07,15607468032
NVIDIA RTX PRO 6000 Blackwell Workstation Edition,dna_r10.4.1_e8.2_400bps_hac@v6.0.0,1728,7.1014e+07,16201923072
NVIDIA RTX PRO 6000 Blackwell Workstation Edition,dna_r10.4.1_e8.2_400bps_hac@v6.0.0,1792,6.27484e+07,16783832064
NVIDIA RTX PRO 6000 Blackwell Workstation Edition,dna_r10.4.1_e8.2_400bps_hac@v6.0.0,1856,4.25299e+07,17403159040
NVIDIA RTX PRO 6000 Blackwell Workstation Edition,dna_r10.4.1_e8.2_400bps_hac@v6.0.0,1920,7.39561e+07,18016863232
NVIDIA RTX PRO 6000 Blackwell Workstation Edition,dna_r10.4.1_e8.2_400bps_hac@v6.0.0,1984,4.30746e+07,18610924032
NVIDIA RTX PRO 6000 Blackwell Workstation Edition,dna_r10.4.1_e8.2_400bps_hac@v6.0.0,2048,6.86971e+07,19188284416
NVIDIA RTX PRO 6000 Blackwell Workstation Edition,dna_r10.4.1_e8.2_400bps_hac@v6.0.0,2112,4.58165e+07,19786820608
NVIDIA RTX PRO 6000 Blackwell Workstation Edition,dna_r10.4.1_e8.2_400bps_hac@v6.0.0,2176,7.05956e+07,20394269184
NVIDIA RTX PRO 6000 Blackwell Workstation Edition,dna_r10.4.1_e8.2_400bps_hac@v6.0.0,2240,4.86029e+07,20990837760
NVIDIA RTX PRO 6000 Blackwell Workstation Edition,dna_r10.4.1_e8.2_400bps_hac@v6.0.0,2304,7.20816e+07,21588243456
NVIDIA RTX PRO 6000 Blackwell Workstation Edition,dna_r10.4.1_e8.2_400bps_hac@v6.0.0,2368,4.8556e+07,22186213376
NVIDIA RTX PRO 6000 Blackwell Workstation Edition,dna_r10.4.1_e8.2_400bps_hac@v6.0.0,2432,7.60063e+07,22793550848
NVIDIA RTX PRO 6000 Blackwell Workstation Edition,dna_r10.4.1_e8.2_400bps_hac@v6.0.0,2496,5.11187e+07,23387924992
NVIDIA RTX PRO 6000 Blackwell Workstation Edition,dna_r10.4.1_e8.2_400bps_hac@v6.0.0,2560,7.67107e+07,23977641472
NVIDIA RTX PRO 6000 Blackwell Workstation Edition,dna_r10.4.1_e8.2_400bps_hac@v6.0.0,2624,4.10213e+07,24578347008
NVIDIA RTX PRO 6000 Blackwell Workstation Edition,dna_r10.4.1_e8.2_400bps_hac@v6.0.0,2688,9.67039e+07,25188282880
NVIDIA RTX PRO 6000 Blackwell Workstation Edition,dna_r10.4.1_e8.2_400bps_hac@v6.0.0,2752,4.29414e+07,25784380416
NVIDIA RTX PRO 6000 Blackwell Workstation Edition,dna_r10.4.1_e8.2_400bps_hac@v6.0.0,2816,4.07159e+07,26379704832
NVIDIA RTX PRO 6000 Blackwell Workstation Edition,dna_r10.4.1_e8.2_400bps_hac@v6.0.0,2880,9.31716e+07,26976012288
NVIDIA RTX PRO 6000 Blackwell Workstation Edition,dna_r10.4.1_e8.2_400bps_hac@v6.0.0,2944,4.24307e+07,27583570432
NVIDIA RTX PRO 6000 Blackwell Workstation Edition,dna_r10.4.1_e8.2_400bps_hac@v6.0.0,3008,4.32919e+07,28177178624
NVIDIA RTX PRO 6000 Blackwell Workstation Edition,dna_r10.4.1_e8.2_400bps_hac@v6.0.0,3072,9.84918e+07,28765129728
NVIDIA RTX PRO 6000 Blackwell Workstation Edition,dna_r10.4.1_e8.2_400bps_hac@v6.0.0,3136,4.47896e+07,29366562304
NVIDIA RTX PRO 6000 Blackwell Workstation Edition,dna_r10.4.1_e8.2_400bps_hac@v6.0.0,3200,9.57324e+07,29987362816
NVIDIA RTX PRO 6000 Blackwell Workstation Edition,dna_r10.4.1_e8.2_400bps_hac@v6.0.0,3264,1.05323e+08,30593261056
NVIDIA RTX PRO 6000 Blackwell Workstation Edition,dna_r10.4.1_e8.2_400bps_hac@v6.0.0,3328,4.77552e+07,31169102336
NVIDIA RTX PRO 6000 Blackwell Workstation Edition,dna_r10.4.1_e8.2_400bps_hac@v6.0.0,3392,4.87107e+07,31764493824
NVIDIA RTX PRO 6000 Blackwell Workstation Edition,dna_r10.4.1_e8.2_400bps_hac@v6.0.0,3456,1.0722e+08,32371369984
NVIDIA RTX PRO 6000 Blackwell Workstation Edition,dna_r10.4.1_e8.2_400bps_hac@v6.0.0,3520,5.04757e+07,32963108352
NVIDIA RTX PRO 6000 Blackwell Workstation Edition,dna_r10.4.1_e8.2_400bps_hac@v6.0.0,3584,5.11438e+07,33577598976
NVIDIA RTX PRO 6000 Blackwell Workstation Edition,dna_r10.4.1_e8.2_400bps_hac@v6.0.0,3648,1.08681e+08,34168910848
NVIDIA RTX PRO 6000 Blackwell Workstation Edition,dna_r10.4.1_e8.2_400bps_hac@v6.0.0,3712,4.79472e+07,34761331200
NVIDIA RTX PRO 6000 Blackwell Workstation Edition,dna_r10.4.1_e8.2_400bps_hac@v6.0.0,3776,4.97162e+07,35360215552
NVIDIA RTX PRO 6000 Blackwell Workstation Edition,dna_r10.4.1_e8.2_400bps_hac@v6.0.0,3840,1.09568e+08,35973080064
NVIDIA RTX PRO 6000 Blackwell Workstation Edition,dna_r10.4.1_e8.2_400bps_hac@v6.0.0,3904,4.20316e+07,36564319744
NVIDIA RTX PRO 6000 Blackwell Workstation Edition,dna_r10.4.1_e8.2_400bps_hac@v6.0.0,3968,6.61401e+07,37160714240
NVIDIA RTX PRO 6000 Blackwell Workstation Edition,dna_r10.4.1_e8.2_400bps_hac@v6.0.0,4032,1.1504e+08,37752129024
NVIDIA RTX PRO 6000 Blackwell Workstation Edition,dna_r10.4.1_e8.2_400bps_hac@v6.0.0,4096,1.10668e+08,38354707456
NVIDIA RTX PRO 6000 Blackwell Workstation Edition,dna_r10.4.1_e8.2_400bps_hac@v6.0.0,4160,4.47185e+07,38956320768
NVIDIA RTX PRO 6000 Blackwell Workstation Edition,dna_r10.4.1_e8.2_400bps_hac@v6.0.0,4224,7.0163e+07,39561684992
NVIDIA RTX PRO 6000 Blackwell Workstation Edition,dna_r10.4.1_e8.2_400bps_hac@v6.0.0,4288,4.60224e+07,40148346368
NVIDIA RTX PRO 6000 Blackwell Workstation Edition,dna_r10.4.1_e8.2_400bps_hac@v6.0.0,4352,1.13444e+08,40759473664
NVIDIA RTX PRO 6000 Blackwell Workstation Edition,dna_r10.4.1_e8.2_400bps_hac@v6.0.0,4416,4.73204e+07,41351989248
NVIDIA RTX PRO 6000 Blackwell Workstation Edition,dna_r10.4.1_e8.2_400bps_hac@v6.0.0,4480,1.22011e+08,41971437568
NVIDIA RTX PRO 6000 Blackwell Workstation Edition,dna_r10.4.1_e8.2_400bps_hac@v6.0.0,4544,4.85745e+07,42540596736
NVIDIA RTX PRO 6000 Blackwell Workstation Edition,dna_r10.4.1_e8.2_400bps_hac@v6.0.0,4608,1.19253e+08,43161425920
NVIDIA RTX PRO 6000 Blackwell Workstation Edition,dna_r10.4.1_e8.2_400bps_hac@v6.0.0,4672,4.97582e+07,43761802240
NVIDIA RTX PRO 6000 Blackwell Workstation Edition,dna_r10.4.1_e8.2_400bps_hac@v6.0.0,4736,7.27354e+07,44339078656
NVIDIA RTX PRO 6000 Blackwell Workstation Edition,dna_r10.4.1_e8.2_400bps_hac@v6.0.0,4800,4.6021e+07,44954591744
NVIDIA RTX PRO 6000 Blackwell Workstation Edition,dna_r10.4.1_e8.2_400bps_hac@v6.0.0,4864,1.20206e+08,45547702272
NVIDIA RTX PRO 6000 Blackwell Workstation Edition,dna_r10.4.1_e8.2_400bps_hac@v6.0.0,4928,4.71515e+07,46141095424
NVIDIA RTX PRO 6000 Blackwell Workstation Edition,dna_r10.4.1_e8.2_400bps_hac@v6.0.0,4992,7.66149e+07,46740373504
NVIDIA RTX PRO 6000 Blackwell Workstation Edition,dna_r10.4.1_e8.2_400bps_hac@v6.0.0,5056,4.82158e+07,47330788352
NVIDIA RTX PRO 6000 Blackwell Workstation Edition,dna_r10.4.1_e8.2_400bps_hac@v6.0.0,5120,1.19587e+08,47944862208
NVIDIA RTX PRO 6000 Blackwell Workstation Edition,dna_r10.4.1_e8.2_400bps_hac@v6.0.0,5184,6.73817e+07,48533542400
NVIDIA RTX PRO 6000 Blackwell Workstation Edition,dna_r10.4.1_e8.2_400bps_hac@v6.0.0,5248,4.37038e+07,49128832000
NVIDIA RTX PRO 6000 Blackwell Workstation Edition,dna_r10.4.1_e8.2_400bps_hac@v6.0.0,5312,4.42242e+07,49725681152
NVIDIA RTX PRO 6000 Blackwell Workstation Edition,dna_r10.4.1_e8.2_400bps_hac@v6.0.0,5376,6.96328e+07,50335692288
NVIDIA RTX PRO 6000 Blackwell Workstation Edition,dna_r10.4.1_e8.2_400bps_hac@v6.0.0,5440,8.9499e+07,50945130496
NVIDIA RTX PRO 6000 Blackwell Workstation Edition,dna_r10.4.1_e8.2_400bps_hac@v6.0.0,5504,4.57426e+07,51529064960
NVIDIA RTX PRO 6000 Blackwell Workstation Edition,dna_r10.4.1_e8.2_400bps_hac@v6.0.0,5568,7.22704e+07,52120284160
NVIDIA RTX PRO 6000 Blackwell Workstation Edition,dna_r10.4.1_e8.2_400bps_hac@v6.0.0,5632,4.64763e+07,52722930176
NVIDIA RTX PRO 6000 Blackwell Workstation Edition,dna_r10.4.1_e8.2_400bps_hac@v6.0.0,5696,4.71737e+07,53319862784
NVIDIA RTX PRO 6000 Blackwell Workstation Edition,dna_r10.4.1_e8.2_400bps_hac@v6.0.0,5760,7.40502e+07,53915268096
NVIDIA RTX PRO 6000 Blackwell Workstation Edition,dna_r10.4.1_e8.2_400bps_hac@v6.0.0,5824,4.80586e+07,54515972608
NVIDIA RTX PRO 6000 Blackwell Workstation Edition,dna_r10.4.1_e8.2_400bps_hac@v6.0.0,5888,4.83887e+07,55125060608
NVIDIA RTX PRO 6000 Blackwell Workstation Edition,dna_r10.4.1_e8.2_400bps_hac@v6.0.0,5952,4.90455e+07,55719073792
NVIDIA RTX PRO 6000 Blackwell Workstation Edition,dna_r10.4.1_e8.2_400bps_hac@v6.0.0,6016,4.96173e+07,56316150784
NVIDIA RTX PRO 6000 Blackwell Workstation Edition,dna_r10.4.1_e8.2_400bps_hac@v6.0.0,6080,9.25274e+07,56932593664
NVIDIA RTX PRO 6000 Blackwell Workstation Edition,dna_r10.4.1_e8.2_400bps_hac@v6.0.0,6144,4.79254e+07,57509955584
NVIDIA RTX PRO 6000 Blackwell Workstation Edition,dna_r10.4.1_e8.2_400bps_hac@v6.0.0,6208,5.09604e+07,58121822208
NVIDIA RTX PRO 6000 Blackwell Workstation Edition,dna_r10.4.1_e8.2_400bps_hac@v6.0.0,6272,4.49736e+07,58703128064
NVIDIA RTX PRO 6000 Blackwell Workstation Edition,dna_r10.4.1_e8.2_400bps_hac@v6.0.0,6336,4.54381e+07,59311186432
NVIDIA RTX PRO 6000 Blackwell Workstation Edition,dna_r10.4.1_e8.2_400bps_hac@v6.0.0,6400,8.99857e+07,59914125312
NVIDIA RTX PRO 6000 Blackwell Workstation Edition,dna_r10.4.1_e8.2_400bps_hac@v6.0.0,6464,4.29072e+07,60505794048
NVIDIA RTX PRO 6000 Blackwell Workstation Edition,dna_r10.4.1_e8.2_400bps_hac@v6.0.0,6528,9.92251e+07,61104818688
NVIDIA RTX PRO 6000 Blackwell Workstation Edition,dna_r10.4.1_e8.2_400bps_hac@v6.0.0,6592,4.27982e+07,61698283008
NVIDIA RTX PRO 6000 Blackwell Workstation Edition,dna_r10.4.1_e8.2_400bps_hac@v6.0.0,6656,6.96271e+07,62300499968
NVIDIA RTX PRO 6000 Blackwell Workstation Edition,dna_r10.4.1_e8.2_400bps_hac@v6.0.0,6720,1.0178e+08,62897687040
NVIDIA RTX PRO 6000 Blackwell Workstation Edition,dna_r10.4.1_e8.2_400bps_hac@v6.0.0,6784,7.10516e+07,63523514880
NVIDIA RTX PRO 6000 Blackwell Workstation Edition,dna_r10.4.1_e8.2_400bps_hac@v6.0.0,6848,4.40764e+07,64094099456
NVIDIA RTX PRO 6000 Blackwell Workstation Edition,dna_r10.4.1_e8.2_400bps_hac@v6.0.0,6912,1.04111e+08,64718074368
NVIDIA RTX PRO 6000 Blackwell Workstation Edition,dna_r10.4.1_e8.2_400bps_hac@v6.0.0,6976,4.88629e+07,65295068160
NVIDIA RTX PRO 6000 Blackwell Workstation Edition,dna_r10.4.1_e8.2_400bps_hac@v6.0.0,7040,6.61142e+07,65894893568
NVIDIA RTX PRO 6000 Blackwell Workstation Edition,dna_r10.4.1_e8.2_400bps_hac@v6.0.0,7104,9.92085e+07,66484867072
NVIDIA RTX PRO 6000 Blackwell Workstation Edition,dna_r10.4.1_e8.2_400bps_hac@v6.0.0,7168,6.63156e+07,67100430848
NVIDIA RTX PRO 6000 Blackwell Workstation Edition,dna_r10.4.1_e8.2_400bps_hac@v6.0.0,7232,4.53527e+07,67697684992
NVIDIA RTX PRO 6000 Blackwell Workstation Edition,dna_r10.4.1_e8.2_400bps_hac@v6.0.0,7296,1.018e+08,68083741696
NVIDIA RTX PRO 6000 Blackwell Workstation Edition,dna_r10.4.1_e8.2_400bps_hac@v6.0.0,7360,4.53131e+07,68681255936
NVIDIA RTX PRO 6000 Blackwell Workstation Edition,dna_r10.4.1_e8.2_400bps_hac@v6.0.0,7424,6.91967e+07,69261311488
NVIDIA RTX PRO 6000 Blackwell Workstation Edition,dna_r10.4.1_e8.2_400bps_hac@v6.0.0,7488,1.04642e+08,69893697024
NVIDIA RTX PRO 6000 Blackwell Workstation Edition,dna_r10.4.1_e8.2_400bps_hac@v6.0.0,7552,7.06197e+07,70452522496
NVIDIA RTX PRO 6000 Blackwell Workstation Edition,dna_r10.4.1_e8.2_400bps_hac@v6.0.0,7616,4.61149e+07,71043932160
NVIDIA RTX PRO 6000 Blackwell Workstation Edition,dna_r10.4.1_e8.2_400bps_hac@v6.0.0,7680,1.06206e+08,71647927808
NVIDIA RTX PRO 6000 Blackwell Workstation Edition,dna_r10.4.1_e8.2_400bps_hac@v6.0.0,7744,4.83285e+07,72267687936
NVIDIA RTX PRO 6000 Blackwell Workstation Edition,dna_r10.4.1_e8.2_400bps_hac@v6.0.0,7808,4.26341e+07,72859040768
NVIDIA RTX PRO 6000 Blackwell Workstation Edition,dna_r10.4.1_e8.2_400bps_hac@v6.0.0,7872,4.31406e+07,73456859648
NVIDIA RTX PRO 6000 Blackwell Workstation Edition,dna_r10.4.1_e8.2_400bps_hac@v6.0.0,7936,4.38867e+07,74107240448
NVIDIA RTX PRO 6000 Blackwell Workstation Edition,dna_r10.4.1_e8.2_400bps_hac@v6.0.0,8000,4.44688e+07,74698223616
NVIDIA RTX PRO 6000 Blackwell Workstation Edition,dna_r10.4.1_e8.2_400bps_hac@v6.0.0,8064,1.11939e+08,75291748352
NVIDIA RTX PRO 6000 Blackwell Workstation Edition,dna_r10.4.1_e8.2_400bps_hac@v6.0.0,8128,4.96916e+07,75892555264
NVIDIA RTX PRO 6000 Blackwell Workstation Edition,dna_r10.4.1_e8.2_400bps_hac@v6.0.0,8192,4.615e+07,76491570176
NVIDIA RTX PRO 6000 Blackwell Workstation Edition,dna_r10.4.1_e8.2_400bps_hac@v6.0.0,8256,4.48208e+07,77093177344
NVIDIA RTX PRO 6000 Blackwell Workstation Edition,dna_r10.4.1_e8.2_400bps_hac@v6.0.0,8320,4.51459e+07,77684799488
NVIDIA RTX PRO 6000 Blackwell Workstation Edition,dna_r10.4.1_e8.2_400bps_hac@v6.0.0,8384,4.93991e+07,78278260736
NVIDIA RTX PRO 6000 Blackwell Workstation Edition,dna_r10.4.1_e8.2_400bps_hac@v6.0.0,8448,5.08109e+07,78896027648
NVIDIA RTX PRO 6000 Blackwell Workstation Edition,dna_r10.4.1_e8.2_400bps_hac@v6.0.0,8512,1.17495e+08,79477408256
NVIDIA RTX PRO 6000 Blackwell Workstation Edition,dna_r10.4.1_e8.2_400bps_hac@v6.0.0,8576,5.04312e+07,80071653888
NVIDIA RTX PRO 6000 Blackwell Workstation Edition,dna_r10.4.1_e8.2_400bps_hac@v6.0.0,8640,4.57592e+07,80662397440
NVIDIA RTX PRO 6000 Blackwell Workstation Edition,dna_r10.4.1_e8.2_400bps_hac@v6.0.0,8704,5.10377e+07,81343604224
NVIDIA RTX PRO 6000 Blackwell Workstation Edition,dna_r10.4.1_e8.2_400bps_hac@v6.0.0,8768,4.61744e+07,81868309504
NVIDIA RTX PRO 6000 Blackwell Workstation Edition,dna_r10.4.1_e8.2_400bps_hac@v6.0.0,8832,4.62614e+07,82460127232
NVIDIA RTX PRO 6000 Blackwell Workstation Edition,dna_r10.4.1_e8.2_400bps_hac@v6.0.0,8896,5.17723e+07,83107327488
NVIDIA RTX PRO 6000 Blackwell Workstation Edition,dna_r10.4.1_e8.2_400bps_hac@v6.0.0,8960,1.13514e+08,83602949120
NVIDIA RTX PRO 6000 Blackwell Workstation Edition,dna_r10.4.1_e8.2_400bps_hac@v6.0.0,9024,6.81259e+07,84253189632
NVIDIA RTX PRO 6000 Blackwell Workstation Edition,dna_r10.4.1_e8.2_400bps_hac@v6.0.0,9088,7.10582e+07,84919242752
NVIDIA RTX PRO 6000 Blackwell Workstation Edition,dna_r10.4.1_e8.2_400bps_hac@v6.0.0,9152,4.49962e+07,85440676352
NVIDIA RTX PRO 6000 Blackwell Workstation Edition,dna_r10.4.1_e8.2_400bps_hac@v6.0.0,9216,6.69217e+07,86048428032
NVIDIA RTX PRO 6000 Blackwell Workstation Edition,dna_r10.4.1_e8.2_400bps_hac@v6.0.0,9280,9.34937e+07,86658561536
NVIDIA RTX PRO 6000 Blackwell Workstation Edition,dna_r10.4.1_e8.2_400bps_sup@v5.2.0,32,1.22946e+07,2272734208
NVIDIA RTX PRO 6000 Blackwell Workstation Edition,dna_r10.4.1_e8.2_400bps_sup@v5.2.0,64,1.69169e+07,3054645760
NVIDIA RTX PRO 6000 Blackwell Workstation Edition,dna_r10.4.1_e8.2_400bps_sup@v5.2.0,96,1.892e+07,3835246592
NVIDIA RTX PRO 6000 Blackwell Workstation Edition,dna_r10.4.1_e8.2_400bps_sup@v5.2.0,128,2.05216e+07,4601691136
NVIDIA RTX PRO 6000 Blackwell Workstation Edition,dna_r10.4.1_e8.2_400bps_sup@v5.2.0,160,2.13446e+07,5384585728
NVIDIA RTX PRO 6000 Blackwell Workstation Edition,dna_r10.4.1_e8.2_400bps_sup@v5.2.0,192,2.06667e+07,6166038528
NVIDIA RTX PRO 6000 Blackwell Workstation Edition,dna_r10.4.1_e8.2_400bps_sup@v5.2.0,224,2.13754e+07,6947163648
NVIDIA RTX PRO 6000 Blackwell Workstation Edition,dna_r10.4.1_e8.2_400bps_sup@v5.2.0,256,2.19145e+07,7729338368
NVIDIA RTX PRO 6000 Blackwell Workstation Edition,dna_r10.4.1_e8.2_400bps_sup@v5.2.0,288,2.21341e+07,8513673728
NVIDIA RTX PRO 6000 Blackwell Workstation Edition,dna_r10.4.1_e8.2_400bps_sup@v5.2.0,320,2.26253e+07,9296045568
NVIDIA RTX PRO 6000 Blackwell Workstation Edition,dna_r10.4.1_e8.2_400bps_sup@v5.2.0,352,2.28129e+07,10078676480
NVIDIA RTX PRO 6000 Blackwell Workstation Edition,dna_r10.4.1_e8.2_400bps_sup@v5.2.0,384,2.20692e+07,10861702144
NVIDIA RTX PRO 6000 Blackwell Workstation Edition,dna_r10.4.1_e8.2_400bps_sup@v5.2.0,416,2.23732e+07,11643154944
NVIDIA RTX PRO 6000 Blackwell Workstation Edition,dna_r10.4.1_e8.2_400bps_sup@v5.2.0,448,2.2454e+07,12426442752
NVIDIA RTX PRO 6000 Blackwell Workstation Edition,dna_r10.4.1_e8.2_400bps_sup@v5.2.0,480,2.28678e+07,13210254848
NVIDIA RTX PRO 6000 Blackwell Workstation Edition,dna_r10.4.1_e8.2_400bps_sup@v5.2.0,512,2.31334e+07,13992496128
NVIDIA RTX PRO 6000 Blackwell Workstation Edition,dna_r10.4.1_e8.2_400bps_sup@v5.2.0,544,2.32523e+07,14776306176
NVIDIA RTX PRO 6000 Blackwell Workstation Edition,dna_r10.4.1_e8.2_400bps_sup@v5.2.0,576,2.24019e+07,15571655168
NVIDIA RTX PRO 6000 Blackwell Workstation Edition,dna_r10.4.1_e8.2_400bps_sup@v5.2.0,608,2.30102e+07,16339542016
NVIDIA RTX PRO 6000 Blackwell Workstation Edition,dna_r10.4.1_e8.2_400bps_sup@v5.2.0,640,2.26356e+07,17140327936
NVIDIA RTX PRO 6000 Blackwell Workstation Edition,dna_r10.4.1_e8.2_400bps_sup@v5.2.0,672,2.29674e+07,17903955456
NVIDIA RTX PRO 6000 Blackwell Workstation Edition,dna_r10.4.1_e8.2_400bps_sup@v5.2.0,704,2.31972e+07,18686194688
NVIDIA RTX PRO 6000 Blackwell Workstation Edition,dna_r10.4.1_e8.2_400bps_sup@v5.2.0,736,2.33415e+07,19470400000
NVIDIA RTX PRO 6000 Blackwell Workstation Edition,dna_r10.4.1_e8.2_400bps_sup@v5.2.0,768,2.24988e+07,20269809664
NVIDIA RTX PRO 6000 Blackwell Workstation Edition,dna_r10.4.1_e8.2_400bps_sup@v5.2.0,800,2.24486e+07,21033175040
NVIDIA RTX PRO 6000 Blackwell Workstation Edition,dna_r10.4.1_e8.2_400bps_sup@v5.2.0,832,2.3325e+07,21816462848
NVIDIA RTX PRO 6000 Blackwell Workstation Edition,dna_r10.4.1_e8.2_400bps_sup@v5.2.0,864,2.31636e+07,22598308864
NVIDIA RTX PRO 6000 Blackwell Workstation Edition,dna_r10.4.1_e8.2_400bps_sup@v5.2.0,896,2.29584e+07,23384087040
NVIDIA RTX PRO 6000 Blackwell Workstation Edition,dna_r10.4.1_e8.2_400bps_sup@v5.2.0,928,2.37198e+07,24164753920
NVIDIA RTX PRO 6000 Blackwell Workstation Edition,dna_r10.4.1_e8.2_400bps_sup@v5.2.0,960,2.33754e+07,24945944576
NVIDIA RTX PRO 6000 Blackwell Workstation Edition,dna_r10.4.1_e8.2_400bps_sup@v5.2.0,992,2.29795e+07,25730932224
NVIDIA RTX PRO 6000 Blackwell Workstation Edition,dna_r10.4.1_e8.2_400bps_sup@v5.2.0,1024,2.36268e+07,26513044480
NVIDIA RTX PRO 6000 Blackwell Workstation Edition,rna004_fast@v6.0.0,64,4.14873e+07,1240121344
NVIDIA RTX PRO 6000 Blackwell Workstation Edition,rna004_fast@v6.0.0,128,6.58872e+07,1405550592
NVIDIA RTX PRO 6000 Blackwell Workstation Edition,rna004_fast@v6.0.0,192,9.30435e+07,1568563200
NVIDIA RTX PRO 6000 Blackwell Workstation Edition,rna004_fast@v6.0.0,256,1.15346e+08,1733671424
NVIDIA RTX PRO 6000 Blackwell Workstation Edition,rna004_fast@v6.0.0,320,1.39704e+08,1896684032
NVIDIA RTX PRO 6000 Blackwell Workstation Edition,rna004_fast@v6.0.0,384,1.5885e+08,2061793280
NVIDIA RTX PRO 6000 Blackwell Workstation Edition,rna004_fast@v6.0.0,448,1.77729e+08,2224805888
NVIDIA RTX PRO 6000 Blackwell Workstation Edition,rna004_fast@v6.0.0,512,1.97603e+08,2389914112
NVIDIA RTX PRO 6000 Blackwell Workstation Edition,rna004_fast@v6.0.0,576,2.13224e+08,2552926720
NVIDIA RTX PRO 6000 Blackwell Workstation Edition,rna004_fast@v6.0.0,640,2.30033e+08,2718035968
NVIDIA RTX PRO 6000 Blackwell Workstation Edition,rna004_fast@v6.0.0,704,2.44803e+08,2882259968
NVIDIA RTX PRO 6000 Blackwell Workstation Edition,rna004_fast@v6.0.0,768,2.44153e+08,3046156800
NVIDIA RTX PRO 6000 Blackwell Workstation Edition,rna004_fast@v6.0.0,832,2.55947e+08,3209457152
NVIDIA RTX PRO 6000 Blackwell Workstation Edition,rna004_fast@v6.0.0,896,2.6865e+08,3376267264
NVIDIA RTX PRO 6000 Blackwell Workstation Edition,rna004_fast@v6.0.0,960,2.79443e+08,3539388416
NVIDIA RTX PRO 6000 Blackwell Workstation Edition,rna004_fast@v6.0.0,1024,2.88433e+08,3703398912
NVIDIA RTX PRO 6000 Blackwell Workstation Edition,rna004_fast@v6.0.0,1088,2.99147e+08,3867509248
NVIDIA RTX PRO 6000 Blackwell Workstation Edition,rna004_fast@v6.0.0,1152,3.04114e+08,4028499968
NVIDIA RTX PRO 6000 Blackwell Workstation Edition,rna004_fast@v6.0.0,1216,3.14839e+08,4221117952
NVIDIA RTX PRO 6000 Blackwell Workstation Edition,rna004_fast@v6.0.0,1280,3.21475e+08,4356545024
NVIDIA RTX PRO 6000 Blackwell Workstation Edition,rna004_fast@v6.0.0,1344,3.26989e+08,4522442240
NVIDIA RTX PRO 6000 Blackwell Workstation Edition,rna004_fast@v6.0.0,1408,3.32175e+08,4684666880
NVIDIA RTX PRO 6000 Blackwell Workstation Edition,rna004_fast@v6.0.0,1472,3.38044e+08,4853834752
NVIDIA RTX PRO 6000 Blackwell Workstation Edition,rna004_fast@v6.0.0,1536,3.11863e+08,5044994560
NVIDIA RTX PRO 6000 Blackwell Workstation Edition,rna004_fast@v6.0.0,1600,3.19507e+08,5214586368
NVIDIA RTX PRO 6000 Blackwell Workstation Edition,rna004_fast@v6.0.0,1664,3.25345e+08,5341485056
NVIDIA RTX PRO 6000 Blackwell Workstation Edition,rna004_fast@v6.0.0,1728,3.31123e+08,5509042176
NVIDIA RTX PRO 6000 Blackwell Workstation Edition,rna004_fast@v6.0.0,1792,3.36325e+08,5672942592
NVIDIA RTX PRO 6000 Blackwell Workstation Edition,rna004_fast@v6.0.0,1856,3.38479e+08,5835634176
NVIDIA RTX PRO 6000 Blackwell Workstation Edition,rna004_fast@v6.0.0,1920,3.43443e+08,6002171904
NVIDIA RTX PRO 6000 Blackwell Workstation Edition,rna004_fast@v6.0.0,1984,3.47986e+08,6162625536
NVIDIA RTX PRO 6000 Blackwell Workstation Edition,rna004_fast@v6.0.0,2048,3.55034e+08,6330892800
NVIDIA RTX PRO 6000 Blackwell Workstation Edition,rna004_fast@v6.0.0,2112,3.58085e+08,6494614016
NVIDIA RTX PRO 6000 Blackwell Workstation Edition,rna004_fast@v6.0.0,2176,3.59344e+08,6656737792
NVIDIA RTX PRO 6000 Blackwell Workstation Edition,rna004_fast@v6.0.0,2240,3.5528e+08,6821215232
NVIDIA RTX PRO 6000 Blackwell Workstation Edition,rna004_fast@v6.0.0,2304,3.53047e+08,6981667328
NVIDIA RTX PRO 6000 Blackwell Workstation Edition,rna004_fast@v6.0.0,2368,3.59086e+08,7148797440
NVIDIA RTX PRO 6000 Blackwell Workstation Edition,rna004_fast@v6.0.0,2432,3.63869e+08,7314475520
NVIDIA RTX PRO 6000 Blackwell Workstation Edition,rna004_fast@v6.0.0,2496,3.63303e+08,7473862144
NVIDIA RTX PRO 6000 Blackwell Workstation Edition,rna004_fast@v6.0.0,2560,3.63686e+08,7640257024
NVIDIA RTX PRO 6000 Blackwell Workstation Edition,rna004_fast@v6.0.0,2624,3.71746e+08,7804904960
NVIDIA RTX PRO 6000 Blackwell Workstation Edition,rna004_fast@v6.0.0,2688,3.67538e+08,7968406016
NVIDIA RTX PRO 6000 Blackwell Workstation Edition,rna004_fast@v6.0.0,2752,3.78459e+08,8136574464
NVIDIA RTX PRO 6000 Blackwell Workstation Edition,rna004_fast@v6.0.0,2816,3.76395e+08,8295961088
NVIDIA RTX PRO 6000 Blackwell Workstation Edition,rna004_fast@v6.0.0,2880,3.79006e+08,8461968896
NVIDIA RTX PRO 6000 Blackwell Workstation Edition,rna004_fast@v6.0.0,2944,3.80448e+08,8626044928
NVIDIA RTX PRO 6000 Blackwell Workstation Edition,rna004_fast@v6.0.0,3008,3.8385e+08,8789509632
NVIDIA RTX PRO 6000 Blackwell Workstation Edition,rna004_fast@v6.0.0,3072,3.6705e+08,8953729536
NVIDIA RTX PRO 6000 Blackwell Workstation Edition,rna004_fast@v6.0.0,3136,3.59534e+08,9115853312
NVIDIA RTX PRO 6000 Blackwell Workstation Edition,rna004_fast@v6.0.0,3200,3.70698e+08,9282007040
NVIDIA RTX PRO 6000 Blackwell Workstation Edition,rna004_fast@v6.0.0,3264,3.71748e+08,9448112128
NVIDIA RTX PRO 6000 Blackwell Workstation Edition,rna004_fast@v6.0.0,3328,3.72478e+08,9608802816
NVIDIA RTX PRO 6000 Blackwell Workstation Edition,rna004_fast@v6.0.0,3392,3.66298e+08,9772736000
NVIDIA RTX PRO 6000 Blackwell Workstation Edition,rna004_fast@v6.0.0,3456,3.71947e+08,9932762624
NVIDIA RTX PRO 6000 Blackwell Workstation Edition,rna004_fast@v6.0.0,3520,3.70971e+08,10099483648
NVIDIA RTX PRO 6000 Blackwell Workstation Edition,rna004_fast@v6.0.0,3584,3.72228e+08,10266053120
NVIDIA RTX PRO 6000 Blackwell Workstation Edition,rna004_fast@v6.0.0,3648,3.71772e+08,10428804608
NVIDIA RTX PRO 6000 Blackwell Workstation Edition,rna004_fast@v6.0.0,3712,3.7784e+08,10594482688
NVIDIA RTX PRO 6000 Blackwell Workstation Edition,rna004_fast@v6.0.0,3776,3.60215e+08,10753882112
NVIDIA RTX PRO 6000 Blackwell Workstation Edition,rna004_fast@v6.0.0,3840,3.75705e+08,10920622592
NVIDIA RTX PRO 6000 Blackwell Workstation Edition,rna004_fast@v6.0.0,3904,3.7305e+08,11085270528
NVIDIA RTX PRO 6000 Blackwell Workstation Edition,rna004_fast@v6.0.0,3968,3.59131e+08,11248625152
NVIDIA RTX PRO 6000 Blackwell Workstation Edition,rna004_fast@v6.0.0,4032,3.63003e+08,11414484480
NVIDIA RTX PRO 6000 Blackwell Workstation Edition,rna004_fast@v6.0.0,4096,3.54394e+08,11580211712
NVIDIA RTX PRO 6000 Blackwell Workstation Edition,rna004_fast@v6.0.0,4160,3.49192e+08,11740025344
NVIDIA RTX PRO 6000 Blackwell Workstation Edition,rna004_fast@v6.0.0,4224,3.60563e+08,11906410496
NVIDIA RTX PRO 6000 Blackwell Workstation Edition,rna004_fast@v6.0.0,4288,3.6273e+08,12067631616
NVIDIA RTX PRO 6000 Blackwell Workstation Edition,rna004_fast@v6.0.0,4352,3.66203e+08,12233948672
NVIDIA RTX PRO 6000 Blackwell Workstation Edition,rna004_fast@v6.0.0,4416,3.71655e+08,12402261504
NVIDIA RTX PRO 6000 Blackwell Workstation Edition,rna004_fast@v6.0.0,4480,3.68385e+08,12563745280
NVIDIA RTX PRO 6000 Blackwell Workstation Edition,rna004_fast@v6.0.0,4544,3.61314e+08,12725229056
NVIDIA RTX PRO 6000 Blackwell Workstation Edition,rna004_fast@v6.0.0,4608,3.60837e+08,12886712832
NVIDIA RTX PRO 6000 Blackwell Workstation Edition,rna004_fast@v6.0.0,4672,3.6544e+08,13052955136
NVIDIA RTX PRO 6000 Blackwell Workstation Edition,rna004_fast@v6.0.0,4736,3.53456e+08,13219273216
NVIDIA RTX PRO 6000 Blackwell Workstation Edition,rna004_fast@v6.0.0,4800,3.63784e+08,13381396992
NVIDIA RTX PRO 6000 Blackwell Workstation Edition,rna004_fast@v6.0.0,4864,3.7043e+08,13547328000
NVIDIA RTX PRO 6000 Blackwell Workstation Edition,rna004_fast@v6.0.0,4928,3.65949e+08,13708811776
NVIDIA RTX PRO 6000 Blackwell Workstation Edition,rna004_fast@v6.0.0,4992,3.6957e+08,13872392704
NVIDIA RTX PRO 6000 Blackwell Workstation Edition,rna004_fast@v6.0.0,5056,3.62613e+08,14040376832
NVIDIA RTX PRO 6000 Blackwell Workstation Edition,rna004_fast@v6.0.0,5120,3.68646e+08,14200402432
NVIDIA RTX PRO 6000 Blackwell Workstation Edition,rna004_fast@v6.0.0,5184,3.74434e+08,14366720512
NVIDIA RTX PRO 6000 Blackwell Workstation Edition,rna004_fast@v6.0.0,5248,3.67703e+08,14533007872
NVIDIA RTX PRO 6000 Blackwell Workstation Edition,rna004_fast@v6.0.0,5312,3.70984e+08,14694491648
NVIDIA RTX PRO 6000 Blackwell Workstation Edition,rna004_fast@v6.0.0,5376,3.67736e+08,14860169728
NVIDIA RTX PRO 6000 Blackwell Workstation Edition,rna004_fast@v6.0.0,5440,3.71395e+08,15021653504
NVIDIA RTX PRO 6000 Blackwell Workstation Edition,rna004_fast@v6.0.0,5504,3.75542e+08,15187824128
NVIDIA RTX PRO 6000 Blackwell Workstation Edition,rna004_fast@v6.0.0,5568,3.69263e+08,15352045056
NVIDIA RTX PRO 6000 Blackwell Workstation Edition,rna004_fast@v6.0.0,5632,3.70691e+08,15514167808
NVIDIA RTX PRO 6000 Blackwell Workstation Edition,rna004_fast@v6.0.0,5696,3.73359e+08,15680171520
NVIDIA RTX PRO 6000 Blackwell Workstation Edition,rna004_fast@v6.0.0,5760,3.62688e+08,15841655296
NVIDIA RTX PRO 6000 Blackwell Workstation Edition,rna004_fast@v6.0.0,5824,3.71504e+08,16005236224
NVIDIA RTX PRO 6000 Blackwell Workstation Edition,rna004_fast@v6.0.0,5888,3.73482e+08,16175108608
NVIDIA RTX PRO 6000 Blackwell Workstation Edition,rna004_fast@v6.0.0,5952,3.62485e+08,16334495232
NVIDIA RTX PRO 6000 Blackwell Workstation Edition,rna004_fast@v6.0.0,6016,3.74373e+08,16502270464
NVIDIA RTX PRO 6000 Blackwell Workstation Edition,rna004_fast@v6.0.0,6080,3.67205e+08,16661657088
NVIDIA RTX PRO 6000 Blackwell Workstation Edition,rna004_fast@v6.0.0,6144,3.70314e+08,16827335168
NVIDIA RTX PRO 6000 Blackwell Workstation Edition,rna004_fast@v6.0.0,6208,3.7463e+08,16990916096
NVIDIA RTX PRO 6000 Blackwell Workstation Edition,rna004_fast@v6.0.0,6272,3.76512e+08,17152399872
NVIDIA RTX PRO 6000 Blackwell Workstation Edition,rna004_fast@v6.0.0,6336,3.69077e+08,17322272256
NVIDIA RTX PRO 6000 Blackwell Workstation Edition,rna004_fast@v6.0.0,6400,3.73027e+08,17487950336
NVIDIA RTX PRO 6000 Blackwell Workstation Edition,rna004_fast@v6.0.0,6464,3.76975e+08,17649434112
NVIDIA RTX PRO 6000 Blackwell Workstation Edition,rna004_fast@v6.0.0,6528,3.68514e+08,17813015040
NVIDIA RTX PRO 6000 Blackwell Workstation Edition,rna004_fast@v6.0.0,6592,3.69199e+08,17974498816
NVIDIA RTX PRO 6000 Blackwell Workstation Edition,rna004_fast@v6.0.0,6656,3.72745e+08,18140176896
NVIDIA RTX PRO 6000 Blackwell Workstation Edition,rna004_fast@v6.0.0,6720,3.39723e+08,18310049280
NVIDIA RTX PRO 6000 Blackwell Workstation Edition,rna004_fast@v6.0.0,6784,3.69237e+08,18467338752
NVIDIA RTX PRO 6000 Blackwell Workstation Edition,rna004_fast@v6.0.0,6848,3.73412e+08,18633016832
NVIDIA RTX PRO 6000 Blackwell Workstation Edition,rna004_fast@v6.0.0,6912,3.72659e+08,18792403456
NVIDIA RTX PRO 6000 Blackwell Workstation Edition,rna004_fast@v6.0.0,6976,3.65984e+08,18960178688
NVIDIA RTX PRO 6000 Blackwell Workstation Edition,rna004_fast@v6.0.0,7040,3.69264e+08,19123759616
NVIDIA RTX PRO 6000 Blackwell Workstation Edition,rna004_fast@v6.0.0,7104,3.72567e+08,19285243392
NVIDIA RTX PRO 6000 Blackwell Workstation Edition,rna004_fast@v6.0.0,7168,3.7606e+08,19453018624
NVIDIA RTX PRO 6000 Blackwell Workstation Edition,rna004_fast@v6.0.0,7232,3.78833e+08,19614502400
NVIDIA RTX PRO 6000 Blackwell Workstation Edition,rna004_fast@v6.0.0,7296,3.68405e+08,19782277632
NVIDIA RTX PRO 6000 Blackwell Workstation Edition,rna004_fast@v6.0.0,7360,3.70499e+08,19945858560
NVIDIA RTX PRO 6000 Blackwell Workstation Edition,rna004_fast@v6.0.0,7424,3.74624e+08,20107342336
NVIDIA RTX PRO 6000 Blackwell Workstation Edition,rna004_fast@v6.0.0,7488,3.77769e+08,20270923264
NVIDIA RTX PRO 6000 Blackwell Workstation Edition,rna004_fast@v6.0.0,7552,3.66542e+08,20434504192
NVIDIA RTX PRO 6000 Blackwell Workstation Edition,rna004_fast@v6.0.0,7616,3.69212e+08,20602279424
NVIDIA RTX PRO 6000 Blackwell Workstation Edition,rna004_fast@v6.0.0,7680,3.72659e+08,20767957504
NVIDIA RTX PRO 6000 Blackwell Workstation Edition,rna004_fast@v6.0.0,7744,3.74719e+08,20927344128
NVIDIA RTX PRO 6000 Blackwell Workstation Edition,rna004_fast@v6.0.0,7808,3.63888e+08,21093022208
NVIDIA RTX PRO 6000 Blackwell Workstation Edition,rna004_fast@v6.0.0,7872,3.66388e+08,21258700288
NVIDIA RTX PRO 6000 Blackwell Workstation Edition,rna004_fast@v6.0.0,7936,3.69236e+08,21418086912
NVIDIA RTX PRO 6000 Blackwell Workstation Edition,rna004_fast@v6.0.0,8000,3.69317e+08,21585862144
NVIDIA RTX PRO 6000 Blackwell Workstation Edition,rna004_fast@v6.0.0,8064,3.58505e+08,21747345920
NVIDIA RTX PRO 6000 Blackwell Workstation Edition,rna004_fast@v6.0.0,8128,3.61023e+08,21910926848
NVIDIA RTX PRO 6000 Blackwell Workstation Edition,rna004_fast@v6.0.0,8192,3.65662e+08,22078702080
NVIDIA RTX PRO 6000 Blackwell Workstation Edition,rna004_fast@v6.0.0,8256,3.67663e+08,22240185856
NVIDIA RTX PRO 6000 Blackwell Workstation Edition,rna004_fast@v6.0.0,8320,3.70358e+08,22370212352
NVIDIA RTX PRO 6000 Blackwell Workstation Edition,rna004_fast@v6.0.0,8384,3.57624e+08,22498141696
NVIDIA RTX PRO 6000 Blackwell Workstation Edition,rna004_fast@v6.0.0,8448,3.59491e+08,22632362496
NVIDIA RTX PRO 6000 Blackwell Workstation Edition,rna004_fast@v6.0.0,8512,3.62644e+08,22766583296
NVIDIA RTX PRO 6000 Blackwell Workstation Edition,rna004_fast@v6.0.0,8576,3.65138e+08,22892415488
NVIDIA RTX PRO 6000 Blackwell Workstation Edition,rna004_fast@v6.0.0,8640,3.6774e+08,23024539136
NVIDIA RTX PRO 6000 Blackwell Workstation Edition,rna004_fast@v6.0.0,8704,3.70041e+08,23150371328
NVIDIA RTX PRO 6000 Blackwell Workstation Edition,rna004_fast@v6.0.0,8768,3.72785e+08,23282494976
NVIDIA RTX PRO 6000 Blackwell Workstation Edition,rna004_fast@v6.0.0,8832,3.70575e+08,23418812928
NVIDIA RTX PRO 6000 Blackwell Workstation Edition,rna004_fast@v6.0.0,8896,3.60528e+08,23546742272
NVIDIA RTX PRO 6000 Blackwell Workstation Edition,rna004_fast@v6.0.0,8960,3.64267e+08,23857123840
NVIDIA RTX PRO 6000 Blackwell Workstation Edition,rna004_fast@v6.0.0,9024,3.64726e+08,23808892416
NVIDIA RTX PRO 6000 Blackwell Workstation Edition,rna004_fast@v6.0.0,9088,3.68916e+08,23932627456
NVIDIA RTX PRO 6000 Blackwell Workstation Edition,rna004_fast@v6.0.0,9152,3.70712e+08,24066848256
NVIDIA RTX PRO 6000 Blackwell Workstation Edition,rna004_fast@v6.0.0,9216,3.47419e+08,24194777600
NVIDIA RTX PRO 6000 Blackwell Workstation Edition,rna004_fast@v6.0.0,9280,3.59253e+08,24328998400
NVIDIA RTX PRO 6000 Blackwell Workstation Edition,rna004_fast@v6.0.0,9344,3.61332e+08,24461122048
NVIDIA RTX PRO 6000 Blackwell Workstation Edition,rna004_fast@v6.0.0,9408,3.59994e+08,24586954240
NVIDIA RTX PRO 6000 Blackwell Workstation Edition,rna004_fast@v6.0.0,9472,3.66068e+08,24721175040
NVIDIA RTX PRO 6000 Blackwell Workstation Edition,rna004_fast@v6.0.0,9536,3.66736e+08,24847007232
NVIDIA RTX PRO 6000 Blackwell Workstation Edition,rna004_fast@v6.0.0,9600,3.70046e+08,24979130880
NVIDIA RTX PRO 6000 Blackwell Workstation Edition,rna004_fast@v6.0.0,9664,3.70984e+08,25113351680
NVIDIA RTX PRO 6000 Blackwell Workstation Edition,rna004_fast@v6.0.0,9728,3.56703e+08,25241281024
NVIDIA RTX PRO 6000 Blackwell Workstation Edition,rna004_fast@v6.0.0,9792,3.59644e+08,25373404672
NVIDIA RTX PRO 6000 Blackwell Workstation Edition,rna004_fast@v6.0.0,9856,3.6194e+08,25501334016
NVIDIA RTX PRO 6000 Blackwell Workstation Edition,rna004_fast@v6.0.0,9920,3.62651e+08,25631360512
NVIDIA RTX PRO 6000 Blackwell Workstation Edition,rna004_fast@v6.0.0,9984,3.63077e+08,25763484160
NVIDIA RTX PRO 6000 Blackwell Workstation Edition,rna004_fast@v6.0.0,10048,3.618e+08,25891413504
NVIDIA RTX PRO 6000 Blackwell Workstation Edition,rna004_fast@v6.0.0,10112,3.51142e+08,26233252352
NVIDIA RTX PRO 6000 Blackwell Workstation Edition,rna004_fast@v6.0.0,10176,3.7002e+08,26157757952
NVIDIA RTX PRO 6000 Blackwell Workstation Edition,rna004_fast@v6.0.0,10240,3.45032e+08,26283590144
NVIDIA RTX PRO 6000 Blackwell Workstation Edition,rna004_hac@v6.0.0,64,2.98503e+06,519612928
NVIDIA RTX PRO 6000 Blackwell Workstation Edition,rna004_hac@v6.0.0,128,5.98766e+06,1004831744
NVIDIA RTX PRO 6000 Blackwell Workstation Edition,rna004_hac@v6.0.0,192,8.95917e+06,1494030336
NVIDIA RTX PRO 6000 Blackwell Workstation Edition,rna004_hac@v6.0.0,256,1.1723e+07,1975711744
NVIDIA RTX PRO 6000 Blackwell Workstation Edition,rna004_hac@v6.0.0,320,1.46184e+07,2464940544
NVIDIA RTX PRO 6000 Blackwell Workstation Edition,rna004_hac@v6.0.0,384,1.69279e+07,2962383360
NVIDIA RTX PRO 6000 Blackwell Workstation Edition,rna004_hac@v6.0.0,448,2.0014e+07,3436379648
NVIDIA RTX PRO 6000 Blackwell Workstation Edition,rna004_hac@v6.0.0,512,2.28375e+07,3923495936
NVIDIA RTX PRO 6000 Blackwell Workstation Edition,rna004_hac@v6.0.0,576,2.51287e+07,4407272960
NVIDIA RTX PRO 6000 Blackwell Workstation Edition,rna004_hac@v6.0.0,640,2.78089e+07,4896420352
NVIDIA RTX PRO 6000 Blackwell Workstation Edition,rna004_hac@v6.0.0,704,3.06759e+07,5380318720
NVIDIA RTX PRO 6000 Blackwell Workstation Edition,rna004_hac@v6.0.0,768,3.26451e+07,5866200576
NVIDIA RTX PRO 6000 Blackwell Workstation Edition,rna004_hac@v6.0.0,832,3.45912e+07,6367397888
NVIDIA RTX PRO 6000 Blackwell Workstation Edition,rna004_hac@v6.0.0,896,3.71726e+07,6868550144
NVIDIA RTX PRO 6000 Blackwell Workstation Edition,rna004_hac@v6.0.0,960,3.98069e+07,7323529216
NVIDIA RTX PRO 6000 Blackwell Workstation Edition,rna004_hac@v6.0.0,1024,4.24901e+07,7811636736
NVIDIA RTX PRO 6000 Blackwell Workstation Edition,rna004_hac@v6.0.0,1088,4.41412e+07,8310587904
NVIDIA RTX PRO 6000 Blackwell Workstation Edition,rna004_hac@v6.0.0,1152,4.66724e+07,8801102336
NVIDIA RTX PRO 6000 Blackwell Workstation Edition,rna004_hac@v6.0.0,1216,4.79922e+07,9310876672
NVIDIA RTX PRO 6000 Blackwell Workstation Edition,rna004_hac@v6.0.0,1280,5.04382e+07,9777665536
NVIDIA RTX PRO 6000 Blackwell Workstation Edition,rna004_hac@v6.0.0,1344,5.8183e+07,10236829696
NVIDIA RTX PRO 6000 Blackwell Workstation Edition,rna004_hac@v6.0.0,1408,5.00026e+07,10759454720
NVIDIA RTX PRO 6000 Blackwell Workstation Edition,rna004_hac@v6.0.0,1472,3.48236e+07,11242770432
NVIDIA RTX PRO 6000 Blackwell Workstation Edition,rna004_hac@v6.0.0,1536,6.49467e+07,11697050624
NVIDIA RTX PRO 6000 Blackwell Workstation Edition,rna004_hac@v6.0.0,1600,3.62702e+07,12217217536
NVIDIA RTX PRO 6000 Blackwell Workstation Edition,rna004_hac@v6.0.0,1664,5.72831e+07,12699632128
NVIDIA RTX PRO 6000 Blackwell Workstation Edition,rna004_hac@v6.0.0,1728,6.95837e+07,13200557056
NVIDIA RTX PRO 6000 Blackwell Workstation Edition,rna004_hac@v6.0.0,1792,6.15802e+07,13682179072
NVIDIA RTX PRO 6000 Blackwell Workstation Edition,rna004_hac@v6.0.0,1856,4.19748e+07,14124666880
NVIDIA RTX PRO 6000 Blackwell Workstation Edition,rna004_hac@v6.0.0,1920,7.3561e+07,14651134976
NVIDIA RTX PRO 6000 Blackwell Workstation Edition,rna004_hac@v6.0.0,1984,4.28502e+07,15107702272
NVIDIA RTX PRO 6000 Blackwell Workstation Edition,rna004_hac@v6.0.0,2048,6.79041e+07,15631414784
NVIDIA RTX PRO 6000 Blackwell Workstation Edition,rna004_hac@v6.0.0,2112,4.57588e+07,16115835904
NVIDIA RTX PRO 6000 Blackwell Workstation Edition,rna004_hac@v6.0.0,2176,7.01716e+07,16597012480
NVIDIA RTX PRO 6000 Blackwell Workstation Edition,rna004_hac@v6.0.0,2240,4.84389e+07,17085731840
NVIDIA RTX PRO 6000 Blackwell Workstation Edition,rna004_hac@v6.0.0,2304,7.21735e+07,17567322624
NVIDIA RTX PRO 6000 Blackwell Workstation Edition,rna004_hac@v6.0.0,2368,4.88789e+07,18066629632
NVIDIA RTX PRO 6000 Blackwell Workstation Edition,rna004_hac@v6.0.0,2432,7.38826e+07,18553511936
NVIDIA RTX PRO 6000 Blackwell Workstation Edition,rna004_hac@v6.0.0,2496,5.14606e+07,19032872448
NVIDIA RTX PRO 6000 Blackwell Workstation Edition,rna004_hac@v6.0.0,2560,7.48819e+07,19519894016
NVIDIA RTX PRO 6000 Blackwell Workstation Edition,rna004_hac@v6.0.0,2624,4.09926e+07,20006934528
NVIDIA RTX PRO 6000 Blackwell Workstation Edition,rna004_hac@v6.0.0,2688,9.20132e+07,20500126208
NVIDIA RTX PRO 6000 Blackwell Workstation Edition,rna004_hac@v6.0.0,2752,4.03966e+07,20987577856
NVIDIA RTX PRO 6000 Blackwell Workstation Edition,rna004_hac@v6.0.0,2816,4.13406e+07,21469693952
NVIDIA RTX PRO 6000 Blackwell Workstation Edition,rna004_hac@v6.0.0,2880,9.00619e+07,21956353024
NVIDIA RTX PRO 6000 Blackwell Workstation Edition,rna004_hac@v6.0.0,2944,4.32027e+07,22448145920
NVIDIA RTX PRO 6000 Blackwell Workstation Edition,rna004_hac@v6.0.0,3008,4.41645e+07,22939283968
NVIDIA RTX PRO 6000 Blackwell Workstation Edition,rna004_hac@v6.0.0,3072,9.84539e+07,23436097024
NVIDIA RTX PRO 6000 Blackwell Workstation Edition,rna004_hac@v6.0.0,3136,4.60009e+07,23901399040
NVIDIA RTX PRO 6000 Blackwell Workstation Edition,rna004_hac@v6.0.0,3200,9.35268e+07,24393566208
NVIDIA RTX PRO 6000 Blackwell Workstation Edition,rna004_hac@v6.0.0,3264,1.01728e+08,24884569600
NVIDIA RTX PRO 6000 Blackwell Workstation Edition,rna004_hac@v6.0.0,3328,4.55725e+07,25368658432
NVIDIA RTX PRO 6000 Blackwell Workstation Edition,rna004_hac@v6.0.0,3392,4.64593e+07,25858949120
NVIDIA RTX PRO 6000 Blackwell Workstation Edition,rna004_hac@v6.0.0,3456,1.04217e+08,26354063360
NVIDIA RTX PRO 6000 Blackwell Workstation Edition,rna004_hac@v6.0.0,3520,4.82157e+07,26832856064
NVIDIA RTX PRO 6000 Blackwell Workstation Edition,rna004_hac@v6.0.0,3584,4.87831e+07,27321347584
NVIDIA RTX PRO 6000 Blackwell Workstation Edition,rna004_hac@v6.0.0,3648,1.06451e+08,27808971264
NVIDIA RTX PRO 6000 Blackwell Workstation Edition,rna004_hac@v6.0.0,3712,5.06737e+07,28293490688
NVIDIA RTX PRO 6000 Blackwell Workstation Edition,rna004_hac@v6.0.0,3776,5.13736e+07,28770329088
NVIDIA RTX PRO 6000 Blackwell Workstation Edition,rna004_hac@v6.0.0,3840,1.0818e+08,29263612416
NVIDIA RTX PRO 6000 Blackwell Workstation Edition,rna004_hac@v6.0.0,3904,4.19986e+07,29750734336
NVIDIA RTX PRO 6000 Blackwell Workstation Edition,rna004_hac@v6.0.0,3968,6.56407e+07,30240978432
NVIDIA RTX PRO 6000 Blackwell Workstation Edition,rna004_hac@v6.0.0,4032,1.09863e+08,30732899840
NVIDIA RTX PRO 6000 Blackwell Workstation Edition,rna004_hac@v6.0.0,4096,1.06402e+08,31218363904
NVIDIA RTX PRO 6000 Blackwell Workstation Edition,rna004_hac@v6.0.0,4160,4.4509e+07,31702108672
NVIDIA RTX PRO 6000 Blackwell Workstation Edition,rna004_hac@v6.0.0,4224,6.57563e+07,32189728256
NVIDIA RTX PRO 6000 Blackwell Workstation Edition,rna004_hac@v6.0.0,4288,4.59088e+07,32678260224
NVIDIA RTX PRO 6000 Blackwell Workstation Edition,rna004_hac@v6.0.0,4352,1.09693e+08,33169781248
NVIDIA RTX PRO 6000 Blackwell Workstation Edition,rna004_hac@v6.0.0,4416,4.71999e+07,33666557440
NVIDIA RTX PRO 6000 Blackwell Workstation Edition,rna004_hac@v6.0.0,4480,1.16928e+08,34144692736
NVIDIA RTX PRO 6000 Blackwell Workstation Edition,rna004_hac@v6.0.0,4544,4.85253e+07,34657409024
NVIDIA RTX PRO 6000 Blackwell Workstation Edition,rna004_hac@v6.0.0,4608,1.11018e+08,35110108672
NVIDIA RTX PRO 6000 Blackwell Workstation Edition,rna004_hac@v6.0.0,4672,4.54701e+07,35609548800
NVIDIA RTX PRO 6000 Blackwell Workstation Edition,rna004_hac@v6.0.0,4736,6.90387e+07,36114944512
NVIDIA RTX PRO 6000 Blackwell Workstation Edition,rna004_hac@v6.0.0,4800,4.67687e+07,36582687744
NVIDIA RTX PRO 6000 Blackwell Workstation Edition,rna004_hac@v6.0.0,4864,1.16408e+08,37071441920
NVIDIA RTX PRO 6000 Blackwell Workstation Edition,rna004_hac@v6.0.0,4928,4.7969e+07,37547496960
NVIDIA RTX PRO 6000 Blackwell Workstation Edition,rna004_hac@v6.0.0,4992,7.24239e+07,38031762432
NVIDIA RTX PRO 6000 Blackwell Workstation Edition,rna004_hac@v6.0.0,5056,4.90481e+07,38533928448
NVIDIA RTX PRO 6000 Blackwell Workstation Edition,rna004_hac@v6.0.0,5120,1.17496e+08,39012191232
NVIDIA RTX PRO 6000 Blackwell Workstation Edition,rna004_hac@v6.0.0,5184,7.00368e+07,39517359104
NVIDIA RTX PRO 6000 Blackwell Workstation Edition,rna004_hac@v6.0.0,5248,4.56139e+07,39987648512
NVIDIA RTX PRO 6000 Blackwell Workstation Edition,rna004_hac@v6.0.0,5312,4.61793e+07,40469246464
NVIDIA RTX PRO 6000 Blackwell Workstation Edition,rna004_hac@v6.0.0,5376,6.70357e+07,40971271168
NVIDIA RTX PRO 6000 Blackwell Workstation Edition,rna004_hac@v6.0.0,5440,8.36375e+07,41451396096
NVIDIA RTX PRO 6000 Blackwell Workstation Edition,rna004_hac@v6.0.0,5504,4.78247e+07,41953171968
NVIDIA RTX PRO 6000 Blackwell Workstation Edition,rna004_hac@v6.0.0,5568,6.97818e+07,42308559872
NVIDIA RTX PRO 6000 Blackwell Workstation Edition,rna004_hac@v6.0.0,5632,4.36251e+07,42900070400
NVIDIA RTX PRO 6000 Blackwell Workstation Edition,rna004_hac@v6.0.0,5696,4.43776e+07,43417934848
NVIDIA RTX PRO 6000 Blackwell Workstation Edition,rna004_hac@v6.0.0,5760,7.20442e+07,43883697664
NVIDIA RTX PRO 6000 Blackwell Workstation Edition,rna004_hac@v6.0.0,5824,4.53363e+07,44368336384
NVIDIA RTX PRO 6000 Blackwell Workstation Edition,rna004_hac@v6.0.0,5888,4.5686e+07,44859065856
NVIDIA RTX PRO 6000 Blackwell Workstation Edition,rna004_hac@v6.0.0,5952,4.62857e+07,45343201280
NVIDIA RTX PRO 6000 Blackwell Workstation Edition,rna004_hac@v6.0.0,6016,4.66608e+07,45842164736
NVIDIA RTX PRO 6000 Blackwell Workstation Edition,rna004_hac@v6.0.0,6080,8.73653e+07,46320762368
NVIDIA RTX PRO 6000 Blackwell Workstation Edition,rna004_hac@v6.0.0,6144,4.7092e+07,46807120384
NVIDIA RTX PRO 6000 Blackwell Workstation Edition,rna004_hac@v6.0.0,6208,4.80037e+07,47289705984
NVIDIA RTX PRO 6000 Blackwell Workstation Edition,rna004_hac@v6.0.0,6272,4.8355e+07,47768582656
NVIDIA RTX PRO 6000 Blackwell Workstation Edition,rna004_hac@v6.0.0,6336,4.87521e+07,48275888128
NVIDIA RTX PRO 6000 Blackwell Workstation Edition,rna004_hac@v6.0.0,6400,9.16391e+07,48759803392
NVIDIA RTX PRO 6000 Blackwell Workstation Edition,rna004_hac@v6.0.0,6464,4.38799e+07,49239149568
NVIDIA RTX PRO 6000 Blackwell Workstation Edition,rna004_hac@v6.0.0,6528,9.38921e+07,49727449600
NVIDIA RTX PRO 6000 Blackwell Workstation Edition,rna004_hac@v6.0.0,6592,4.45855e+07,50214580736
NVIDIA RTX PRO 6000 Blackwell Workstation Edition,rna004_hac@v6.0.0,6656,6.38543e+07,50709352448
NVIDIA RTX PRO 6000 Blackwell Workstation Edition,rna004_hac@v6.0.0,6720,9.61262e+07,51198299136
NVIDIA RTX PRO 6000 Blackwell Workstation Edition,rna004_hac@v6.0.0,6784,6.53939e+07,51678598144
NVIDIA RTX PRO 6000 Blackwell Workstation Edition,rna004_hac@v6.0.0,6848,4.6235e+07,52160982016
NVIDIA RTX PRO 6000 Blackwell Workstation Edition,rna004_hac@v6.0.0,6912,9.87256e+07,52650393600
NVIDIA RTX PRO 6000 Blackwell Workstation Edition,rna004_hac@v6.0.0,6976,4.6622e+07,53142377984
NVIDIA RTX PRO 6000 Blackwell Workstation Edition,rna004_hac@v6.0.0,7040,6.75861e+07,53628323840
NVIDIA RTX PRO 6000 Blackwell Workstation Edition,rna004_hac@v6.0.0,7104,1.01876e+08,54153741312
NVIDIA RTX PRO 6000 Blackwell Workstation Edition,rna004_hac@v6.0.0,7168,6.80113e+07,54597644288
NVIDIA RTX PRO 6000 Blackwell Workstation Edition,rna004_hac@v6.0.0,7232,4.86528e+07,55098955776
NVIDIA RTX PRO 6000 Blackwell Workstation Edition,rna004_hac@v6.0.0,7296,1.04292e+08,55585374208
NVIDIA RTX PRO 6000 Blackwell Workstation Edition,rna004_hac@v6.0.0,7360,4.93588e+07,56067971584
NVIDIA RTX PRO 6000 Blackwell Workstation Edition,rna004_hac@v6.0.0,7424,7.09049e+07,56545776128
NVIDIA RTX PRO 6000 Blackwell Workstation Edition,rna004_hac@v6.0.0,7488,1.00242e+08,57030389248
NVIDIA RTX PRO 6000 Blackwell Workstation Edition,rna004_hac@v6.0.0,7552,7.20687e+07,57522193408
NVIDIA RTX PRO 6000 Blackwell Workstation Edition,rna004_hac@v6.0.0,7616,4.94891e+07,58014108672
NVIDIA RTX PRO 6000 Blackwell Workstation Edition,rna004_hac@v6.0.0,7680,1.01634e+08,58498218496
NVIDIA RTX PRO 6000 Blackwell Workstation Edition,rna004_hac@v6.0.0,7744,4.20123e+07,58995793920
NVIDIA RTX PRO 6000 Blackwell Workstation Edition,rna004_hac@v6.0.0,7808,4.31944e+07,59307005440
NVIDIA RTX PRO 6000 Blackwell Workstation Edition,rna004_hac@v6.0.0,7872,4.76583e+07,60021514240
NVIDIA RTX PRO 6000 Blackwell Workstation Edition,rna004_hac@v6.0.0,7936,4.27339e+07,60449672704
NVIDIA RTX PRO 6000 Blackwell Workstation Edition,rna004_hac@v6.0.0,8000,4.36157e+07,60937596928
NVIDIA RTX PRO 6000 Blackwell Workstation Edition,rna004_hac@v6.0.0,8064,1.0714e+08,61417984000
NVIDIA RTX PRO 6000 Blackwell Workstation Edition,rna004_hac@v6.0.0,8128,4.31446e+07,61906177536
NVIDIA RTX PRO 6000 Blackwell Workstation Edition,rna004_hac@v6.0.0,8192,4.63521e+07,62400439296
NVIDIA RTX PRO 6000 Blackwell Workstation Edition,rna004_hac@v6.0.0,8256,4.42121e+07,62881600512
NVIDIA RTX PRO 6000 Blackwell Workstation Edition,rna004_hac@v6.0.0,8320,4.89776e+07,63365316096
NVIDIA RTX PRO 6000 Blackwell Workstation Edition,rna004_hac@v6.0.0,8384,4.38751e+07,63847081984
NVIDIA RTX PRO 6000 Blackwell Workstation Edition,rna004_hac@v6.0.0,8448,4.402e+07,64347868672
NVIDIA RTX PRO 6000 Blackwell Workstation Edition,rna004_hac@v6.0.0,8512,1.12595e+08,64897790464
NVIDIA RTX PRO 6000 Blackwell Workstation Edition,rna004_hac@v6.0.0,8576,4.97021e+07,65375806976
NVIDIA RTX PRO 6000 Blackwell Workstation Edition,rna004_hac@v6.0.0,8640,5.04376e+07,65820753408
NVIDIA RTX PRO 6000 Blackwell Workstation Edition,rna004_hac@v6.0.0,8704,4.60006e+07,66284365312
NVIDIA RTX PRO 6000 Blackwell Workstation Edition,rna004_hac@v6.0.0,8768,5.03921e+07,66824983552
NVIDIA RTX PRO 6000 Blackwell Workstation Edition,rna004_hac@v6.0.0,8832,5.03383e+07,67285970432
NVIDIA RTX PRO 6000 Blackwell Workstation Edition,rna004_hac@v6.0.0,8896,5.08529e+07,67576630784
NVIDIA RTX PRO 6000 Blackwell Workstation Edition,rna004_hac@v6.0.0,8960,1.10045e+08,68038680064
NVIDIA RTX PRO 6000 Blackwell Workstation Edition,rna004_hac@v6.0.0,9024,6.85768e+07,68523188736
NVIDIA RTX PRO 6000 Blackwell Workstation Edition,rna004_hac@v6.0.0,9088,6.88502e+07,69005471232
NVIDIA RTX PRO 6000 Blackwell Workstation Edition,rna004_hac@v6.0.0,9152,4.37419e+07,69519115776
NVIDIA RTX PRO 6000 Blackwell Workstation Edition,rna004_hac@v6.0.0,9216,6.68918e+07,69976432640
NVIDIA RTX PRO 6000 Blackwell Workstation Edition,rna004_hac@v6.0.0,9280,8.77126e+07,70489013760
NVIDIA RTX PRO 6000 Blackwell Workstation Edition,rna004_hac@v6.0.0,9344,7.0437e+07,71008403456
NVIDIA RTX PRO 6000 Blackwell Workstation Edition,rna004_hac@v6.0.0,9408,7.12048e+07,71476355072
NVIDIA RTX PRO 6000 Blackwell Workstation Edition,rna004_hac@v6.0.0,9472,1.07054e+08,71933643776
NVIDIA RTX PRO 6000 Blackwell Workstation Edition,rna004_hac@v6.0.0,9536,4.42885e+07,72409422848
NVIDIA RTX PRO 6000 Blackwell Workstation Edition,rna004_hac@v6.0.0,9600,9.03816e+07,72917737984
NVIDIA RTX PRO 6000 Blackwell Workstation Edition,rna004_hac@v6.0.0,9664,4.50601e+07,73384200704
NVIDIA RTX PRO 6000 Blackwell Workstation Edition,rna004_hac@v6.0.0,9728,1.09366e+08,73908787200
NVIDIA RTX PRO 6000 Blackwell Workstation Edition,rna004_hac@v6.0.0,9792,5.03695e+07,74424067072
NVIDIA RTX PRO 6000 Blackwell Workstation Edition,rna004_hac@v6.0.0,9856,6.53365e+07,74883762688
NVIDIA RTX PRO 6000 Blackwell Workstation Edition,rna004_hac@v6.0.0,9920,4.48298e+07,75368444928
NVIDIA RTX PRO 6000 Blackwell Workstation Edition,rna004_hac@v6.0.0,9984,1.12402e+08,75851049472
NVIDIA RTX PRO 6000 Blackwell Workstation Edition,rna004_hac@v6.0.0,10048,4.57703e+07,76337415680
NVIDIA RTX PRO 6000 Blackwell Workstation Edition,rna004_hac@v6.0.0,10112,7.17161e+07,76840848896
NVIDIA RTX PRO 6000 Blackwell Workstation Edition,rna004_hac@v6.0.0,10176,4.56918e+07,77322792448
NVIDIA RTX PRO 6000 Blackwell Workstation Edition,rna004_hac@v6.0.0,10240,1.12187e+08,77798877184
NVIDIA RTX PRO 6000 Blackwell Workstation Edition,rna004_sup@v6.0.0,32,1.1436e+07,2576172032
NVIDIA RTX PRO 6000 Blackwell Workstation Edition,rna004_sup@v6.0.0,64,1.48337e+07,3750611456
NVIDIA RTX PRO 6000 Blackwell Workstation Edition,rna004_sup@v6.0.0,96,1.65615e+07,4922035712
NVIDIA RTX PRO 6000 Blackwell Workstation Edition,rna004_sup@v6.0.0,128,1.78291e+07,6112596992
NVIDIA RTX PRO 6000 Blackwell Workstation Edition,rna004_sup@v6.0.0,160,1.84823e+07,7301192192
NVIDIA RTX PRO 6000 Blackwell Workstation Edition,rna004_sup@v6.0.0,192,1.79453e+07,8491687936
NVIDIA RTX PRO 6000 Blackwell Workstation Edition,rna004_sup@v6.0.0,224,1.84651e+07,9681693184
NVIDIA RTX PRO 6000 Blackwell Workstation Edition,rna004_sup@v6.0.0,256,1.86869e+07,10873007104
NVIDIA RTX PRO 6000 Blackwell Workstation Edition,rna004_sup@v6.0.0,288,1.89676e+07,12063437312
NVIDIA RTX PRO 6000 Blackwell Workstation Edition,rna004_sup@v6.0.0,320,1.92839e+07,13253933056
NVIDIA RTX PRO 6000 Blackwell Workstation Edition,rna004_sup@v6.0.0,352,1.92919e+07,14441808896
NVIDIA RTX PRO 6000 Blackwell Workstation Edition,rna004_sup@v6.0.0,384,1.89866e+07,15636695552
NVIDIA RTX PRO 6000 Blackwell Workstation Edition,rna004_sup@v6.0.0,416,1.90416e+07,16826370560
NVIDIA RTX PRO 6000 Blackwell Workstation Edition,rna004_sup@v6.0.0,448,1.96682e+07,18016114688
NVIDIA RTX PRO 6000 Blackwell Workstation Edition,rna004_sup@v6.0.0,480,1.92305e+07,19206774272
NVIDIA RTX PRO 6000 Blackwell Workstation Edition,rna004_sup@v6.0.0,512,1.95577e+07,20398810112
NVIDIA RTX PRO 6000 Blackwell Workstation Edition,rna004_sup@v6.0.0,544,1.9882e+07,21591663104
NVIDIA RTX PRO 6000 Blackwell Workstation Edition,rna004_sup@v6.0.0,576,1.89882e+07,22779930624
NVIDIA RTX PRO 6000 Blackwell Workstation Edition,rna004_sup@v6.0.0,608,1.89022e+07,23972624384
NVIDIA RTX PRO 6000 Blackwell Workstation Edition,rna004_sup@v6.0.0,640,1.98679e+07,25160924672
NVIDIA RTX PRO 6000 Blackwell Workstation Edition,rna004_sup@v6.0.0,672,1.96079e+07,26352695808
NVIDIA RTX PRO 6000 Blackwell Workstation Edition,rna004_sup@v6.0.0,704,1.93119e+07,27540540416
NVIDIA RTX PRO 6000 Blackwell Workstation Edition,rna004_sup@v6.0.0,736,2.01113e+07,28730872320
NVIDIA RTX PRO 6000 Blackwell Workstation Edition,rna004_sup@v6.0.0,768,1.95718e+07,29924087808
NVIDIA RTX PRO 6000 Blackwell Workstation Edition,rna004_sup@v6.0.0,800,1.89774e+07,31116058624
NVIDIA RTX PRO 6000 Blackwell Workstation Edition,rna004_sup@v6.0.0,832,1.96995e+07,32303834624
