NVIDIA H100 PCIe,dna_r10.4.1_e8.2_400bps_fast@v5.2.0,64,2.33263e+07,1223602688
NVIDIA H100 PCIe,dna_r10.4.1_e8.2_400bps_fast@v5.2.0,128,4.84815e+07,1371934720
NVIDIA H100 PCIe,dna_r10.4.1_e8.2_400bps_fast@v5.2.0,192,7.00993e+07,1518170112
NVIDIA H100 PCIe,dna_r10.4.1_e8.2_400bps_fast@v5.2.0,256,8.74869e+07,1666501120
NVIDIA H100 PCIe,dna_r10.4.1_e8.2_400bps_fast@v5.2.0,320,1.09589e+08,1812736512
NVIDIA H100 PCIe,dna_r10.4.1_e8.2_400bps_fast@v5.2.0,384,1.14654e+08,1958971392
NVIDIA H100 PCIe,dna_r10.4.1_e8.2_400bps_fast@v5.2.0,448,1.43431e+08,2105206784
NVIDIA H100 PCIe,dna_r10.4.1_e8.2_400bps_fast@v5.2.0,512,1.43916e+08,2253537792
NVIDIA H100 PCIe,dna_r10.4.1_e8.2_400bps_fast@v5.2.0,576,1.59225e+08,2399773184
NVIDIA H100 PCIe,dna_r10.4.1_e8.2_400bps_fast@v5.2.0,640,1.66951e+08,2548105216
NVIDIA H100 PCIe,dna_r10.4.1_e8.2_400bps_fast@v5.2.0,704,1.83772e+08,2693454848
NVIDIA H100 PCIe,dna_r10.4.1_e8.2_400bps_fast@v5.2.0,768,1.98019e+08,2840574464
NVIDIA H100 PCIe,dna_r10.4.1_e8.2_400bps_fast@v5.2.0,832,2.07088e+08,2987097600
NVIDIA H100 PCIe,dna_r10.4.1_e8.2_400bps_fast@v5.2.0,896,2.20804e+08,3137130496
NVIDIA H100 PCIe,dna_r10.4.1_e8.2_400bps_fast@v5.2.0,960,2.04498e+08,3283474432
NVIDIA H100 PCIe,dna_r10.4.1_e8.2_400bps_fast@v5.2.0,1024,2.14953e+08,3428610560
NVIDIA H100 PCIe,dna_r10.4.1_e8.2_400bps_fast@v5.2.0,1088,2.2125e+08,3575943680
NVIDIA H100 PCIe,dna_r10.4.1_e8.2_400bps_fast@v5.2.0,1152,2.28283e+08,3722254336
NVIDIA H100 PCIe,dna_r10.4.1_e8.2_400bps_fast@v5.2.0,1216,2.35561e+08,3872929280
NVIDIA H100 PCIe,dna_r10.4.1_e8.2_400bps_fast@v5.2.0,1280,2.37498e+08,4016744960
NVIDIA H100 PCIe,dna_r10.4.1_e8.2_400bps_fast@v5.2.0,1344,2.50221e+08,4163767808
NVIDIA H100 PCIe,dna_r10.4.1_e8.2_400bps_fast@v5.2.0,1408,2.39243e+08,4309215232
NVIDIA H100 PCIe,dna_r10.4.1_e8.2_400bps_fast@v5.2.0,1472,2.46869e+08,4461605888
NVIDIA H100 PCIe,dna_r10.4.1_e8.2_400bps_fast@v5.2.0,1536,2.49175e+08,4605280768
NVIDIA H100 PCIe,dna_r10.4.1_e8.2_400bps_fast@v5.2.0,1600,2.50085e+08,4755248640
NVIDIA H100 PCIe,dna_r10.4.1_e8.2_400bps_fast@v5.2.0,1664,2.59421e+08,4898924544
NVIDIA H100 PCIe,dna_r10.4.1_e8.2_400bps_fast@v5.2.0,1728,2.62979e+08,5047607296
NVIDIA H100 PCIe,dna_r10.4.1_e8.2_400bps_fast@v5.2.0,1792,2.68608e+08,5194730496
NVIDIA H100 PCIe,dna_r10.4.1_e8.2_400bps_fast@v5.2.0,1856,2.56432e+08,5340644864
NVIDIA H100 PCIe,dna_r10.4.1_e8.2_400bps_fast@v5.2.0,1920,2.58964e+08,5490405376
NVIDIA H100 PCIe,dna_r10.4.1_e8.2_400bps_fast@v5.2.0,1984,2.65486e+08,5634081792
NVIDIA H100 PCIe,dna_r10.4.1_e8.2_400bps_fast@v5.2.0,2048,2.70788e+08,5783474688
NVIDIA H100 PCIe,dna_r10.4.1_e8.2_400bps_fast@v5.2.0,2112,2.71414e+08,5930418688
NVIDIA H100 PCIe,dna_r10.4.1_e8.2_400bps_fast@v5.2.0,2176,2.74343e+08,6075765248
NVIDIA H100 PCIe,dna_r10.4.1_e8.2_400bps_fast@v5.2.0,2240,2.78125e+08,6223465472
NVIDIA H100 PCIe,dna_r10.4.1_e8.2_400bps_fast@v5.2.0,2304,2.68061e+08,6369237504
NVIDIA H100 PCIe,dna_r10.4.1_e8.2_400bps_fast@v5.2.0,2368,2.70634e+08,6517493248
NVIDIA H100 PCIe,dna_r10.4.1_e8.2_400bps_fast@v5.2.0,2432,2.73762e+08,6666394112
NVIDIA H100 PCIe,dna_r10.4.1_e8.2_400bps_fast@v5.2.0,2496,2.79556e+08,6809003520
NVIDIA H100 PCIe,dna_r10.4.1_e8.2_400bps_fast@v5.2.0,2560,2.77974e+08,6958621184
NVIDIA H100 PCIe,dna_r10.4.1_e8.2_400bps_fast@v5.2.0,2624,2.83237e+08,7106491904
NVIDIA H100 PCIe,dna_r10.4.1_e8.2_400bps_fast@v5.2.0,2688,2.84999e+08,7305644544
NVIDIA H100 PCIe,dna_r10.4.1_e8.2_400bps_fast@v5.2.0,2752,2.77301e+08,7402509824
NVIDIA H100 PCIe,dna_r10.4.1_e8.2_400bps_fast@v5.2.0,2816,2.76261e+08,7601416704
NVIDIA H100 PCIe,dna_r10.4.1_e8.2_400bps_fast@v5.2.0,2880,2.78008e+08,7753070080
NVIDIA H100 PCIe,dna_r10.4.1_e8.2_400bps_fast@v5.2.0,2944,2.82281e+08,7904563200
NVIDIA H100 PCIe,dna_r10.4.1_e8.2_400bps_fast@v5.2.0,3008,2.84279e+08,7988336128
NVIDIA H100 PCIe,dna_r10.4.1_e8.2_400bps_fast@v5.2.0,3072,2.86644e+08,8133681664
NVIDIA H100 PCIe,dna_r10.4.1_e8.2_400bps_fast@v5.2.0,3136,2.90276e+08,8279028224
NVIDIA H100 PCIe,dna_r10.4.1_e8.2_400bps_fast@v5.2.0,3200,2.76629e+08,8428404736
NVIDIA H100 PCIe,dna_r10.4.1_e8.2_400bps_fast@v5.2.0,3264,2.81548e+08,8577732608
NVIDIA H100 PCIe,dna_r10.4.1_e8.2_400bps_fast@v5.2.0,3328,2.82451e+08,8788754944
NVIDIA H100 PCIe,dna_r10.4.1_e8.2_400bps_fast@v5.2.0,3392,2.79627e+08,8868802048
NVIDIA H100 PCIe,dna_r10.4.1_e8.2_400bps_fast@v5.2.0,3456,2.85459e+08,9083354624
NVIDIA H100 PCIe,dna_r10.4.1_e8.2_400bps_fast@v5.2.0,3520,2.91161e+08,9161995264
NVIDIA H100 PCIe,dna_r10.4.1_e8.2_400bps_fast@v5.2.0,3584,2.88028e+08,9387284992
NVIDIA H100 PCIe,dna_r10.4.1_e8.2_400bps_fast@v5.2.0,3648,2.92181e+08,9457761792
NVIDIA H100 PCIe,dna_r10.4.1_e8.2_400bps_fast@v5.2.0,3712,2.7606e+08,9604565504
NVIDIA H100 PCIe,dna_r10.4.1_e8.2_400bps_fast@v5.2.0,3776,2.74917e+08,9822685184
NVIDIA H100 PCIe,dna_r10.4.1_e8.2_400bps_fast@v5.2.0,3840,2.79167e+08,9897150976
NVIDIA H100 PCIe,dna_r10.4.1_e8.2_400bps_fast@v5.2.0,3904,2.84347e+08,10045021696
NVIDIA H100 PCIe,dna_r10.4.1_e8.2_400bps_fast@v5.2.0,3968,2.80542e+08,10271290880
NVIDIA H100 PCIe,dna_r10.4.1_e8.2_400bps_fast@v5.2.0,4032,2.83581e+08,10338584064
NVIDIA H100 PCIe,dna_r10.4.1_e8.2_400bps_fast@v5.2.0,4096,2.88058e+08,10487534080
NVIDIA H100 PCIe,dna_r10.4.1_e8.2_400bps_fast@v5.2.0,4160,2.76686e+08,10630570496
NVIDIA H100 PCIe,dna_r10.4.1_e8.2_400bps_fast@v5.2.0,4224,2.80696e+08,10780178432
NVIDIA H100 PCIe,dna_r10.4.1_e8.2_400bps_fast@v5.2.0,4288,2.84438e+08,10924622336
NVIDIA H100 PCIe,dna_r10.4.1_e8.2_400bps_fast@v5.2.0,4352,2.78783e+08,11072065024
NVIDIA H100 PCIe,dna_r10.4.1_e8.2_400bps_fast@v5.2.0,4416,2.87196e+08,11223600640
NVIDIA H100 PCIe,dna_r10.4.1_e8.2_400bps_fast@v5.2.0,4480,2.90924e+08,11368307200
NVIDIA H100 PCIe,dna_r10.4.1_e8.2_400bps_fast@v5.2.0,4544,2.94341e+08,11515110912
NVIDIA H100 PCIe,dna_r10.4.1_e8.2_400bps_fast@v5.2.0,4608,2.89832e+08,11659817472
NVIDIA H100 PCIe,dna_r10.4.1_e8.2_400bps_fast@v5.2.0,4672,2.85727e+08,11809282560
NVIDIA H100 PCIe,dna_r10.4.1_e8.2_400bps_fast@v5.2.0,4736,2.86342e+08,11956726272
NVIDIA H100 PCIe,dna_r10.4.1_e8.2_400bps_fast@v5.2.0,4800,2.89703e+08,12102072832
NVIDIA H100 PCIe,dna_r10.4.1_e8.2_400bps_fast@v5.2.0,4864,2.84116e+08,12251226624
NVIDIA H100 PCIe,dna_r10.4.1_e8.2_400bps_fast@v5.2.0,4928,2.90836e+08,12395933184
NVIDIA H100 PCIe,dna_r10.4.1_e8.2_400bps_fast@v5.2.0,4992,2.94181e+08,12542736896
NVIDIA H100 PCIe,dna_r10.4.1_e8.2_400bps_fast@v5.2.0,5056,2.88556e+08,12691846656
NVIDIA H100 PCIe,dna_r10.4.1_e8.2_400bps_fast@v5.2.0,5120,2.90123e+08,12835095040
NVIDIA H100 PCIe,dna_r10.4.1_e8.2_400bps_fast@v5.2.0,5184,2.85838e+08,12984635904
NVIDIA H100 PCIe,dna_r10.4.1_e8.2_400bps_fast@v5.2.0,5248,2.84748e+08,13134146048
NVIDIA H100 PCIe,dna_r10.4.1_e8.2_400bps_fast@v5.2.0,5312,2.87555e+08,13278852608
NVIDIA H100 PCIe,dna_r10.4.1_e8.2_400bps_fast@v5.2.0,5376,2.93055e+08,13425656320
NVIDIA H100 PCIe,dna_r10.4.1_e8.2_400bps_fast@v5.2.0,5440,2.86537e+08,13570362880
NVIDIA H100 PCIe,dna_r10.4.1_e8.2_400bps_fast@v5.2.0,5504,2.87169e+08,13719756288
NVIDIA H100 PCIe,dna_r10.4.1_e8.2_400bps_fast@v5.2.0,5568,2.8417e+08,13867200000
NVIDIA H100 PCIe,dna_r10.4.1_e8.2_400bps_fast@v5.2.0,5632,2.88116e+08,14012545536
NVIDIA H100 PCIe,dna_r10.4.1_e8.2_400bps_fast@v5.2.0,5696,2.8974e+08,14161772032
NVIDIA H100 PCIe,dna_r10.4.1_e8.2_400bps_fast@v5.2.0,5760,2.91473e+08,14306478592
NVIDIA H100 PCIe,dna_r10.4.1_e8.2_400bps_fast@v5.2.0,5824,2.94553e+08,14453282304
NVIDIA H100 PCIe,dna_r10.4.1_e8.2_400bps_fast@v5.2.0,5888,2.89234e+08,14606377472
NVIDIA H100 PCIe,dna_r10.4.1_e8.2_400bps_fast@v5.2.0,5952,2.91684e+08,14748986880
NVIDIA H100 PCIe,dna_r10.4.1_e8.2_400bps_fast@v5.2.0,6016,2.92933e+08,14899984896
NVIDIA H100 PCIe,dna_r10.4.1_e8.2_400bps_fast@v5.2.0,6080,2.86826e+08,15040497152
NVIDIA H100 PCIe,dna_r10.4.1_e8.2_400bps_fast@v5.2.0,6144,2.87254e+08,15189398016
NVIDIA H100 PCIe,dna_r10.4.1_e8.2_400bps_fast@v5.2.0,6208,2.90259e+08,15336201728
NVIDIA H100 PCIe,dna_r10.4.1_e8.2_400bps_fast@v5.2.0,6272,2.92772e+08,15480908288
NVIDIA H100 PCIe,dna_r10.4.1_e8.2_400bps_fast@v5.2.0,6336,2.97971e+08,15634003456
NVIDIA H100 PCIe,dna_r10.4.1_e8.2_400bps_fast@v5.2.0,6400,2.88559e+08,15780807168
NVIDIA H100 PCIe,dna_r10.4.1_e8.2_400bps_fast@v5.2.0,6464,2.87306e+08,15925513728
NVIDIA H100 PCIe,dna_r10.4.1_e8.2_400bps_fast@v5.2.0,6528,2.93299e+08,16072317440
NVIDIA H100 PCIe,dna_r10.4.1_e8.2_400bps_fast@v5.2.0,6592,2.95293e+08,16217024000
NVIDIA H100 PCIe,dna_r10.4.1_e8.2_400bps_fast@v5.2.0,6656,2.86429e+08,16365924864
NVIDIA H100 PCIe,dna_r10.4.1_e8.2_400bps_fast@v5.2.0,6720,2.8791e+08,16516922880
NVIDIA H100 PCIe,dna_r10.4.1_e8.2_400bps_fast@v5.2.0,6784,2.92228e+08,16659532288
NVIDIA H100 PCIe,dna_r10.4.1_e8.2_400bps_fast@v5.2.0,6848,2.93101e+08,16808433152
NVIDIA H100 PCIe,dna_r10.4.1_e8.2_400bps_fast@v5.2.0,6912,2.78922e+08,16951042560
NVIDIA H100 PCIe,dna_r10.4.1_e8.2_400bps_fast@v5.2.0,6976,2.84699e+08,17102040576
NVIDIA H100 PCIe,dna_r10.4.1_e8.2_400bps_fast@v5.2.0,7040,2.86582e+08,17246747136
NVIDIA H100 PCIe,dna_r10.4.1_e8.2_400bps_fast@v5.2.0,7104,2.91097e+08,17391453696
NVIDIA H100 PCIe,dna_r10.4.1_e8.2_400bps_fast@v5.2.0,7168,2.93111e+08,17542451712
NVIDIA H100 PCIe,dna_r10.4.1_e8.2_400bps_fast@v5.2.0,7232,2.97017e+08,17687158272
NVIDIA H100 PCIe,dna_r10.4.1_e8.2_400bps_fast@v5.2.0,7296,2.97453e+08,17838156288
NVIDIA H100 PCIe,dna_r10.4.1_e8.2_400bps_fast@v5.2.0,7360,2.86489e+08,17982862848
NVIDIA H100 PCIe,dna_r10.4.1_e8.2_400bps_fast@v5.2.0,7424,2.89648e+08,18127569408
NVIDIA H100 PCIe,dna_r10.4.1_e8.2_400bps_fast@v5.2.0,7488,2.91869e+08,18274373120
NVIDIA H100 PCIe,dna_r10.4.1_e8.2_400bps_fast@v5.2.0,7552,2.91945e+08,18421176832
NVIDIA H100 PCIe,dna_r10.4.1_e8.2_400bps_fast@v5.2.0,7616,2.81498e+08,18572174848
NVIDIA H100 PCIe,dna_r10.4.1_e8.2_400bps_fast@v5.2.0,7680,2.84089e+08,18721075712
NVIDIA H100 PCIe,dna_r10.4.1_e8.2_400bps_fast@v5.2.0,7744,2.87397e+08,18861587968
NVIDIA H100 PCIe,dna_r10.4.1_e8.2_400bps_fast@v5.2.0,7808,2.90406e+08,19010488832
NVIDIA H100 PCIe,dna_r10.4.1_e8.2_400bps_fast@v5.2.0,7872,2.90322e+08,19159389696
NVIDIA H100 PCIe,dna_r10.4.1_e8.2_400bps_fast@v5.2.0,7936,2.94228e+08,19304096256
NVIDIA H100 PCIe,dna_r10.4.1_e8.2_400bps_fast@v5.2.0,8000,2.95831e+08,19455094272
NVIDIA H100 PCIe,dna_r10.4.1_e8.2_400bps_fast@v5.2.0,8064,2.82056e+08,19597703680
NVIDIA H100 PCIe,dna_r10.4.1_e8.2_400bps_fast@v5.2.0,8128,2.858e+08,19744507392
NVIDIA H100 PCIe,dna_r10.4.1_e8.2_400bps_fast@v5.2.0,8192,2.85997e+08,19895505408
NVIDIA H100 PCIe,dna_r10.4.1_e8.2_400bps_fast@v5.2.0,8256,2.8508e+08,20040211968
NVIDIA H100 PCIe,dna_r10.4.1_e8.2_400bps_fast@v5.2.0,8320,2.92471e+08,20153461248
NVIDIA H100 PCIe,dna_r10.4.1_e8.2_400bps_fast@v5.2.0,8384,2.9231e+08,20262516224
NVIDIA H100 PCIe,dna_r10.4.1_e8.2_400bps_fast@v5.2.0,8448,2.9135e+08,20379959808
NVIDIA H100 PCIe,dna_r10.4.1_e8.2_400bps_fast@v5.2.0,8512,2.83139e+08,20497403392
NVIDIA H100 PCIe,dna_r10.4.1_e8.2_400bps_fast@v5.2.0,8576,2.79807e+08,20606458368
NVIDIA H100 PCIe,dna_r10.4.1_e8.2_400bps_fast@v5.2.0,8640,2.81044e+08,20721804800
NVIDIA H100 PCIe,dna_r10.4.1_e8.2_400bps_fast@v5.2.0,8704,2.87385e+08,20828762624
NVIDIA H100 PCIe,dna_r10.4.1_e8.2_400bps_fast@v5.2.0,8768,2.88778e+08,20944109056
NVIDIA H100 PCIe,dna_r10.4.1_e8.2_400bps_fast@v5.2.0,8832,2.89851e+08,21063649792
NVIDIA H100 PCIe,dna_r10.4.1_e8.2_400bps_fast@v5.2.0,8896,2.94159e+08,21174801920
NVIDIA H100 PCIe,dna_r10.4.1_e8.2_400bps_fast@v5.2.0,8960,2.94303e+08,21288051200
NVIDIA H100 PCIe,dna_r10.4.1_e8.2_400bps_fast@v5.2.0,9024,2.73093e+08,21403397632
NVIDIA H100 PCIe,dna_r10.4.1_e8.2_400bps_fast@v5.2.0,9088,2.77733e+08,21510355456
NVIDIA H100 PCIe,dna_r10.4.1_e8.2_400bps_fast@v5.2.0,9152,2.84042e+08,21627799040
NVIDIA H100 PCIe,dna_r10.4.1_e8.2_400bps_fast@v5.2.0,9216,2.86395e+08,21738951168
NVIDIA H100 PCIe,dna_r10.4.1_e8.2_400bps_fast@v5.2.0,9280,2.88395e+08,21856394752
NVIDIA H100 PCIe,dna_r10.4.1_e8.2_400bps_fast@v5.2.0,9344,2.91143e+08,21971741184
NVIDIA H100 PCIe,dna_r10.4.1_e8.2_400bps_fast@v5.2.0,9408,2.92371e+08,22078699008
NVIDIA H100 PCIe,dna_r10.4.1_e8.2_400bps_fast@v5.2.0,9472,2.93236e+08,22196142592
NVIDIA H100 PCIe,dna_r10.4.1_e8.2_400bps_fast@v5.2.0,9536,2.97093e+08,22305197568
NVIDIA H100 PCIe,dna_r10.4.1_e8.2_400bps_fast@v5.2.0,9600,2.72689e+08,22420544000
NVIDIA H100 PCIe,dna_r10.4.1_e8.2_400bps_fast@v5.2.0,9664,2.82996e+08,22537987584
NVIDIA H100 PCIe,dna_r10.4.1_e8.2_400bps_fast@v5.2.0,9728,2.76162e+08,22647042560
NVIDIA H100 PCIe,dna_r10.4.1_e8.2_400bps_fast@v5.2.0,9792,2.79879e+08,22762388992
NVIDIA H100 PCIe,dna_r10.4.1_e8.2_400bps_fast@v5.2.0,9856,2.79712e+08,22873541120
NVIDIA H100 PCIe,dna_r10.4.1_e8.2_400bps_fast@v5.2.0,9920,2.8448e+08,22986790400
NVIDIA H100 PCIe,dna_r10.4.1_e8.2_400bps_fast@v5.2.0,9984,2.78654e+08,23102136832
NVIDIA H100 PCIe,dna_r10.4.1_e8.2_400bps_fast@v5.2.0,10048,2.8696e+08,23211191808
NVIDIA H100 PCIe,dna_r10.4.1_e8.2_400bps_fast@v5.2.0,10112,2.93266e+08,23330732544
NVIDIA H100 PCIe,dna_r10.4.1_e8.2_400bps_fast@v5.2.0,10176,2.76361e+08,23446078976
NVIDIA H100 PCIe,dna_r10.4.1_e8.2_400bps_fast@v5.2.0,10240,2.76697e+08,23555133952
NVIDIA H100 PCIe,dna_r10.4.1_e8.2_400bps_hac@v5.2.0,64,4.52795e+06,419169792
NVIDIA H100 PCIe,dna_r10.4.1_e8.2_400bps_hac@v5.2.0,128,8.4081e+06,810837504
NVIDIA H100 PCIe,dna_r10.4.1_e8.2_400bps_hac@v5.2.0,192,1.24154e+07,1201661952
NVIDIA H100 PCIe,dna_r10.4.1_e8.2_400bps_hac@v5.2.0,256,1.62656e+07,1588792832
NVIDIA H100 PCIe,dna_r10.4.1_e8.2_400bps_hac@v5.2.0,320,2.03215e+07,1979669504
NVIDIA H100 PCIe,dna_r10.4.1_e8.2_400bps_hac@v5.2.0,384,2.39926e+07,2371035136
NVIDIA H100 PCIe,dna_r10.4.1_e8.2_400bps_hac@v5.2.0,448,2.70382e+07,2760216576
NVIDIA H100 PCIe,dna_r10.4.1_e8.2_400bps_hac@v5.2.0,512,3.08979e+07,3151370752
NVIDIA H100 PCIe,dna_r10.4.1_e8.2_400bps_hac@v5.2.0,576,3.48149e+07,3551262208
NVIDIA H100 PCIe,dna_r10.4.1_e8.2_400bps_hac@v5.2.0,640,3.86476e+07,3941356544
NVIDIA H100 PCIe,dna_r10.4.1_e8.2_400bps_hac@v5.2.0,704,4.16895e+07,4338171904
NVIDIA H100 PCIe,dna_r10.4.1_e8.2_400bps_hac@v5.2.0,768,4.4746e+07,4736084480
NVIDIA H100 PCIe,dna_r10.4.1_e8.2_400bps_hac@v5.2.0,832,4.76534e+07,5118451712
NVIDIA H100 PCIe,dna_r10.4.1_e8.2_400bps_hac@v5.2.0,896,5.04252e+07,5510524416
NVIDIA H100 PCIe,dna_r10.4.1_e8.2_400bps_hac@v5.2.0,960,5.29232e+07,5904469504
NVIDIA H100 PCIe,dna_r10.4.1_e8.2_400bps_hac@v5.2.0,1024,5.51896e+07,6291827200
NVIDIA H100 PCIe,dna_r10.4.1_e8.2_400bps_hac@v5.2.0,1088,5.90319e+07,6687878656
NVIDIA H100 PCIe,dna_r10.4.1_e8.2_400bps_hac@v5.2.0,1152,6.12047e+07,7072487424
NVIDIA H100 PCIe,dna_r10.4.1_e8.2_400bps_hac@v5.2.0,1216,6.45274e+07,7465508864
NVIDIA H100 PCIe,dna_r10.4.1_e8.2_400bps_hac@v5.2.0,1280,6.7895e+07,7854739456
NVIDIA H100 PCIe,dna_r10.4.1_e8.2_400bps_hac@v5.2.0,1344,6.99779e+07,8246279680
NVIDIA H100 PCIe,dna_r10.4.1_e8.2_400bps_hac@v5.2.0,1408,7.29002e+07,8645587968
NVIDIA H100 PCIe,dna_r10.4.1_e8.2_400bps_hac@v5.2.0,1472,7.5282e+07,9031854592
NVIDIA H100 PCIe,dna_r10.4.1_e8.2_400bps_hac@v5.2.0,1536,7.83295e+07,9432115200
NVIDIA H100 PCIe,dna_r10.4.1_e8.2_400bps_hac@v5.2.0,1600,8.01029e+07,9817384960
NVIDIA H100 PCIe,dna_r10.4.1_e8.2_400bps_hac@v5.2.0,1664,8.30558e+07,10212614144
NVIDIA H100 PCIe,dna_r10.4.1_e8.2_400bps_hac@v5.2.0,1728,8.64382e+07,10601964544
NVIDIA H100 PCIe,dna_r10.4.1_e8.2_400bps_hac@v5.2.0,1792,8.79319e+07,10993506816
NVIDIA H100 PCIe,dna_r10.4.1_e8.2_400bps_hac@v5.2.0,1856,8.88216e+07,11390945280
NVIDIA H100 PCIe,dna_r10.4.1_e8.2_400bps_hac@v5.2.0,1920,9.03051e+07,11770659328
NVIDIA H100 PCIe,dna_r10.4.1_e8.2_400bps_hac@v5.2.0,1984,9.30465e+07,12161246720
NVIDIA H100 PCIe,dna_r10.4.1_e8.2_400bps_hac@v5.2.0,2048,9.38449e+07,12560151552
NVIDIA H100 PCIe,dna_r10.4.1_e8.2_400bps_hac@v5.2.0,2112,9.71583e+07,12952309248
NVIDIA H100 PCIe,dna_r10.4.1_e8.2_400bps_hac@v5.2.0,2176,9.76383e+07,13334300160
NVIDIA H100 PCIe,dna_r10.4.1_e8.2_400bps_hac@v5.2.0,2240,9.84544e+07,13727813632
NVIDIA H100 PCIe,dna_r10.4.1_e8.2_400bps_hac@v5.2.0,2304,1.0131e+08,14120973824
NVIDIA H100 PCIe,dna_r10.4.1_e8.2_400bps_hac@v5.2.0,2368,1.01688e+08,14516216320
NVIDIA H100 PCIe,dna_r10.4.1_e8.2_400bps_hac@v5.2.0,2432,1.03774e+08,14916090368
NVIDIA H100 PCIe,dna_r10.4.1_e8.2_400bps_hac@v5.2.0,2496,7.05721e+07,15288900096
NVIDIA H100 PCIe,dna_r10.4.1_e8.2_400bps_hac@v5.2.0,2560,6.98757e+07,15683518464
NVIDIA H100 PCIe,dna_r10.4.1_e8.2_400bps_hac@v5.2.0,2624,7.15661e+07,16088666624
NVIDIA H100 PCIe,dna_r10.4.1_e8.2_400bps_hac@v5.2.0,2688,7.0581e+07,16469219840
NVIDIA H100 PCIe,dna_r10.4.1_e8.2_400bps_hac@v5.2.0,2752,7.22744e+07,16860637696
NVIDIA H100 PCIe,dna_r10.4.1_e8.2_400bps_hac@v5.2.0,2816,7.37205e+07,17257209344
NVIDIA H100 PCIe,dna_r10.4.1_e8.2_400bps_hac@v5.2.0,2880,7.54963e+07,17641371648
NVIDIA H100 PCIe,dna_r10.4.1_e8.2_400bps_hac@v5.2.0,2944,7.72417e+07,18034764800
NVIDIA H100 PCIe,dna_r10.4.1_e8.2_400bps_hac@v5.2.0,3008,7.54502e+07,18429454336
NVIDIA H100 PCIe,dna_r10.4.1_e8.2_400bps_hac@v5.2.0,3072,7.7426e+07,18819277824
NVIDIA H100 PCIe,dna_r10.4.1_e8.2_400bps_hac@v5.2.0,3136,7.82524e+07,19200155648
NVIDIA H100 PCIe,dna_r10.4.1_e8.2_400bps_hac@v5.2.0,3200,8.08975e+07,19598673408
NVIDIA H100 PCIe,dna_r10.4.1_e8.2_400bps_hac@v5.2.0,3264,8.23648e+07,19989602304
NVIDIA H100 PCIe,dna_r10.4.1_e8.2_400bps_hac@v5.2.0,3328,8.33692e+07,20379732992
NVIDIA H100 PCIe,dna_r10.4.1_e8.2_400bps_hac@v5.2.0,3392,8.52654e+07,20790596096
NVIDIA H100 PCIe,dna_r10.4.1_e8.2_400bps_hac@v5.2.0,3456,8.70148e+07,21173362176
NVIDIA H100 PCIe,dna_r10.4.1_e8.2_400bps_hac@v5.2.0,3520,8.49226e+07,21557485056
NVIDIA H100 PCIe,dna_r10.4.1_e8.2_400bps_hac@v5.2.0,3584,8.615e+07,21947688448
NVIDIA H100 PCIe,dna_r10.4.1_e8.2_400bps_hac@v5.2.0,3648,8.79114e+07,22341829120
NVIDIA H100 PCIe,dna_r10.4.1_e8.2_400bps_hac@v5.2.0,3712,8.92843e+07,22741730304
NVIDIA H100 PCIe,dna_r10.4.1_e8.2_400bps_hac@v5.2.0,3776,9.12332e+07,23117480960
NVIDIA H100 PCIe,dna_r10.4.1_e8.2_400bps_hac@v5.2.0,3840,8.87802e+07,23508199936
NVIDIA H100 PCIe,dna_r10.4.1_e8.2_400bps_hac@v5.2.0,3904,9.04264e+07,23909135360
NVIDIA H100 PCIe,dna_r10.4.1_e8.2_400bps_hac@v5.2.0,3968,9.21132e+07,24295761920
NVIDIA H100 PCIe,dna_r10.4.1_e8.2_400bps_hac@v5.2.0,4032,9.3464e+07,24686068224
NVIDIA H100 PCIe,dna_r10.4.1_e8.2_400bps_hac@v5.2.0,4096,9.37097e+07,25081339392
NVIDIA H100 PCIe,dna_r10.4.1_e8.2_400bps_hac@v5.2.0,4160,9.60038e+07,25479605248
NVIDIA H100 PCIe,dna_r10.4.1_e8.2_400bps_hac@v5.2.0,4224,9.77067e+07,25863139328
NVIDIA H100 PCIe,dna_r10.4.1_e8.2_400bps_hac@v5.2.0,4288,9.53155e+07,26249936384
NVIDIA H100 PCIe,dna_r10.4.1_e8.2_400bps_hac@v5.2.0,4352,9.61888e+07,26646737920
NVIDIA H100 PCIe,dna_r10.4.1_e8.2_400bps_hac@v5.2.0,4416,9.75552e+07,27047501824
NVIDIA H100 PCIe,dna_r10.4.1_e8.2_400bps_hac@v5.2.0,4480,9.91401e+07,27431119872
NVIDIA H100 PCIe,dna_r10.4.1_e8.2_400bps_hac@v5.2.0,4544,1.00636e+08,27849082880
NVIDIA H100 PCIe,dna_r10.4.1_e8.2_400bps_hac@v5.2.0,4608,1.01598e+08,28221559296
NVIDIA H100 PCIe,dna_r10.4.1_e8.2_400bps_hac@v5.2.0,4672,9.86775e+07,28596656128
NVIDIA H100 PCIe,dna_r10.4.1_e8.2_400bps_hac@v5.2.0,4736,9.99362e+07,29005807104
NVIDIA H100 PCIe,dna_r10.4.1_e8.2_400bps_hac@v5.2.0,4800,1.01628e+08,29388012544
NVIDIA H100 PCIe,dna_r10.4.1_e8.2_400bps_hac@v5.2.0,4864,1.02316e+08,29781649920
NVIDIA H100 PCIe,dna_r10.4.1_e8.2_400bps_hac@v5.2.0,4928,8.53438e+07,30163266048
NVIDIA H100 PCIe,dna_r10.4.1_e8.2_400bps_hac@v5.2.0,4992,8.14239e+07,30567550464
NVIDIA H100 PCIe,dna_r10.4.1_e8.2_400bps_hac@v5.2.0,5056,8.24348e+07,30972902400
NVIDIA H100 PCIe,dna_r10.4.1_e8.2_400bps_hac@v5.2.0,5120,8.30899e+07,31340374016
NVIDIA H100 PCIe,dna_r10.4.1_e8.2_400bps_hac@v5.2.0,5184,8.43979e+07,31729639424
NVIDIA H100 PCIe,dna_r10.4.1_e8.2_400bps_hac@v5.2.0,5248,8.5015e+07,32122444800
NVIDIA H100 PCIe,dna_r10.4.1_e8.2_400bps_hac@v5.2.0,5312,8.64746e+07,32534808064
NVIDIA H100 PCIe,dna_r10.4.1_e8.2_400bps_hac@v5.2.0,5376,8.74214e+07,32932341248
NVIDIA H100 PCIe,dna_r10.4.1_e8.2_400bps_hac@v5.2.0,5440,8.83809e+07,33318661120
NVIDIA H100 PCIe,dna_r10.4.1_e8.2_400bps_hac@v5.2.0,5504,8.95656e+07,33697582080
NVIDIA H100 PCIe,dna_r10.4.1_e8.2_400bps_hac@v5.2.0,5568,9.0139e+07,34077793280
NVIDIA H100 PCIe,dna_r10.4.1_e8.2_400bps_hac@v5.2.0,5632,8.56441e+07,34461056512
NVIDIA H100 PCIe,dna_r10.4.1_e8.2_400bps_hac@v5.2.0,5696,8.70531e+07,34880706048
NVIDIA H100 PCIe,dna_r10.4.1_e8.2_400bps_hac@v5.2.0,5760,8.78481e+07,35260915712
NVIDIA H100 PCIe,dna_r10.4.1_e8.2_400bps_hac@v5.2.0,5824,8.9191e+07,35642580480
NVIDIA H100 PCIe,dna_r10.4.1_e8.2_400bps_hac@v5.2.0,5888,8.96999e+07,36036312576
NVIDIA H100 PCIe,dna_r10.4.1_e8.2_400bps_hac@v5.2.0,5952,9.05782e+07,36423176704
NVIDIA H100 PCIe,dna_r10.4.1_e8.2_400bps_hac@v5.2.0,6016,9.13916e+07,36825724416
NVIDIA H100 PCIe,dna_r10.4.1_e8.2_400bps_hac@v5.2.0,6080,9.25788e+07,37210121728
NVIDIA H100 PCIe,dna_r10.4.1_e8.2_400bps_hac@v5.2.0,6144,9.28798e+07,37602379264
NVIDIA H100 PCIe,dna_r10.4.1_e8.2_400bps_hac@v5.2.0,6208,9.43181e+07,37986153472
NVIDIA H100 PCIe,dna_r10.4.1_e8.2_400bps_hac@v5.2.0,6272,9.51536e+07,38370366464
NVIDIA H100 PCIe,dna_r10.4.1_e8.2_400bps_hac@v5.2.0,6336,9.62546e+07,38823359488
NVIDIA H100 PCIe,dna_r10.4.1_e8.2_400bps_hac@v5.2.0,6400,9.69654e+07,39214404608
NVIDIA H100 PCIe,dna_r10.4.1_e8.2_400bps_hac@v5.2.0,6464,9.75388e+07,39566542848
NVIDIA H100 PCIe,dna_r10.4.1_e8.2_400bps_hac@v5.2.0,6528,9.87305e+07,39953616384
NVIDIA H100 PCIe,dna_r10.4.1_e8.2_400bps_hac@v5.2.0,6592,9.36883e+07,40359099904
NVIDIA H100 PCIe,dna_r10.4.1_e8.2_400bps_hac@v5.2.0,6656,9.46807e+07,40753849856
NVIDIA H100 PCIe,dna_r10.4.1_e8.2_400bps_hac@v5.2.0,6720,9.51264e+07,41141151744
NVIDIA H100 PCIe,dna_r10.4.1_e8.2_400bps_hac@v5.2.0,6784,9.57607e+07,41515026432
NVIDIA H100 PCIe,dna_r10.4.1_e8.2_400bps_hac@v5.2.0,6848,9.76651e+07,41901939712
NVIDIA H100 PCIe,dna_r10.4.1_e8.2_400bps_hac@v5.2.0,6912,9.83502e+07,42291884032
NVIDIA H100 PCIe,dna_r10.4.1_e8.2_400bps_hac@v5.2.0,6976,9.91725e+07,42689848320
NVIDIA H100 PCIe,dna_r10.4.1_e8.2_400bps_hac@v5.2.0,7040,9.99464e+07,43079329280
NVIDIA H100 PCIe,dna_r10.4.1_e8.2_400bps_hac@v5.2.0,7104,1.00831e+08,43462327296
NVIDIA H100 PCIe,dna_r10.4.1_e8.2_400bps_hac@v5.2.0,7168,1.01419e+08,43857118208
NVIDIA H100 PCIe,dna_r10.4.1_e8.2_400bps_hac@v5.2.0,7232,1.02414e+08,44310377472
NVIDIA H100 PCIe,dna_r10.4.1_e8.2_400bps_hac@v5.2.0,7296,1.03495e+08,44698135040
NVIDIA H100 PCIe,dna_r10.4.1_e8.2_400bps_hac@v5.2.0,7360,9.05917e+07,45040891904
NVIDIA H100 PCIe,dna_r10.4.1_e8.2_400bps_hac@v5.2.0,7424,9.05987e+07,45434404352
NVIDIA H100 PCIe,dna_r10.4.1_e8.2_400bps_hac@v5.2.0,7488,8.483e+07,45833155072
NVIDIA H100 PCIe,dna_r10.4.1_e8.2_400bps_hac@v5.2.0,7552,8.60352e+07,46207293952
NVIDIA H100 PCIe,dna_r10.4.1_e8.2_400bps_hac@v5.2.0,7616,8.67194e+07,46600788992
NVIDIA H100 PCIe,dna_r10.4.1_e8.2_400bps_hac@v5.2.0,7680,8.6483e+07,46990401536
NVIDIA H100 PCIe,dna_r10.4.1_e8.2_400bps_hac@v5.2.0,7744,8.80487e+07,47375435776
NVIDIA H100 PCIe,dna_r10.4.1_e8.2_400bps_hac@v5.2.0,7808,8.88928e+07,47766949888
NVIDIA H100 PCIe,dna_r10.4.1_e8.2_400bps_hac@v5.2.0,7872,8.91967e+07,48174609920
NVIDIA H100 PCIe,dna_r10.4.1_e8.2_400bps_hac@v5.2.0,7936,8.97225e+07,48558771200
NVIDIA H100 PCIe,dna_r10.4.1_e8.2_400bps_hac@v5.2.0,8000,9.05402e+07,48951721472
NVIDIA H100 PCIe,dna_r10.4.1_e8.2_400bps_hac@v5.2.0,8064,9.05859e+07,49335535616
NVIDIA H100 PCIe,dna_r10.4.1_e8.2_400bps_hac@v5.2.0,8128,9.18021e+07,49721459200
NVIDIA H100 PCIe,dna_r10.4.1_e8.2_400bps_hac@v5.2.0,8192,8.92099e+07,50127249408
NVIDIA H100 PCIe,dna_r10.4.1_e8.2_400bps_hac@v5.2.0,8256,9.29453e+07,50512268800
NVIDIA H100 PCIe,dna_r10.4.1_e8.2_400bps_hac@v5.2.0,8320,9.35483e+07,50899227136
NVIDIA H100 PCIe,dna_r10.4.1_e8.2_400bps_hac@v5.2.0,8384,9.44554e+07,51284901888
NVIDIA H100 PCIe,dna_r10.4.1_e8.2_400bps_hac@v5.2.0,8448,9.50216e+07,51735077376
NVIDIA H100 PCIe,dna_r10.4.1_e8.2_400bps_hac@v5.2.0,8512,9.6147e+07,52144446976
NVIDIA H100 PCIe,dna_r10.4.1_e8.2_400bps_hac@v5.2.0,8576,9.63509e+07,52500857856
NVIDIA H100 PCIe,dna_r10.4.1_e8.2_400bps_hac@v5.2.0,8640,9.70675e+07,52882755072
NVIDIA H100 PCIe,dna_r10.4.1_e8.2_400bps_hac@v5.2.0,8704,9.72097e+07,53253272064
NVIDIA H100 PCIe,dna_r10.4.1_e8.2_400bps_hac@v5.2.0,8768,9.89703e+07,53636780544
NVIDIA H100 PCIe,dna_r10.4.1_e8.2_400bps_hac@v5.2.0,8832,9.88663e+07,54056345088
NVIDIA H100 PCIe,dna_r10.4.1_e8.2_400bps_hac@v5.2.0,8896,9.20017e+07,54435068928
NVIDIA H100 PCIe,dna_r10.4.1_e8.2_400bps_hac@v5.2.0,8960,9.19079e+07,54845630976
NVIDIA H100 PCIe,dna_r10.4.1_e8.2_400bps_hac@v5.2.0,9024,9.28997e+07,55222330368
NVIDIA H100 PCIe,dna_r10.4.1_e8.2_400bps_hac@v5.2.0,9088,9.3755e+07,55596294656
NVIDIA H100 PCIe,dna_r10.4.1_e8.2_400bps_hac@v5.2.0,9152,9.45814e+07,55996430336
NVIDIA H100 PCIe,dna_r10.4.1_e8.2_400bps_hac@v5.2.0,9216,9.38568e+07,56216258048
NVIDIA H100 PCIe,dna_r10.4.1_e8.2_400bps_hac@v5.2.0,9280,9.61162e+07,56560908800
NVIDIA H100 PCIe,dna_r10.4.1_e8.2_400bps_hac@v5.2.0,9344,9.5728e+07,56946772480
NVIDIA H100 PCIe,dna_r10.4.1_e8.2_400bps_hac@v5.2.0,9408,9.70169e+07,57336906240
NVIDIA H100 PCIe,dna_r10.4.1_e8.2_400bps_hac@v5.2.0,9472,9.75815e+07,57743365120
NVIDIA H100 PCIe,dna_r10.4.1_e8.2_400bps_hac@v5.2.0,9536,9.85296e+07,58120676352
NVIDIA H100 PCIe,dna_r10.4.1_e8.2_400bps_hac@v5.2.0,9600,9.85114e+07,58511755264
NVIDIA H100 PCIe,dna_r10.4.1_e8.2_400bps_hac@v5.2.0,9664,9.932e+07,58906389504
NVIDIA H100 PCIe,dna_r10.4.1_e8.2_400bps_hac@v5.2.0,9728,9.82776e+07,59289984000
NVIDIA H100 PCIe,dna_r10.4.1_e8.2_400bps_hac@v5.2.0,9792,9.15143e+07,59664406016
NVIDIA H100 PCIe,dna_r10.4.1_e8.2_400bps_hac@v5.2.0,9856,9.0809e+07,60067779072
NVIDIA H100 PCIe,dna_r10.4.1_e8.2_400bps_hac@v5.2.0,9920,9.25998e+07,60524516352
NVIDIA H100 PCIe,dna_r10.4.1_e8.2_400bps_hac@v5.2.0,9984,8.86498e+07,61009377792
NVIDIA H100 PCIe,dna_r10.4.1_e8.2_400bps_hac@v5.2.0,10048,9.08127e+07,61251354112
NVIDIA H100 PCIe,dna_r10.4.1_e8.2_400bps_hac@v5.2.0,10112,9.37549e+07,61643517952
NVIDIA H100 PCIe,dna_r10.4.1_e8.2_400bps_hac@v5.2.0,10176,8.51235e+07,62028410368
NVIDIA H100 PCIe,dna_r10.4.1_e8.2_400bps_hac@v5.2.0,10240,9.18988e+07,62449765376
NVIDIA H100 PCIe,dna_r10.4.1_e8.2_400bps_hac@v6.0.0,64,2.90133e+06,631961600
NVIDIA H100 PCIe,dna_r10.4.1_e8.2_400bps_hac@v6.0.0,128,5.79708e+06,1230044672
NVIDIA H100 PCIe,dna_r10.4.1_e8.2_400bps_hac@v6.0.0,192,8.6964e+06,1822348288
NVIDIA H100 PCIe,dna_r10.4.1_e8.2_400bps_hac@v6.0.0,256,1.15729e+07,2430929408
NVIDIA H100 PCIe,dna_r10.4.1_e8.2_400bps_hac@v6.0.0,320,1.44297e+07,3021698048
NVIDIA H100 PCIe,dna_r10.4.1_e8.2_400bps_hac@v6.0.0,384,1.7326e+07,3615947264
NVIDIA H100 PCIe,dna_r10.4.1_e8.2_400bps_hac@v6.0.0,448,2.01942e+07,4223691264
NVIDIA H100 PCIe,dna_r10.4.1_e8.2_400bps_hac@v6.0.0,512,2.24085e+07,4822927872
NVIDIA H100 PCIe,dna_r10.4.1_e8.2_400bps_hac@v6.0.0,576,2.52455e+07,5427360256
NVIDIA H100 PCIe,dna_r10.4.1_e8.2_400bps_hac@v6.0.0,640,2.72367e+07,6022168576
NVIDIA H100 PCIe,dna_r10.4.1_e8.2_400bps_hac@v6.0.0,704,2.99121e+07,6617851392
NVIDIA H100 PCIe,dna_r10.4.1_e8.2_400bps_hac@v6.0.0,768,3.16872e+07,7198894080
NVIDIA H100 PCIe,dna_r10.4.1_e8.2_400bps_hac@v6.0.0,832,2.02245e+07,7819299840
NVIDIA H100 PCIe,dna_r10.4.1_e8.2_400bps_hac@v6.0.0,896,3.91215e+07,8417664000
NVIDIA H100 PCIe,dna_r10.4.1_e8.2_400bps_hac@v6.0.0,960,4.06635e+07,9014671360
NVIDIA H100 PCIe,dna_r10.4.1_e8.2_400bps_hac@v6.0.0,1024,4.21484e+07,9612041216
NVIDIA H100 PCIe,dna_r10.4.1_e8.2_400bps_hac@v6.0.0,1088,2.63503e+07,10215472128
NVIDIA H100 PCIe,dna_r10.4.1_e8.2_400bps_hac@v6.0.0,1152,4.7331e+07,10816796160
NVIDIA H100 PCIe,dna_r10.4.1_e8.2_400bps_hac@v6.0.0,1216,2.80163e+07,11411278336
NVIDIA H100 PCIe,dna_r10.4.1_e8.2_400bps_hac@v6.0.0,1280,5.08426e+07,12015643648
NVIDIA H100 PCIe,dna_r10.4.1_e8.2_400bps_hac@v6.0.0,1344,3.08819e+07,12604659712
NVIDIA H100 PCIe,dna_r10.4.1_e8.2_400bps_hac@v6.0.0,1408,5.40685e+07,13218563072
NVIDIA H100 PCIe,dna_r10.4.1_e8.2_400bps_hac@v6.0.0,1472,3.20531e+07,13772250112
NVIDIA H100 PCIe,dna_r10.4.1_e8.2_400bps_hac@v6.0.0,1536,5.74136e+07,14418784256
NVIDIA H100 PCIe,dna_r10.4.1_e8.2_400bps_hac@v6.0.0,1600,6.36245e+07,14998135296
NVIDIA H100 PCIe,dna_r10.4.1_e8.2_400bps_hac@v6.0.0,1664,2.61098e+07,15619668992
NVIDIA H100 PCIe,dna_r10.4.1_e8.2_400bps_hac@v6.0.0,1728,6.85337e+07,16212141568
NVIDIA H100 PCIe,dna_r10.4.1_e8.2_400bps_hac@v6.0.0,1792,2.81143e+07,16795249152
NVIDIA H100 PCIe,dna_r10.4.1_e8.2_400bps_hac@v6.0.0,1856,2.90446e+07,17393755648
NVIDIA H100 PCIe,dna_r10.4.1_e8.2_400bps_hac@v6.0.0,1920,6.925e+07,18008137216
NVIDIA H100 PCIe,dna_r10.4.1_e8.2_400bps_hac@v6.0.0,1984,3.09928e+07,18598659072
NVIDIA H100 PCIe,dna_r10.4.1_e8.2_400bps_hac@v6.0.0,2048,3.18303e+07,19187819008
NVIDIA H100 PCIe,dna_r10.4.1_e8.2_400bps_hac@v6.0.0,2112,7.58716e+07,19786566144
NVIDIA H100 PCIe,dna_r10.4.1_e8.2_400bps_hac@v6.0.0,2176,3.14574e+07,20393966080
NVIDIA H100 PCIe,dna_r10.4.1_e8.2_400bps_hac@v6.0.0,2240,3.22453e+07,21000435712
NVIDIA H100 PCIe,dna_r10.4.1_e8.2_400bps_hac@v6.0.0,2304,7.96873e+07,21586327552
NVIDIA H100 PCIe,dna_r10.4.1_e8.2_400bps_hac@v6.0.0,2368,2.83894e+07,22183041536
NVIDIA H100 PCIe,dna_r10.4.1_e8.2_400bps_hac@v6.0.0,2432,5.19942e+07,22730337280
NVIDIA H100 PCIe,dna_r10.4.1_e8.2_400bps_hac@v6.0.0,2496,2.99212e+07,23387970048
NVIDIA H100 PCIe,dna_r10.4.1_e8.2_400bps_hac@v6.0.0,2560,7.64324e+07,23992922112
NVIDIA H100 PCIe,dna_r10.4.1_e8.2_400bps_hac@v6.0.0,2624,3.13753e+07,24580289536
NVIDIA H100 PCIe,dna_r10.4.1_e8.2_400bps_hac@v6.0.0,2688,8.65238e+07,25192766464
NVIDIA H100 PCIe,dna_r10.4.1_e8.2_400bps_hac@v6.0.0,2752,2.96124e+07,25794852352
NVIDIA H100 PCIe,dna_r10.4.1_e8.2_400bps_hac@v6.0.0,2816,8.02624e+07,26379904000
NVIDIA H100 PCIe,dna_r10.4.1_e8.2_400bps_hac@v6.0.0,2880,3.11395e+07,26975644160
NVIDIA H100 PCIe,dna_r10.4.1_e8.2_400bps_hac@v6.0.0,2944,5.60132e+07,27588572160
NVIDIA H100 PCIe,dna_r10.4.1_e8.2_400bps_hac@v6.0.0,3008,3.25178e+07,28176992256
NVIDIA H100 PCIe,dna_r10.4.1_e8.2_400bps_hac@v6.0.0,3072,8.36059e+07,28689137664
NVIDIA H100 PCIe,dna_r10.4.1_e8.2_400bps_hac@v6.0.0,3136,2.9817e+07,29366249984
NVIDIA H100 PCIe,dna_r10.4.1_e8.2_400bps_hac@v6.0.0,3200,6.49429e+07,29973192704
NVIDIA H100 PCIe,dna_r10.4.1_e8.2_400bps_hac@v6.0.0,3264,4.65082e+07,30571957760
NVIDIA H100 PCIe,dna_r10.4.1_e8.2_400bps_hac@v6.0.0,3328,3.1528e+07,31172364288
NVIDIA H100 PCIe,dna_r10.4.1_e8.2_400bps_hac@v6.0.0,3392,2.86199e+07,31764071424
NVIDIA H100 PCIe,dna_r10.4.1_e8.2_400bps_hac@v6.0.0,3456,4.92573e+07,32371444736
NVIDIA H100 PCIe,dna_r10.4.1_e8.2_400bps_hac@v6.0.0,3520,6.69231e+07,32963226112
NVIDIA H100 PCIe,dna_r10.4.1_e8.2_400bps_hac@v6.0.0,3584,2.99571e+07,33569308160
NVIDIA H100 PCIe,dna_r10.4.1_e8.2_400bps_hac@v6.0.0,3648,3.05703e+07,34168763392
NVIDIA H100 PCIe,dna_r10.4.1_e8.2_400bps_hac@v6.0.0,3712,3.09096e+07,34761851904
NVIDIA H100 PCIe,dna_r10.4.1_e8.2_400bps_hac@v6.0.0,3776,3.15071e+07,35359615488
NVIDIA H100 PCIe,dna_r10.4.1_e8.2_400bps_hac@v6.0.0,3840,6.72649e+07,35972166144
NVIDIA H100 PCIe,dna_r10.4.1_e8.2_400bps_hac@v6.0.0,3904,2.81231e+07,36563882496
NVIDIA H100 PCIe,dna_r10.4.1_e8.2_400bps_hac@v6.0.0,3968,5.15222e+07,37160754688
NVIDIA H100 PCIe,dna_r10.4.1_e8.2_400bps_hac@v6.0.0,4032,7.14037e+07,37752573952
NVIDIA H100 PCIe,dna_r10.4.1_e8.2_400bps_hac@v6.0.0,4096,5.28351e+07,38354486784
NVIDIA H100 PCIe,dna_r10.4.1_e8.2_400bps_hac@v6.0.0,4160,2.84742e+07,38956034560
NVIDIA H100 PCIe,dna_r10.4.1_e8.2_400bps_hac@v6.0.0,4224,7.44982e+07,39549731328
NVIDIA H100 PCIe,dna_r10.4.1_e8.2_400bps_hac@v6.0.0,4288,2.85759e+07,40148554752
NVIDIA H100 PCIe,dna_r10.4.1_e8.2_400bps_hac@v6.0.0,4352,5.63211e+07,40757837312
NVIDIA H100 PCIe,dna_r10.4.1_e8.2_400bps_hac@v6.0.0,4416,7.29124e+07,41352196608
NVIDIA H100 PCIe,dna_r10.4.1_e8.2_400bps_hac@v6.0.0,4480,5.7508e+07,41958441472
NVIDIA H100 PCIe,dna_r10.4.1_e8.2_400bps_hac@v6.0.0,4544,3.04468e+07,42540731392
NVIDIA H100 PCIe,dna_r10.4.1_e8.2_400bps_hac@v6.0.0,4608,7.5139e+07,43146451456
NVIDIA H100 PCIe,dna_r10.4.1_e8.2_400bps_hac@v6.0.0,4672,2.95326e+07,43745495552
NVIDIA H100 PCIe,dna_r10.4.1_e8.2_400bps_hac@v6.0.0,4736,2.83076e+07,44339027968
NVIDIA H100 PCIe,dna_r10.4.1_e8.2_400bps_hac@v6.0.0,4800,2.91672e+07,44938360832
NVIDIA H100 PCIe,dna_r10.4.1_e8.2_400bps_hac@v6.0.0,4864,2.90028e+07,45547830784
NVIDIA H100 PCIe,dna_r10.4.1_e8.2_400bps_hac@v6.0.0,4928,8.05239e+07,46148450304
NVIDIA H100 PCIe,dna_r10.4.1_e8.2_400bps_hac@v6.0.0,4992,2.91666e+07,46736993792
NVIDIA H100 PCIe,dna_r10.4.1_e8.2_400bps_hac@v6.0.0,5056,3.11183e+07,47330522624
NVIDIA H100 PCIe,dna_r10.4.1_e8.2_400bps_hac@v6.0.0,5120,3.00477e+07,47934288896
NVIDIA H100 PCIe,dna_r10.4.1_e8.2_400bps_hac@v6.0.0,5184,2.9616e+07,48534483456
NVIDIA H100 PCIe,dna_r10.4.1_e8.2_400bps_hac@v6.0.0,5248,3.07021e+07,49128559616
NVIDIA H100 PCIe,dna_r10.4.1_e8.2_400bps_hac@v6.0.0,5312,3.16708e+07,49725636096
NVIDIA H100 PCIe,dna_r10.4.1_e8.2_400bps_hac@v6.0.0,5376,8.18424e+07,50199202304
NVIDIA H100 PCIe,dna_r10.4.1_e8.2_400bps_hac@v6.0.0,5440,6.3638e+07,50926722560
NVIDIA H100 PCIe,dna_r10.4.1_e8.2_400bps_hac@v6.0.0,5504,5.18414e+07,51529050624
NVIDIA H100 PCIe,dna_r10.4.1_e8.2_400bps_hac@v6.0.0,5568,4.56455e+07,52120200192
NVIDIA H100 PCIe,dna_r10.4.1_e8.2_400bps_hac@v6.0.0,5632,7.83307e+07,52722835456
NVIDIA H100 PCIe,dna_r10.4.1_e8.2_400bps_hac@v6.0.0,5696,3.06926e+07,53320187392
NVIDIA H100 PCIe,dna_r10.4.1_e8.2_400bps_hac@v6.0.0,5760,6.72112e+07,53915618816
NVIDIA H100 PCIe,dna_r10.4.1_e8.2_400bps_hac@v6.0.0,5824,3.0123e+07,54516217344
NVIDIA H100 PCIe,dna_r10.4.1_e8.2_400bps_hac@v6.0.0,5888,8.20047e+07,55173152768
NVIDIA H100 PCIe,dna_r10.4.1_e8.2_400bps_hac@v6.0.0,5952,3.15347e+07,55719111680
NVIDIA H100 PCIe,dna_r10.4.1_e8.2_400bps_hac@v6.0.0,6016,5.62468e+07,56316498944
NVIDIA H100 PCIe,dna_r10.4.1_e8.2_400bps_hac@v6.0.0,6080,3.10886e+07,56737906176
NVIDIA H100 PCIe,dna_r10.4.1_e8.2_400bps_hac@v6.0.0,6144,8.47229e+07,57359476736
NVIDIA H100 PCIe,dna_r10.4.1_e8.2_400bps_hac@v6.0.0,6208,3.08456e+07,57951938048
NVIDIA H100 PCIe,dna_r10.4.1_e8.2_400bps_hac@v6.0.0,6272,3.017e+07,58545505280
NVIDIA H100 PCIe,dna_r10.4.1_e8.2_400bps_hac@v6.0.0,6336,7.40849e+07,59144883200
NVIDIA H100 PCIe,dna_r10.4.1_e8.2_400bps_hac@v6.0.0,6400,3.09937e+07,59733006848
NVIDIA H100 PCIe,dna_r10.4.1_e8.2_400bps_hac@v6.0.0,6464,3.11267e+07,60341910016
NVIDIA H100 PCIe,dna_r10.4.1_e8.2_400bps_hac@v6.0.0,6528,7.57274e+07,60940680192
NVIDIA H100 PCIe,dna_r10.4.1_e8.2_400bps_hac@v6.0.0,6592,3.17299e+07,61534120960
NVIDIA H100 PCIe,dna_r10.4.1_e8.2_400bps_hac@v6.0.0,6656,3.00543e+07,62157194752
NVIDIA H100 PCIe,dna_r10.4.1_e8.2_400bps_hac@v6.0.0,6720,7.74465e+07,62751787520
NVIDIA H100 PCIe,dna_r10.4.1_e8.2_400bps_hac@v6.0.0,6784,3.18781e+07,63343562240
NVIDIA H100 PCIe,dna_r10.4.1_e8.2_400bps_hac@v6.0.0,6848,3.21775e+07,63946106880
NVIDIA H100 PCIe,dna_r10.4.1_e8.2_400bps_hac@v6.0.0,6912,7.99699e+07,64554564608
NVIDIA H100 PCIe,dna_r10.4.1_e8.2_400bps_hac@v6.0.0,6976,3.08802e+07,65143378944
NVIDIA H100 PCIe,dna_r10.4.1_e8.2_400bps_hac@v6.0.0,7040,6.522e+07,65736818688
NVIDIA H100 PCIe,dna_r10.4.1_e8.2_400bps_hac@v6.0.0,7104,3.10584e+07,66330502656
NVIDIA H100 PCIe,dna_r10.4.1_e8.2_400bps_hac@v6.0.0,7168,5.17322e+07,66938765312
NVIDIA H100 PCIe,dna_r10.4.1_e8.2_400bps_hac@v6.0.0,7232,3.1159e+07,67536351744
NVIDIA H100 PCIe,dna_r10.4.1_e8.2_400bps_hac@v6.0.0,7296,5.4792e+07,68130025472
NVIDIA H100 PCIe,dna_r10.4.1_e8.2_400bps_hac@v6.0.0,7360,6.48921e+07,68723209216
NVIDIA H100 PCIe,dna_r10.4.1_e8.2_400bps_hac@v6.0.0,7424,5.39586e+07,69327481344
NVIDIA H100 PCIe,dna_r10.4.1_e8.2_400bps_hac@v6.0.0,7488,3.20705e+07,69918976000
NVIDIA H100 PCIe,dna_r10.4.1_e8.2_400bps_hac@v6.0.0,7552,5.22785e+07,70516650496
NVIDIA H100 PCIe,dna_r10.4.1_e8.2_400bps_hac@v6.0.0,7616,3.21051e+07,71107641344
NVIDIA H100 PCIe,dna_r10.4.1_e8.2_400bps_hac@v6.0.0,7680,6.31624e+07,71728138240
NVIDIA H100 PCIe,dna_r10.4.1_e8.2_400bps_hac@v6.0.0,7744,2.9124e+07,72313364480
NVIDIA H100 PCIe,dna_r10.4.1_e8.2_400bps_sup@v5.2.0,32,8.91571e+06,2271947776
NVIDIA H100 PCIe,dna_r10.4.1_e8.2_400bps_sup@v5.2.0,64,1.25152e+07,3053072896
NVIDIA H100 PCIe,dna_r10.4.1_e8.2_400bps_sup@v5.2.0,96,1.44315e+07,3835246592
NVIDIA H100 PCIe,dna_r10.4.1_e8.2_400bps_sup@v5.2.0,128,1.522e+07,4601691136
NVIDIA H100 PCIe,dna_r10.4.1_e8.2_400bps_sup@v5.2.0,160,1.6027e+07,5384094208
NVIDIA H100 PCIe,dna_r10.4.1_e8.2_400bps_sup@v5.2.0,192,1.666e+07,6167218176
NVIDIA H100 PCIe,dna_r10.4.1_e8.2_400bps_sup@v5.2.0,224,1.72295e+07,6948539904
NVIDIA H100 PCIe,dna_r10.4.1_e8.2_400bps_sup@v5.2.0,256,1.68731e+07,7731434496
NVIDIA H100 PCIe,dna_r10.4.1_e8.2_400bps_sup@v5.2.0,288,1.72199e+07,8513673728
NVIDIA H100 PCIe,dna_r10.4.1_e8.2_400bps_sup@v5.2.0,320,1.75547e+07,9296045568
NVIDIA H100 PCIe,dna_r10.4.1_e8.2_400bps_sup@v5.2.0,352,1.76041e+07,10087327232
NVIDIA H100 PCIe,dna_r10.4.1_e8.2_400bps_sup@v5.2.0,384,1.77955e+07,10871139328
NVIDIA H100 PCIe,dna_r10.4.1_e8.2_400bps_sup@v5.2.0,416,1.77347e+07,11643154944
NVIDIA H100 PCIe,dna_r10.4.1_e8.2_400bps_sup@v5.2.0,448,1.80299e+07,12426442752
NVIDIA H100 PCIe,dna_r10.4.1_e8.2_400bps_sup@v5.2.0,480,1.81359e+07,13210254848
NVIDIA H100 PCIe,dna_r10.4.1_e8.2_400bps_sup@v5.2.0,512,1.79779e+07,13992496128
NVIDIA H100 PCIe,dna_r10.4.1_e8.2_400bps_sup@v5.2.0,544,1.85108e+07,14776306176
NVIDIA H100 PCIe,dna_r10.4.1_e8.2_400bps_sup@v5.2.0,576,1.82322e+07,15557499392
NVIDIA H100 PCIe,dna_r10.4.1_e8.2_400bps_sup@v5.2.0,608,1.84847e+07,16339542016
NVIDIA H100 PCIe,dna_r10.4.1_e8.2_400bps_sup@v5.2.0,640,1.86854e+07,17124599296
NVIDIA H100 PCIe,dna_r10.4.1_e8.2_400bps_sup@v5.2.0,672,1.88236e+07,17903955456
NVIDIA H100 PCIe,dna_r10.4.1_e8.2_400bps_sup@v5.2.0,704,1.80033e+07,18686194688
NVIDIA H100 PCIe,dna_r10.4.1_e8.2_400bps_sup@v5.2.0,736,1.87546e+07,19470400000
NVIDIA H100 PCIe,dna_r10.4.1_e8.2_400bps_sup@v5.2.0,768,1.87031e+07,20250935296
NVIDIA H100 PCIe,dna_r10.4.1_e8.2_400bps_sup@v5.2.0,800,1.8422e+07,21033175040
NVIDIA H100 PCIe,dna_r10.4.1_e8.2_400bps_sup@v5.2.0,832,1.81494e+07,21816462848
NVIDIA H100 PCIe,dna_r10.4.1_e8.2_400bps_sup@v5.2.0,864,1.88801e+07,22598308864
NVIDIA H100 PCIe,dna_r10.4.1_e8.2_400bps_sup@v5.2.0,896,1.84964e+07,23384087040
NVIDIA H100 PCIe,dna_r10.4.1_e8.2_400bps_sup@v5.2.0,928,1.8031e+07,24164753920
NVIDIA H100 PCIe,dna_r10.4.1_e8.2_400bps_sup@v5.2.0,960,1.86377e+07,24945944576
NVIDIA H100 PCIe,dna_r10.4.1_e8.2_400bps_sup@v5.2.0,992,1.92734e+07,25730932224
NVIDIA H100 PCIe,dna_r10.4.1_e8.2_400bps_sup@v5.2.0,1024,1.8593e+07,26538210304
NVIDIA H100 PCIe,rna004_fast@v6.0.0,64,2.59271e+07,1240441344
NVIDIA H100 PCIe,rna004_fast@v6.0.0,128,4.95691e+07,1405550592
NVIDIA H100 PCIe,rna004_fast@v6.0.0,192,7.17305e+07,1568563200
NVIDIA H100 PCIe,rna004_fast@v6.0.0,256,9.01247e+07,1733671424
NVIDIA H100 PCIe,rna004_fast@v6.0.0,320,1.11888e+08,1896684032
NVIDIA H100 PCIe,rna004_fast@v6.0.0,384,1.29073e+08,2061793280
NVIDIA H100 PCIe,rna004_fast@v6.0.0,448,1.48423e+08,2224805888
NVIDIA H100 PCIe,rna004_fast@v6.0.0,512,1.48579e+08,2389914112
NVIDIA H100 PCIe,rna004_fast@v6.0.0,576,1.62334e+08,2552926720
NVIDIA H100 PCIe,rna004_fast@v6.0.0,640,1.74763e+08,2718035968
NVIDIA H100 PCIe,rna004_fast@v6.0.0,704,1.86901e+08,2882259968
NVIDIA H100 PCIe,rna004_fast@v6.0.0,768,1.99087e+08,3046156800
NVIDIA H100 PCIe,rna004_fast@v6.0.0,832,2.08882e+08,3209457152
NVIDIA H100 PCIe,rna004_fast@v6.0.0,896,2.20142e+08,3376267264
NVIDIA H100 PCIe,rna004_fast@v6.0.0,960,2.05839e+08,3539388416
NVIDIA H100 PCIe,rna004_fast@v6.0.0,1024,2.17009e+08,3703398912
NVIDIA H100 PCIe,rna004_fast@v6.0.0,1088,2.21473e+08,3867509248
NVIDIA H100 PCIe,rna004_fast@v6.0.0,1152,2.27619e+08,4028499968
NVIDIA H100 PCIe,rna004_fast@v6.0.0,1216,2.3493e+08,4195952128
NVIDIA H100 PCIe,rna004_fast@v6.0.0,1280,2.40618e+08,4356545024
NVIDIA H100 PCIe,rna004_fast@v6.0.0,1344,2.4965e+08,4522442240
NVIDIA H100 PCIe,rna004_fast@v6.0.0,1408,2.39275e+08,4684666880
NVIDIA H100 PCIe,rna004_fast@v6.0.0,1472,2.44565e+08,4853834752
NVIDIA H100 PCIe,rna004_fast@v6.0.0,1536,2.48582e+08,5014286848
NVIDIA H100 PCIe,rna004_fast@v6.0.0,1600,2.52527e+08,5181031936
NVIDIA H100 PCIe,rna004_fast@v6.0.0,1664,2.59047e+08,5341485056
NVIDIA H100 PCIe,rna004_fast@v6.0.0,1728,2.62652e+08,5509042176
NVIDIA H100 PCIe,rna004_fast@v6.0.0,1792,2.69222e+08,5672942592
NVIDIA H100 PCIe,rna004_fast@v6.0.0,1856,2.5542e+08,5835634176
NVIDIA H100 PCIe,rna004_fast@v6.0.0,1920,2.59167e+08,6040556544
NVIDIA H100 PCIe,rna004_fast@v6.0.0,1984,2.6026e+08,6162625536
NVIDIA H100 PCIe,rna004_fast@v6.0.0,2048,2.65394e+08,6330892800
NVIDIA H100 PCIe,rna004_fast@v6.0.0,2112,2.65915e+08,6494614016
NVIDIA H100 PCIe,rna004_fast@v6.0.0,2176,2.68785e+08,6656737792
NVIDIA H100 PCIe,rna004_fast@v6.0.0,2240,2.73232e+08,6867352576
NVIDIA H100 PCIe,rna004_fast@v6.0.0,2304,2.64324e+08,6981667328
NVIDIA H100 PCIe,rna004_fast@v6.0.0,2368,2.69912e+08,7196139008
NVIDIA H100 PCIe,rna004_fast@v6.0.0,2432,2.73364e+08,7314475520
NVIDIA H100 PCIe,rna004_fast@v6.0.0,2496,2.74952e+08,7473862144
NVIDIA H100 PCIe,rna004_fast@v6.0.0,2560,2.75952e+08,7691436544
NVIDIA H100 PCIe,rna004_fast@v6.0.0,2624,2.78224e+08,7859430912
NVIDIA H100 PCIe,rna004_fast@v6.0.0,2688,2.795e+08,7968406016
NVIDIA H100 PCIe,rna004_fast@v6.0.0,2752,2.69788e+08,8136574464
NVIDIA H100 PCIe,rna004_fast@v6.0.0,2816,2.71108e+08,8295961088
NVIDIA H100 PCIe,rna004_fast@v6.0.0,2880,2.75684e+08,8461968896
NVIDIA H100 PCIe,rna004_fast@v6.0.0,2944,2.76095e+08,8626044928
NVIDIA H100 PCIe,rna004_fast@v6.0.0,3008,2.77641e+08,8789509632
NVIDIA H100 PCIe,rna004_fast@v6.0.0,3072,2.77887e+08,8953729536
NVIDIA H100 PCIe,rna004_fast@v6.0.0,3136,2.81562e+08,9115853312
NVIDIA H100 PCIe,rna004_fast@v6.0.0,3200,2.70998e+08,9282007040
NVIDIA H100 PCIe,rna004_fast@v6.0.0,3264,2.72446e+08,9448112128
NVIDIA H100 PCIe,rna004_fast@v6.0.0,3328,2.75083e+08,9675911680
NVIDIA H100 PCIe,rna004_fast@v6.0.0,3392,2.78119e+08,9772736000
NVIDIA H100 PCIe,rna004_fast@v6.0.0,3456,2.76082e+08,10004065792
NVIDIA H100 PCIe,rna004_fast@v6.0.0,3520,2.83739e+08,10099483648
NVIDIA H100 PCIe,rna004_fast@v6.0.0,3584,2.7991e+08,10341550592
NVIDIA H100 PCIe,rna004_fast@v6.0.0,3648,2.85388e+08,10428804608
NVIDIA H100 PCIe,rna004_fast@v6.0.0,3712,2.66341e+08,10594482688
NVIDIA H100 PCIe,rna004_fast@v6.0.0,3776,2.66145e+08,10753882112
NVIDIA H100 PCIe,rna004_fast@v6.0.0,3840,2.70672e+08,10920622592
NVIDIA H100 PCIe,rna004_fast@v6.0.0,3904,2.75381e+08,11085270528
NVIDIA H100 PCIe,rna004_fast@v6.0.0,3968,2.719e+08,11248625152
NVIDIA H100 PCIe,rna004_fast@v6.0.0,4032,2.75232e+08,11414484480
NVIDIA H100 PCIe,rna004_fast@v6.0.0,4096,2.74061e+08,11580211712
NVIDIA H100 PCIe,rna004_fast@v6.0.0,4160,2.74476e+08,11740025344
NVIDIA H100 PCIe,rna004_fast@v6.0.0,4224,2.73914e+08,11906410496
NVIDIA H100 PCIe,rna004_fast@v6.0.0,4288,2.76279e+08,12067631616
NVIDIA H100 PCIe,rna004_fast@v6.0.0,4352,2.73599e+08,12233948672
NVIDIA H100 PCIe,rna004_fast@v6.0.0,4416,2.71623e+08,12402261504
NVIDIA H100 PCIe,rna004_fast@v6.0.0,4480,2.80113e+08,12563745280
NVIDIA H100 PCIe,rna004_fast@v6.0.0,4544,2.79105e+08,12725229056
NVIDIA H100 PCIe,rna004_fast@v6.0.0,4608,2.80296e+08,12886712832
NVIDIA H100 PCIe,rna004_fast@v6.0.0,4672,2.75345e+08,13052955136
NVIDIA H100 PCIe,rna004_fast@v6.0.0,4736,2.78428e+08,13219273216
NVIDIA H100 PCIe,rna004_fast@v6.0.0,4800,2.79894e+08,13381396992
NVIDIA H100 PCIe,rna004_fast@v6.0.0,4864,2.80481e+08,13547328000
NVIDIA H100 PCIe,rna004_fast@v6.0.0,4928,2.81031e+08,13708811776
NVIDIA H100 PCIe,rna004_fast@v6.0.0,4992,2.83515e+08,13872392704
NVIDIA H100 PCIe,rna004_fast@v6.0.0,5056,2.75296e+08,14040376832
NVIDIA H100 PCIe,rna004_fast@v6.0.0,5120,2.80807e+08,14200402432
NVIDIA H100 PCIe,rna004_fast@v6.0.0,5184,2.84111e+08,14366720512
NVIDIA H100 PCIe,rna004_fast@v6.0.0,5248,2.84903e+08,14533007872
NVIDIA H100 PCIe,rna004_fast@v6.0.0,5312,2.78684e+08,14694491648
NVIDIA H100 PCIe,rna004_fast@v6.0.0,5376,2.81183e+08,14860169728
NVIDIA H100 PCIe,rna004_fast@v6.0.0,5440,2.86275e+08,15021653504
NVIDIA H100 PCIe,rna004_fast@v6.0.0,5504,2.80468e+08,15187824128
NVIDIA H100 PCIe,rna004_fast@v6.0.0,5568,2.83305e+08,15352045056
NVIDIA H100 PCIe,rna004_fast@v6.0.0,5632,2.84232e+08,15514167808
NVIDIA H100 PCIe,rna004_fast@v6.0.0,5696,2.79238e+08,15680171520
NVIDIA H100 PCIe,rna004_fast@v6.0.0,5760,2.79384e+08,15841655296
NVIDIA H100 PCIe,rna004_fast@v6.0.0,5824,2.85119e+08,16005236224
NVIDIA H100 PCIe,rna004_fast@v6.0.0,5888,2.85712e+08,16175108608
NVIDIA H100 PCIe,rna004_fast@v6.0.0,5952,2.80036e+08,16334495232
NVIDIA H100 PCIe,rna004_fast@v6.0.0,6016,2.80278e+08,16502270464
NVIDIA H100 PCIe,rna004_fast@v6.0.0,6080,2.85447e+08,16661657088
NVIDIA H100 PCIe,rna004_fast@v6.0.0,6144,2.88288e+08,16827335168
NVIDIA H100 PCIe,rna004_fast@v6.0.0,6208,2.7809e+08,16990916096
NVIDIA H100 PCIe,rna004_fast@v6.0.0,6272,2.82916e+08,17152399872
NVIDIA H100 PCIe,rna004_fast@v6.0.0,6336,2.8541e+08,17322272256
NVIDIA H100 PCIe,rna004_fast@v6.0.0,6400,2.76277e+08,17487950336
NVIDIA H100 PCIe,rna004_fast@v6.0.0,6464,2.77024e+08,17649434112
NVIDIA H100 PCIe,rna004_fast@v6.0.0,6528,2.79809e+08,17813015040
NVIDIA H100 PCIe,rna004_fast@v6.0.0,6592,2.8228e+08,17974498816
NVIDIA H100 PCIe,rna004_fast@v6.0.0,6656,2.84569e+08,18140176896
NVIDIA H100 PCIe,rna004_fast@v6.0.0,6720,2.86944e+08,18310049280
NVIDIA H100 PCIe,rna004_fast@v6.0.0,6784,2.88996e+08,18467338752
NVIDIA H100 PCIe,rna004_fast@v6.0.0,6848,2.80092e+08,18633016832
NVIDIA H100 PCIe,rna004_fast@v6.0.0,6912,2.80552e+08,18792403456
NVIDIA H100 PCIe,rna004_fast@v6.0.0,6976,2.86286e+08,18960178688
NVIDIA H100 PCIe,rna004_fast@v6.0.0,7040,2.7597e+08,19123759616
NVIDIA H100 PCIe,rna004_fast@v6.0.0,7104,2.7892e+08,19285243392
NVIDIA H100 PCIe,rna004_fast@v6.0.0,7168,2.7266e+08,19453018624
NVIDIA H100 PCIe,rna004_fast@v6.0.0,7232,2.80092e+08,19614502400
NVIDIA H100 PCIe,rna004_fast@v6.0.0,7296,2.80033e+08,19782277632
NVIDIA H100 PCIe,rna004_fast@v6.0.0,7360,2.73451e+08,19945858560
NVIDIA H100 PCIe,rna004_fast@v6.0.0,7424,2.69466e+08,20107342336
NVIDIA H100 PCIe,rna004_fast@v6.0.0,7488,2.76937e+08,20270923264
NVIDIA H100 PCIe,rna004_fast@v6.0.0,7552,2.78961e+08,20434504192
NVIDIA H100 PCIe,rna004_fast@v6.0.0,7616,2.82963e+08,20602279424
NVIDIA H100 PCIe,rna004_fast@v6.0.0,7680,2.84094e+08,20767957504
NVIDIA H100 PCIe,rna004_fast@v6.0.0,7744,2.85436e+08,20927344128
NVIDIA H100 PCIe,rna004_fast@v6.0.0,7808,2.74721e+08,21093022208
NVIDIA H100 PCIe,rna004_fast@v6.0.0,7872,2.77716e+08,21258700288
NVIDIA H100 PCIe,rna004_fast@v6.0.0,7936,2.79026e+08,21418086912
NVIDIA H100 PCIe,rna004_fast@v6.0.0,8000,2.8032e+08,21585862144
NVIDIA H100 PCIe,rna004_fast@v6.0.0,8064,2.82061e+08,21747345920
NVIDIA H100 PCIe,rna004_fast@v6.0.0,8128,2.81195e+08,21910926848
NVIDIA H100 PCIe,rna004_fast@v6.0.0,8192,2.85577e+08,22078702080
NVIDIA H100 PCIe,rna004_fast@v6.0.0,8256,2.74562e+08,22240185856
NVIDIA H100 PCIe,rna004_fast@v6.0.0,8320,2.76629e+08,22370212352
NVIDIA H100 PCIe,rna004_fast@v6.0.0,8384,2.79134e+08,22498141696
NVIDIA H100 PCIe,rna004_fast@v6.0.0,8448,2.75841e+08,22632362496
NVIDIA H100 PCIe,rna004_fast@v6.0.0,8512,2.76826e+08,22766583296
NVIDIA H100 PCIe,rna004_fast@v6.0.0,8576,2.81601e+08,22892415488
NVIDIA H100 PCIe,rna004_fast@v6.0.0,8640,2.8327e+08,23024539136
NVIDIA H100 PCIe,rna004_fast@v6.0.0,8704,2.68262e+08,23150371328
NVIDIA H100 PCIe,rna004_fast@v6.0.0,8768,2.73569e+08,23282494976
NVIDIA H100 PCIe,rna004_fast@v6.0.0,8832,2.69139e+08,23418812928
NVIDIA H100 PCIe,rna004_fast@v6.0.0,8896,2.71046e+08,23546742272
NVIDIA H100 PCIe,rna004_fast@v6.0.0,8960,2.77118e+08,23676768768
NVIDIA H100 PCIe,rna004_fast@v6.0.0,9024,2.7579e+08,23808892416
NVIDIA H100 PCIe,rna004_fast@v6.0.0,9088,2.82735e+08,23932627456
NVIDIA H100 PCIe,rna004_fast@v6.0.0,9152,2.6289e+08,24066848256
NVIDIA H100 PCIe,rna004_fast@v6.0.0,9216,2.68243e+08,24194777600
NVIDIA H100 PCIe,rna004_fast@v6.0.0,9280,2.69364e+08,24328998400
NVIDIA H100 PCIe,rna004_fast@v6.0.0,9344,2.71784e+08,24461122048
NVIDIA H100 PCIe,rna004_fast@v6.0.0,9408,2.71434e+08,24586954240
NVIDIA H100 PCIe,rna004_fast@v6.0.0,9472,2.73961e+08,24721175040
NVIDIA H100 PCIe,rna004_fast@v6.0.0,9536,2.76944e+08,24847007232
NVIDIA H100 PCIe,rna004_fast@v6.0.0,9600,2.76547e+08,24979130880
NVIDIA H100 PCIe,rna004_fast@v6.0.0,9664,2.81776e+08,25113351680
NVIDIA H100 PCIe,rna004_fast@v6.0.0,9728,2.83239e+08,25241281024
NVIDIA H100 PCIe,rna004_fast@v6.0.0,9792,2.84641e+08,25373404672
NVIDIA H100 PCIe,rna004_fast@v6.0.0,9856,2.65698e+08,25501334016
NVIDIA H100 PCIe,rna004_fast@v6.0.0,9920,2.69593e+08,25631360512
NVIDIA H100 PCIe,rna004_fast@v6.0.0,9984,2.75691e+08,25763484160
NVIDIA H100 PCIe,rna004_fast@v6.0.0,10048,2.72675e+08,25891413504
NVIDIA H100 PCIe,rna004_fast@v6.0.0,10112,2.58911e+08,26027731456
NVIDIA H100 PCIe,rna004_fast@v6.0.0,10176,2.75268e+08,26157757952
NVIDIA H100 PCIe,rna004_fast@v6.0.0,10240,2.60821e+08,26283590144
NVIDIA H100 PCIe,rna004_hac@v6.0.0,64,2.87026e+06,519671808
NVIDIA H100 PCIe,rna004_hac@v6.0.0,128,5.73481e+06,1005800960
NVIDIA H100 PCIe,rna004_hac@v6.0.0,192,8.59676e+06,1493220352
NVIDIA H100 PCIe,rna004_hac@v6.0.0,256,1.14533e+07,1984773120
NVIDIA H100 PCIe,rna004_hac@v6.0.0,320,1.42841e+07,2466348032
NVIDIA H100 PCIe,rna004_hac@v6.0.0,384,1.67748e+07,2950131200
NVIDIA H100 PCIe,rna004_hac@v6.0.0,448,1.95536e+07,3450366976
NVIDIA H100 PCIe,rna004_hac@v6.0.0,512,2.18288e+07,3925935616
NVIDIA H100 PCIe,rna004_hac@v6.0.0,576,2.3996e+07,4418399744
NVIDIA H100 PCIe,rna004_hac@v6.0.0,640,2.66509e+07,4904882688
NVIDIA H100 PCIe,rna004_hac@v6.0.0,704,2.92744e+07,5393991680
NVIDIA H100 PCIe,rna004_hac@v6.0.0,768,3.1068e+07,5880105472
NVIDIA H100 PCIe,rna004_hac@v6.0.0,832,2.05266e+07,6367434240
NVIDIA H100 PCIe,rna004_hac@v6.0.0,896,3.71504e+07,6839798272
NVIDIA H100 PCIe,rna004_hac@v6.0.0,960,3.9788e+07,7341187584
NVIDIA H100 PCIe,rna004_hac@v6.0.0,1024,4.12899e+07,7829532160
NVIDIA H100 PCIe,rna004_hac@v6.0.0,1088,2.57564e+07,8317760512
NVIDIA H100 PCIe,rna004_hac@v6.0.0,1152,4.54119e+07,8801129984
NVIDIA H100 PCIe,rna004_hac@v6.0.0,1216,2.76065e+07,9292079104
NVIDIA H100 PCIe,rna004_hac@v6.0.0,1280,4.91261e+07,9776901632
NVIDIA H100 PCIe,rna004_hac@v6.0.0,1344,3.04789e+07,10264444416
NVIDIA H100 PCIe,rna004_hac@v6.0.0,1408,5.2589e+07,10755562496
NVIDIA H100 PCIe,rna004_hac@v6.0.0,1472,3.18681e+07,11251448832
NVIDIA H100 PCIe,rna004_hac@v6.0.0,1536,5.57308e+07,11733252096
NVIDIA H100 PCIe,rna004_hac@v6.0.0,1600,6.13268e+07,12221030400
NVIDIA H100 PCIe,rna004_hac@v6.0.0,1664,2.6261e+07,12700490240
NVIDIA H100 PCIe,rna004_hac@v6.0.0,1728,6.44571e+07,13192806400
NVIDIA H100 PCIe,rna004_hac@v6.0.0,1792,2.80303e+07,13682548224
NVIDIA H100 PCIe,rna004_hac@v6.0.0,1856,2.89821e+07,14162821120
NVIDIA H100 PCIe,rna004_hac@v6.0.0,1920,6.58546e+07,14651377152
NVIDIA H100 PCIe,rna004_hac@v6.0.0,1984,3.10728e+07,15135735296
NVIDIA H100 PCIe,rna004_hac@v6.0.0,2048,3.00799e+07,15629719552
NVIDIA H100 PCIe,rna004_hac@v6.0.0,2112,7.20705e+07,16120573440
NVIDIA H100 PCIe,rna004_hac@v6.0.0,2176,3.20161e+07,16597024256
NVIDIA H100 PCIe,rna004_hac@v6.0.0,2240,3.29277e+07,17085633024
NVIDIA H100 PCIe,rna004_hac@v6.0.0,2304,7.6349e+07,17583102464
NVIDIA H100 PCIe,rna004_hac@v6.0.0,2368,2.78211e+07,18066781696
NVIDIA H100 PCIe,rna004_hac@v6.0.0,2432,4.99488e+07,18553357312
NVIDIA H100 PCIe,rna004_hac@v6.0.0,2496,2.92252e+07,19032704512
NVIDIA H100 PCIe,rna004_hac@v6.0.0,2560,7.44173e+07,19523465216
NVIDIA H100 PCIe,rna004_hac@v6.0.0,2624,3.07836e+07,20021431808
NVIDIA H100 PCIe,rna004_hac@v6.0.0,2688,8.12477e+07,20502965248
NVIDIA H100 PCIe,rna004_hac@v6.0.0,2752,2.96287e+07,20985551872
NVIDIA H100 PCIe,rna004_hac@v6.0.0,2816,7.6642e+07,21468346368
NVIDIA H100 PCIe,rna004_hac@v6.0.0,2880,3.09767e+07,21954936320
NVIDIA H100 PCIe,rna004_hac@v6.0.0,2944,5.44572e+07,22448014848
NVIDIA H100 PCIe,rna004_hac@v6.0.0,3008,3.22718e+07,22939047936
NVIDIA H100 PCIe,rna004_hac@v6.0.0,3072,8.03028e+07,23433603584
NVIDIA H100 PCIe,rna004_hac@v6.0.0,3136,2.77596e+07,23909786624
NVIDIA H100 PCIe,rna004_hac@v6.0.0,3200,6.21423e+07,24393093632
NVIDIA H100 PCIe,rna004_hac@v6.0.0,3264,4.74715e+07,24891499520
NVIDIA H100 PCIe,rna004_hac@v6.0.0,3328,2.92777e+07,25368616448
NVIDIA H100 PCIe,rna004_hac@v6.0.0,3392,2.9733e+07,25858814976
NVIDIA H100 PCIe,rna004_hac@v6.0.0,3456,4.70351e+07,26345911808
NVIDIA H100 PCIe,rna004_hac@v6.0.0,3520,6.49358e+07,26833035264
NVIDIA H100 PCIe,rna004_hac@v6.0.0,3584,3.10677e+07,27321618432
NVIDIA H100 PCIe,rna004_hac@v6.0.0,3648,3.18449e+07,27808889856
NVIDIA H100 PCIe,rna004_hac@v6.0.0,3712,3.23467e+07,28316776448
NVIDIA H100 PCIe,rna004_hac@v6.0.0,3776,3.28369e+07,28779979776
NVIDIA H100 PCIe,rna004_hac@v6.0.0,3840,6.63185e+07,29270588416
NVIDIA H100 PCIe,rna004_hac@v6.0.0,3904,3.01332e+07,29752461312
NVIDIA H100 PCIe,rna004_hac@v6.0.0,3968,4.98237e+07,30241525248
NVIDIA H100 PCIe,rna004_hac@v6.0.0,4032,6.99696e+07,30728346624
NVIDIA H100 PCIe,rna004_hac@v6.0.0,4096,5.08986e+07,31197282304
NVIDIA H100 PCIe,rna004_hac@v6.0.0,4160,2.84095e+07,31702837760
NVIDIA H100 PCIe,rna004_hac@v6.0.0,4224,6.94074e+07,32189783552
NVIDIA H100 PCIe,rna004_hac@v6.0.0,4288,2.90921e+07,32678666752
NVIDIA H100 PCIe,rna004_hac@v6.0.0,4352,5.42027e+07,33161085440
NVIDIA H100 PCIe,rna004_hac@v6.0.0,4416,7.21825e+07,33666881024
NVIDIA H100 PCIe,rna004_hac@v6.0.0,4480,5.61582e+07,34165246976
NVIDIA H100 PCIe,rna004_hac@v6.0.0,4544,3.09417e+07,34630282240
NVIDIA H100 PCIe,rna004_hac@v6.0.0,4608,7.47686e+07,35122585088
NVIDIA H100 PCIe,rna004_hac@v6.0.0,4672,2.74011e+07,35597355008
NVIDIA H100 PCIe,rna004_hac@v6.0.0,4736,2.77358e+07,36103642112
NVIDIA H100 PCIe,rna004_hac@v6.0.0,4800,2.79843e+07,36581714944
NVIDIA H100 PCIe,rna004_hac@v6.0.0,4864,2.84718e+07,37071322112
NVIDIA H100 PCIe,rna004_hac@v6.0.0,4928,7.53437e+07,37547573248
NVIDIA H100 PCIe,rna004_hac@v6.0.0,4992,2.89481e+07,38032079872
NVIDIA H100 PCIe,rna004_hac@v6.0.0,5056,2.94979e+07,38534339584
NVIDIA H100 PCIe,rna004_hac@v6.0.0,5120,2.8772e+07,39021324800
NVIDIA H100 PCIe,rna004_hac@v6.0.0,5184,2.97131e+07,39497985024
NVIDIA H100 PCIe,rna004_hac@v6.0.0,5248,2.97083e+07,39987379712
NVIDIA H100 PCIe,rna004_hac@v6.0.0,5312,2.99899e+07,40468920320
NVIDIA H100 PCIe,rna004_hac@v6.0.0,5376,7.67342e+07,40973778432
NVIDIA H100 PCIe,rna004_hac@v6.0.0,5440,6.25458e+07,41457604096
NVIDIA H100 PCIe,rna004_hac@v6.0.0,5504,5.26652e+07,41939049472
NVIDIA H100 PCIe,rna004_hac@v6.0.0,5568,4.30301e+07,42421967360
NVIDIA H100 PCIe,rna004_hac@v6.0.0,5632,7.5026e+07,42900532224
NVIDIA H100 PCIe,rna004_hac@v6.0.0,5696,2.85141e+07,43404003328
NVIDIA H100 PCIe,rna004_hac@v6.0.0,5760,6.57449e+07,43883231232
NVIDIA H100 PCIe,rna004_hac@v6.0.0,5824,3.06409e+07,44367059968
NVIDIA H100 PCIe,rna004_hac@v6.0.0,5888,7.82978e+07,44859489792
NVIDIA H100 PCIe,rna004_hac@v6.0.0,5952,2.97832e+07,45343207936
NVIDIA H100 PCIe,rna004_hac@v6.0.0,6016,5.1816e+07,45842121216
NVIDIA H100 PCIe,rna004_hac@v6.0.0,6080,3.04949e+07,46320558080
NVIDIA H100 PCIe,rna004_hac@v6.0.0,6144,7.53967e+07,46807294976
NVIDIA H100 PCIe,rna004_hac@v6.0.0,6208,2.8785e+07,47289677824
NVIDIA H100 PCIe,rna004_hac@v6.0.0,6272,2.91308e+07,47768497664
NVIDIA H100 PCIe,rna004_hac@v6.0.0,6336,7.18066e+07,48276293632
NVIDIA H100 PCIe,rna004_hac@v6.0.0,6400,2.94685e+07,48759923712
NVIDIA H100 PCIe,rna004_hac@v6.0.0,6464,2.9422e+07,49238764032
NVIDIA H100 PCIe,rna004_hac@v6.0.0,6528,7.37305e+07,49743185920
NVIDIA H100 PCIe,rna004_hac@v6.0.0,6592,2.94402e+07,50214206464
NVIDIA H100 PCIe,rna004_hac@v6.0.0,6656,2.93676e+07,50709480448
NVIDIA H100 PCIe,rna004_hac@v6.0.0,6720,7.02844e+07,51208886272
NVIDIA H100 PCIe,rna004_hac@v6.0.0,6784,3.0287e+07,51678632448
NVIDIA H100 PCIe,rna004_hac@v6.0.0,6848,2.96719e+07,52161235968
NVIDIA H100 PCIe,rna004_hac@v6.0.0,6912,7.15129e+07,52650296320
NVIDIA H100 PCIe,rna004_hac@v6.0.0,6976,2.95697e+07,53142826496
NVIDIA H100 PCIe,rna004_hac@v6.0.0,7040,6.01394e+07,53628834816
NVIDIA H100 PCIe,rna004_hac@v6.0.0,7104,3.03482e+07,54105935360
NVIDIA H100 PCIe,rna004_hac@v6.0.0,7168,5.38061e+07,54644767232
NVIDIA H100 PCIe,rna004_hac@v6.0.0,7232,3.03969e+07,55098886656
NVIDIA H100 PCIe,rna004_hac@v6.0.0,7296,5.4788e+07,55597563392
NVIDIA H100 PCIe,rna004_hac@v6.0.0,7360,6.2958e+07,56068166656
NVIDIA H100 PCIe,rna004_hac@v6.0.0,7424,4.91157e+07,56362709504
NVIDIA H100 PCIe,rna004_hac@v6.0.0,7488,3.09401e+07,56847166976
NVIDIA H100 PCIe,rna004_hac@v6.0.0,7552,5.03968e+07,57345656832
NVIDIA H100 PCIe,rna004_hac@v6.0.0,7616,3.06946e+07,57856585728
NVIDIA H100 PCIe,rna004_hac@v6.0.0,7680,6.28794e+07,58313118208
NVIDIA H100 PCIe,rna004_hac@v6.0.0,7744,2.97916e+07,58820107264
NVIDIA H100 PCIe,rna004_hac@v6.0.0,7808,2.98233e+07,59287711232
NVIDIA H100 PCIe,rna004_hac@v6.0.0,7872,4.42381e+07,59786273792
NVIDIA H100 PCIe,rna004_hac@v6.0.0,7936,2.92426e+07,60268300288
NVIDIA H100 PCIe,rna004_hac@v6.0.0,8000,3.02455e+07,60739595776
NVIDIA H100 PCIe,rna004_hac@v6.0.0,8064,7.60293e+07,61254292992
NVIDIA H100 PCIe,rna004_hac@v6.0.0,8128,3.02135e+07,61757580800
NVIDIA H100 PCIe,rna004_hac@v6.0.0,8192,3.07076e+07,62254934528
NVIDIA H100 PCIe,rna004_hac@v6.0.0,8256,3.02354e+07,62735709184
NVIDIA H100 PCIe,rna004_hac@v6.0.0,8320,3.09442e+07,63218612736
NVIDIA H100 PCIe,rna004_hac@v6.0.0,8384,3.08984e+07,63699741184
NVIDIA H100 PCIe,rna004_hac@v6.0.0,8448,3.0633e+07,64186723840
NVIDIA H100 PCIe,rna004_hac@v6.0.0,8512,2.94657e+07,64689454080
NVIDIA H100 PCIe,rna004_hac@v6.0.0,8576,5.05866e+07,65167678976
NVIDIA H100 PCIe,rna004_hac@v6.0.0,8640,7.33458e+07,65668817920
NVIDIA H100 PCIe,rna004_hac@v6.0.0,8704,7.34466e+07,66129928192
NVIDIA H100 PCIe,rna004_hac@v6.0.0,8768,2.9487e+07,66612451840
NVIDIA H100 PCIe,rna004_hac@v6.0.0,8832,6.69696e+07,67124082176
NVIDIA H100 PCIe,rna004_hac@v6.0.0,8896,3.0861e+07,67600137728
NVIDIA H100 PCIe,rna004_hac@v6.0.0,8960,7.5858e+07,68084622848
NVIDIA H100 PCIe,rna004_hac@v6.0.0,9024,6.80604e+07,68569746432
NVIDIA H100 PCIe,rna004_hac@v6.0.0,9088,5.15152e+07,69047442944
NVIDIA H100 PCIe,rna004_hac@v6.0.0,9152,3.11968e+07,69544414208
NVIDIA H100 PCIe,rna004_hac@v6.0.0,9216,7.70517e+07,70022628352
NVIDIA H100 PCIe,rna004_hac@v6.0.0,9280,6.31085e+07,70513457664
NVIDIA H100 PCIe,rna004_hac@v6.0.0,9344,2.95299e+07,70993686016
NVIDIA H100 PCIe,rna004_hac@v6.0.0,9408,3.10187e+07,71480056832
NVIDIA H100 PCIe,rna004_hac@v6.0.0,9472,2.91836e+07,71979531264
NVIDIA H100 PCIe,rna004_hac@v6.0.0,9536,2.89286e+07,71978930688
NVIDIA H100 PCIe,rna004_sup@v6.0.0,32,8.24954e+06,2407220224
NVIDIA H100 PCIe,rna004_sup@v6.0.0,64,1.12401e+07,3580480000
NVIDIA H100 PCIe,rna004_sup@v6.0.0,96,1.28324e+07,4754263552
NVIDIA H100 PCIe,rna004_sup@v6.0.0,128,1.33508e+07,5944824832
NVIDIA H100 PCIe,rna004_sup@v6.0.0,160,1.40575e+07,7134894592
NVIDIA H100 PCIe,rna004_sup@v6.0.0,192,1.43593e+07,8326012928
NVIDIA H100 PCIe,rna004_sup@v6.0.0,224,1.47697e+07,9515985408
NVIDIA H100 PCIe,rna004_sup@v6.0.0,256,1.45056e+07,10707594240
NVIDIA H100 PCIe,rna004_sup@v6.0.0,288,1.47339e+07,11898319360
NVIDIA H100 PCIe,rna004_sup@v6.0.0,320,1.5187e+07,13089699840
NVIDIA H100 PCIe,rna004_sup@v6.0.0,352,1.5412e+07,14277608448
NVIDIA H100 PCIe,rna004_sup@v6.0.0,384,1.53951e+07,15468923392
NVIDIA H100 PCIe,rna004_sup@v6.0.0,416,1.59308e+07,16658598400
NVIDIA H100 PCIe,rna004_sup@v6.0.0,448,1.55593e+07,17848342528
NVIDIA H100 PCIe,rna004_sup@v6.0.0,480,1.57411e+07,19039002112
NVIDIA H100 PCIe,rna004_sup@v6.0.0,512,1.58973e+07,20231037952
NVIDIA H100 PCIe,rna004_sup@v6.0.0,544,1.58572e+07,21423890944
NVIDIA H100 PCIe,rna004_sup@v6.0.0,576,1.5718e+07,22612158464
NVIDIA H100 PCIe,rna004_sup@v6.0.0,608,1.54637e+07,23804852224
NVIDIA H100 PCIe,rna004_sup@v6.0.0,640,1.62858e+07,24993152512
NVIDIA H100 PCIe,rna004_sup@v6.0.0,672,1.58581e+07,26184923648
