NVIDIA RTX PRO 6000 Blackwell Server Edition,dna_r10.4.1_e8.2_400bps_fast@v5.2.0,64,3.46146e+07,1223282688
NVIDIA RTX PRO 6000 Blackwell Server Edition,dna_r10.4.1_e8.2_400bps_fast@v5.2.0,128,5.68132e+07,1371934720
NVIDIA RTX PRO 6000 Blackwell Server Edition,dna_r10.4.1_e8.2_400bps_fast@v5.2.0,192,8.0099e+07,1518170112
NVIDIA RTX PRO 6000 Blackwell Server Edition,dna_r10.4.1_e8.2_400bps_fast@v5.2.0,256,9.95301e+07,1666501120
NVIDIA RTX PRO 6000 Blackwell Server Edition,dna_r10.4.1_e8.2_400bps_fast@v5.2.0,320,1.20677e+08,1812736512
NVIDIA RTX PRO 6000 Blackwell Server Edition,dna_r10.4.1_e8.2_400bps_fast@v5.2.0,384,1.37793e+08,1958971392
NVIDIA RTX PRO 6000 Blackwell Server Edition,dna_r10.4.1_e8.2_400bps_fast@v5.2.0,448,1.55151e+08,2105206784
NVIDIA RTX PRO 6000 Blackwell Server Edition,dna_r10.4.1_e8.2_400bps_fast@v5.2.0,512,1.72044e+08,2253537792
NVIDIA RTX PRO 6000 Blackwell Server Edition,dna_r10.4.1_e8.2_400bps_fast@v5.2.0,576,1.83142e+08,2399773184
NVIDIA RTX PRO 6000 Blackwell Server Edition,dna_r10.4.1_e8.2_400bps_fast@v5.2.0,640,1.98666e+08,2548105216
NVIDIA RTX PRO 6000 Blackwell Server Edition,dna_r10.4.1_e8.2_400bps_fast@v5.2.0,704,2.09376e+08,2693454848
NVIDIA RTX PRO 6000 Blackwell Server Edition,dna_r10.4.1_e8.2_400bps_fast@v5.2.0,768,2.15176e+08,2840574464
NVIDIA RTX PRO 6000 Blackwell Server Edition,dna_r10.4.1_e8.2_400bps_fast@v5.2.0,832,2.2495e+08,2987097600
NVIDIA RTX PRO 6000 Blackwell Server Edition,dna_r10.4.1_e8.2_400bps_fast@v5.2.0,896,2.36396e+08,3137130496
NVIDIA RTX PRO 6000 Blackwell Server Edition,dna_r10.4.1_e8.2_400bps_fast@v5.2.0,960,2.46317e+08,3283474432
NVIDIA RTX PRO 6000 Blackwell Server Edition,dna_r10.4.1_e8.2_400bps_fast@v5.2.0,1024,2.56611e+08,3428610560
NVIDIA RTX PRO 6000 Blackwell Server Edition,dna_r10.4.1_e8.2_400bps_fast@v5.2.0,1088,2.63742e+08,3575943680
NVIDIA RTX PRO 6000 Blackwell Server Edition,dna_r10.4.1_e8.2_400bps_fast@v5.2.0,1152,2.7041e+08,3722254336
NVIDIA RTX PRO 6000 Blackwell Server Edition,dna_r10.4.1_e8.2_400bps_fast@v5.2.0,1216,2.77615e+08,3872929280
NVIDIA RTX PRO 6000 Blackwell Server Edition,dna_r10.4.1_e8.2_400bps_fast@v5.2.0,1280,2.84926e+08,4016744960
NVIDIA RTX PRO 6000 Blackwell Server Edition,dna_r10.4.1_e8.2_400bps_fast@v5.2.0,1344,2.93296e+08,4163767808
NVIDIA RTX PRO 6000 Blackwell Server Edition,dna_r10.4.1_e8.2_400bps_fast@v5.2.0,1408,2.9621e+08,4309215232
NVIDIA RTX PRO 6000 Blackwell Server Edition,dna_r10.4.1_e8.2_400bps_fast@v5.2.0,1472,3.01071e+08,4461605888
NVIDIA RTX PRO 6000 Blackwell Server Edition,dna_r10.4.1_e8.2_400bps_fast@v5.2.0,1536,2.80349e+08,4605280768
NVIDIA RTX PRO 6000 Blackwell Server Edition,dna_r10.4.1_e8.2_400bps_fast@v5.2.0,1600,2.89377e+08,4788803072
NVIDIA RTX PRO 6000 Blackwell Server Edition,dna_r10.4.1_e8.2_400bps_fast@v5.2.0,1664,2.93277e+08,4898924544
NVIDIA RTX PRO 6000 Blackwell Server Edition,dna_r10.4.1_e8.2_400bps_fast@v5.2.0,1728,2.98218e+08,5047607296
NVIDIA RTX PRO 6000 Blackwell Server Edition,dna_r10.4.1_e8.2_400bps_fast@v5.2.0,1792,3.01663e+08,5194730496
NVIDIA RTX PRO 6000 Blackwell Server Edition,dna_r10.4.1_e8.2_400bps_fast@v5.2.0,1856,3.08946e+08,5340644864
NVIDIA RTX PRO 6000 Blackwell Server Edition,dna_r10.4.1_e8.2_400bps_fast@v5.2.0,1920,3.11868e+08,5490405376
NVIDIA RTX PRO 6000 Blackwell Server Edition,dna_r10.4.1_e8.2_400bps_fast@v5.2.0,1984,3.18934e+08,5673746432
NVIDIA RTX PRO 6000 Blackwell Server Edition,dna_r10.4.1_e8.2_400bps_fast@v5.2.0,2048,3.20556e+08,5783474688
NVIDIA RTX PRO 6000 Blackwell Server Edition,dna_r10.4.1_e8.2_400bps_fast@v5.2.0,2112,3.20345e+08,5930418688
NVIDIA RTX PRO 6000 Blackwell Server Edition,dna_r10.4.1_e8.2_400bps_fast@v5.2.0,2176,3.27172e+08,6075765248
NVIDIA RTX PRO 6000 Blackwell Server Edition,dna_r10.4.1_e8.2_400bps_fast@v5.2.0,2240,3.32487e+08,6223465472
NVIDIA RTX PRO 6000 Blackwell Server Edition,dna_r10.4.1_e8.2_400bps_fast@v5.2.0,2304,3.24412e+08,6369237504
NVIDIA RTX PRO 6000 Blackwell Server Edition,dna_r10.4.1_e8.2_400bps_fast@v5.2.0,2368,3.28279e+08,6517493248
NVIDIA RTX PRO 6000 Blackwell Server Edition,dna_r10.4.1_e8.2_400bps_fast@v5.2.0,2432,3.32265e+08,6666394112
NVIDIA RTX PRO 6000 Blackwell Server Edition,dna_r10.4.1_e8.2_400bps_fast@v5.2.0,2496,3.36961e+08,6809003520
NVIDIA RTX PRO 6000 Blackwell Server Edition,dna_r10.4.1_e8.2_400bps_fast@v5.2.0,2560,3.34727e+08,6958621184
NVIDIA RTX PRO 6000 Blackwell Server Edition,dna_r10.4.1_e8.2_400bps_fast@v5.2.0,2624,3.38538e+08,7106491904
NVIDIA RTX PRO 6000 Blackwell Server Edition,dna_r10.4.1_e8.2_400bps_fast@v5.2.0,2688,3.40278e+08,7251118592
NVIDIA RTX PRO 6000 Blackwell Server Edition,dna_r10.4.1_e8.2_400bps_fast@v5.2.0,2752,3.47927e+08,7402509824
NVIDIA RTX PRO 6000 Blackwell Server Edition,dna_r10.4.1_e8.2_400bps_fast@v5.2.0,2816,3.45329e+08,7545119232
NVIDIA RTX PRO 6000 Blackwell Server Edition,dna_r10.4.1_e8.2_400bps_fast@v5.2.0,2880,3.45851e+08,7694349824
NVIDIA RTX PRO 6000 Blackwell Server Edition,dna_r10.4.1_e8.2_400bps_fast@v5.2.0,2944,3.55687e+08,7841648640
NVIDIA RTX PRO 6000 Blackwell Server Edition,dna_r10.4.1_e8.2_400bps_fast@v5.2.0,3008,3.52432e+08,7988336128
NVIDIA RTX PRO 6000 Blackwell Server Edition,dna_r10.4.1_e8.2_400bps_fast@v5.2.0,3072,3.40181e+08,8133681664
NVIDIA RTX PRO 6000 Blackwell Server Edition,dna_r10.4.1_e8.2_400bps_fast@v5.2.0,3136,3.41427e+08,8279028224
NVIDIA RTX PRO 6000 Blackwell Server Edition,dna_r10.4.1_e8.2_400bps_fast@v5.2.0,3200,3.37974e+08,8428404736
NVIDIA RTX PRO 6000 Blackwell Server Edition,dna_r10.4.1_e8.2_400bps_fast@v5.2.0,3264,3.42281e+08,8577732608
NVIDIA RTX PRO 6000 Blackwell Server Edition,dna_r10.4.1_e8.2_400bps_fast@v5.2.0,3328,3.49534e+08,8721646080
NVIDIA RTX PRO 6000 Blackwell Server Edition,dna_r10.4.1_e8.2_400bps_fast@v5.2.0,3392,3.42218e+08,8868802048
NVIDIA RTX PRO 6000 Blackwell Server Edition,dna_r10.4.1_e8.2_400bps_fast@v5.2.0,3456,3.39575e+08,9012051456
NVIDIA RTX PRO 6000 Blackwell Server Edition,dna_r10.4.1_e8.2_400bps_fast@v5.2.0,3520,3.40785e+08,9161995264
NVIDIA RTX PRO 6000 Blackwell Server Edition,dna_r10.4.1_e8.2_400bps_fast@v5.2.0,3584,3.4724e+08,9311787520
NVIDIA RTX PRO 6000 Blackwell Server Edition,dna_r10.4.1_e8.2_400bps_fast@v5.2.0,3648,3.46417e+08,9457761792
NVIDIA RTX PRO 6000 Blackwell Server Edition,dna_r10.4.1_e8.2_400bps_fast@v5.2.0,3712,3.53677e+08,9604565504
NVIDIA RTX PRO 6000 Blackwell Server Edition,dna_r10.4.1_e8.2_400bps_fast@v5.2.0,3776,3.43058e+08,9747187712
NVIDIA RTX PRO 6000 Blackwell Server Edition,dna_r10.4.1_e8.2_400bps_fast@v5.2.0,3840,3.49198e+08,9897150976
NVIDIA RTX PRO 6000 Blackwell Server Edition,dna_r10.4.1_e8.2_400bps_fast@v5.2.0,3904,3.4644e+08,10045021696
NVIDIA RTX PRO 6000 Blackwell Server Edition,dna_r10.4.1_e8.2_400bps_fast@v5.2.0,3968,3.39872e+08,10191599104
NVIDIA RTX PRO 6000 Blackwell Server Edition,dna_r10.4.1_e8.2_400bps_fast@v5.2.0,4032,3.45499e+08,10338584064
NVIDIA RTX PRO 6000 Blackwell Server Edition,dna_r10.4.1_e8.2_400bps_fast@v5.2.0,4096,3.4145e+08,10487534080
NVIDIA RTX PRO 6000 Blackwell Server Edition,dna_r10.4.1_e8.2_400bps_fast@v5.2.0,4160,3.45053e+08,10630570496
NVIDIA RTX PRO 6000 Blackwell Server Edition,dna_r10.4.1_e8.2_400bps_fast@v5.2.0,4224,3.35163e+08,10780178432
NVIDIA RTX PRO 6000 Blackwell Server Edition,dna_r10.4.1_e8.2_400bps_fast@v5.2.0,4288,3.48175e+08,10924622336
NVIDIA RTX PRO 6000 Blackwell Server Edition,dna_r10.4.1_e8.2_400bps_fast@v5.2.0,4352,3.45225e+08,11072065024
NVIDIA RTX PRO 6000 Blackwell Server Edition,dna_r10.4.1_e8.2_400bps_fast@v5.2.0,4416,3.51263e+08,11223600640
NVIDIA RTX PRO 6000 Blackwell Server Edition,dna_r10.4.1_e8.2_400bps_fast@v5.2.0,4480,3.48631e+08,11368307200
NVIDIA RTX PRO 6000 Blackwell Server Edition,dna_r10.4.1_e8.2_400bps_fast@v5.2.0,4544,3.36721e+08,11515110912
NVIDIA RTX PRO 6000 Blackwell Server Edition,dna_r10.4.1_e8.2_400bps_fast@v5.2.0,4608,3.32286e+08,11659817472
NVIDIA RTX PRO 6000 Blackwell Server Edition,dna_r10.4.1_e8.2_400bps_fast@v5.2.0,4672,3.34567e+08,11809282560
NVIDIA RTX PRO 6000 Blackwell Server Edition,dna_r10.4.1_e8.2_400bps_fast@v5.2.0,4736,3.39193e+08,11956726272
NVIDIA RTX PRO 6000 Blackwell Server Edition,dna_r10.4.1_e8.2_400bps_fast@v5.2.0,4800,3.43015e+08,12102072832
NVIDIA RTX PRO 6000 Blackwell Server Edition,dna_r10.4.1_e8.2_400bps_fast@v5.2.0,4864,3.41076e+08,12251226624
NVIDIA RTX PRO 6000 Blackwell Server Edition,dna_r10.4.1_e8.2_400bps_fast@v5.2.0,4928,3.44798e+08,12395933184
NVIDIA RTX PRO 6000 Blackwell Server Edition,dna_r10.4.1_e8.2_400bps_fast@v5.2.0,4992,3.38753e+08,12542736896
NVIDIA RTX PRO 6000 Blackwell Server Edition,dna_r10.4.1_e8.2_400bps_fast@v5.2.0,5056,3.42134e+08,12691846656
NVIDIA RTX PRO 6000 Blackwell Server Edition,dna_r10.4.1_e8.2_400bps_fast@v5.2.0,5120,3.46213e+08,12835095040
NVIDIA RTX PRO 6000 Blackwell Server Edition,dna_r10.4.1_e8.2_400bps_fast@v5.2.0,5184,3.49489e+08,12984635904
NVIDIA RTX PRO 6000 Blackwell Server Edition,dna_r10.4.1_e8.2_400bps_fast@v5.2.0,5248,3.44063e+08,13134146048
NVIDIA RTX PRO 6000 Blackwell Server Edition,dna_r10.4.1_e8.2_400bps_fast@v5.2.0,5312,3.47429e+08,13278852608
NVIDIA RTX PRO 6000 Blackwell Server Edition,dna_r10.4.1_e8.2_400bps_fast@v5.2.0,5376,3.42011e+08,13425656320
NVIDIA RTX PRO 6000 Blackwell Server Edition,dna_r10.4.1_e8.2_400bps_fast@v5.2.0,5440,3.4601e+08,13570362880
NVIDIA RTX PRO 6000 Blackwell Server Edition,dna_r10.4.1_e8.2_400bps_fast@v5.2.0,5504,3.49319e+08,13719756288
NVIDIA RTX PRO 6000 Blackwell Server Edition,dna_r10.4.1_e8.2_400bps_fast@v5.2.0,5568,3.5419e+08,13867200000
NVIDIA RTX PRO 6000 Blackwell Server Edition,dna_r10.4.1_e8.2_400bps_fast@v5.2.0,5632,3.46999e+08,14012545536
NVIDIA RTX PRO 6000 Blackwell Server Edition,dna_r10.4.1_e8.2_400bps_fast@v5.2.0,5696,3.53715e+08,14161772032
NVIDIA RTX PRO 6000 Blackwell Server Edition,dna_r10.4.1_e8.2_400bps_fast@v5.2.0,5760,3.52888e+08,14306478592
NVIDIA RTX PRO 6000 Blackwell Server Edition,dna_r10.4.1_e8.2_400bps_fast@v5.2.0,5824,3.47998e+08,14453282304
NVIDIA RTX PRO 6000 Blackwell Server Edition,dna_r10.4.1_e8.2_400bps_fast@v5.2.0,5888,3.53628e+08,14606377472
NVIDIA RTX PRO 6000 Blackwell Server Edition,dna_r10.4.1_e8.2_400bps_fast@v5.2.0,5952,3.54928e+08,14748986880
NVIDIA RTX PRO 6000 Blackwell Server Edition,dna_r10.4.1_e8.2_400bps_fast@v5.2.0,6016,3.58389e+08,14899984896
NVIDIA RTX PRO 6000 Blackwell Server Edition,dna_r10.4.1_e8.2_400bps_fast@v5.2.0,6080,3.49543e+08,15040497152
NVIDIA RTX PRO 6000 Blackwell Server Edition,dna_r10.4.1_e8.2_400bps_fast@v5.2.0,6144,3.42678e+08,15189398016
NVIDIA RTX PRO 6000 Blackwell Server Edition,dna_r10.4.1_e8.2_400bps_fast@v5.2.0,6208,3.4919e+08,15336201728
NVIDIA RTX PRO 6000 Blackwell Server Edition,dna_r10.4.1_e8.2_400bps_fast@v5.2.0,6272,3.48909e+08,15480908288
NVIDIA RTX PRO 6000 Blackwell Server Edition,dna_r10.4.1_e8.2_400bps_fast@v5.2.0,6336,3.55872e+08,15634003456
NVIDIA RTX PRO 6000 Blackwell Server Edition,dna_r10.4.1_e8.2_400bps_fast@v5.2.0,6400,3.59174e+08,15780807168
NVIDIA RTX PRO 6000 Blackwell Server Edition,dna_r10.4.1_e8.2_400bps_fast@v5.2.0,6464,3.4873e+08,15925513728
NVIDIA RTX PRO 6000 Blackwell Server Edition,dna_r10.4.1_e8.2_400bps_fast@v5.2.0,6528,3.53707e+08,16072317440
NVIDIA RTX PRO 6000 Blackwell Server Edition,dna_r10.4.1_e8.2_400bps_fast@v5.2.0,6592,3.54517e+08,16217024000
NVIDIA RTX PRO 6000 Blackwell Server Edition,dna_r10.4.1_e8.2_400bps_fast@v5.2.0,6656,3.58252e+08,16365924864
NVIDIA RTX PRO 6000 Blackwell Server Edition,dna_r10.4.1_e8.2_400bps_fast@v5.2.0,6720,3.49386e+08,16516922880
NVIDIA RTX PRO 6000 Blackwell Server Edition,dna_r10.4.1_e8.2_400bps_fast@v5.2.0,6784,3.50605e+08,16659532288
NVIDIA RTX PRO 6000 Blackwell Server Edition,dna_r10.4.1_e8.2_400bps_fast@v5.2.0,6848,3.41985e+08,16808433152
NVIDIA RTX PRO 6000 Blackwell Server Edition,dna_r10.4.1_e8.2_400bps_fast@v5.2.0,6912,3.44417e+08,16951042560
NVIDIA RTX PRO 6000 Blackwell Server Edition,dna_r10.4.1_e8.2_400bps_fast@v5.2.0,6976,3.47736e+08,17102040576
NVIDIA RTX PRO 6000 Blackwell Server Edition,dna_r10.4.1_e8.2_400bps_fast@v5.2.0,7040,3.51613e+08,17246747136
NVIDIA RTX PRO 6000 Blackwell Server Edition,dna_r10.4.1_e8.2_400bps_fast@v5.2.0,7104,3.53755e+08,17391453696
NVIDIA RTX PRO 6000 Blackwell Server Edition,dna_r10.4.1_e8.2_400bps_fast@v5.2.0,7168,3.43813e+08,17542451712
NVIDIA RTX PRO 6000 Blackwell Server Edition,dna_r10.4.1_e8.2_400bps_fast@v5.2.0,7232,3.45764e+08,17687158272
NVIDIA RTX PRO 6000 Blackwell Server Edition,dna_r10.4.1_e8.2_400bps_fast@v5.2.0,7296,3.48487e+08,17838156288
NVIDIA RTX PRO 6000 Blackwell Server Edition,dna_r10.4.1_e8.2_400bps_fast@v5.2.0,7360,3.55671e+08,17982862848
NVIDIA RTX PRO 6000 Blackwell Server Edition,dna_r10.4.1_e8.2_400bps_fast@v5.2.0,7424,3.54021e+08,18127569408
NVIDIA RTX PRO 6000 Blackwell Server Edition,dna_r10.4.1_e8.2_400bps_fast@v5.2.0,7488,3.44534e+08,18274373120
NVIDIA RTX PRO 6000 Blackwell Server Edition,dna_r10.4.1_e8.2_400bps_fast@v5.2.0,7552,3.46603e+08,18421176832
NVIDIA RTX PRO 6000 Blackwell Server Edition,dna_r10.4.1_e8.2_400bps_fast@v5.2.0,7616,3.52013e+08,18572174848
NVIDIA RTX PRO 6000 Blackwell Server Edition,dna_r10.4.1_e8.2_400bps_fast@v5.2.0,7680,3.51436e+08,18721075712
NVIDIA RTX PRO 6000 Blackwell Server Edition,dna_r10.4.1_e8.2_400bps_fast@v5.2.0,7744,3.40365e+08,18861587968
NVIDIA RTX PRO 6000 Blackwell Server Edition,dna_r10.4.1_e8.2_400bps_fast@v5.2.0,7808,3.42514e+08,19010488832
NVIDIA RTX PRO 6000 Blackwell Server Edition,dna_r10.4.1_e8.2_400bps_fast@v5.2.0,7872,3.44156e+08,19159389696
NVIDIA RTX PRO 6000 Blackwell Server Edition,dna_r10.4.1_e8.2_400bps_fast@v5.2.0,7936,3.48722e+08,19304096256
NVIDIA RTX PRO 6000 Blackwell Server Edition,dna_r10.4.1_e8.2_400bps_fast@v5.2.0,8000,3.38731e+08,19455094272
NVIDIA RTX PRO 6000 Blackwell Server Edition,dna_r10.4.1_e8.2_400bps_fast@v5.2.0,8064,3.38406e+08,19597703680
NVIDIA RTX PRO 6000 Blackwell Server Edition,dna_r10.4.1_e8.2_400bps_fast@v5.2.0,8128,3.42026e+08,19744507392
NVIDIA RTX PRO 6000 Blackwell Server Edition,dna_r10.4.1_e8.2_400bps_fast@v5.2.0,8192,3.44831e+08,19895505408
NVIDIA RTX PRO 6000 Blackwell Server Edition,dna_r10.4.1_e8.2_400bps_fast@v5.2.0,8256,3.46614e+08,20040211968
NVIDIA RTX PRO 6000 Blackwell Server Edition,dna_r10.4.1_e8.2_400bps_fast@v5.2.0,8320,3.49581e+08,20153461248
NVIDIA RTX PRO 6000 Blackwell Server Edition,dna_r10.4.1_e8.2_400bps_fast@v5.2.0,8384,3.37442e+08,20262516224
NVIDIA RTX PRO 6000 Blackwell Server Edition,dna_r10.4.1_e8.2_400bps_fast@v5.2.0,8448,3.42511e+08,20379959808
NVIDIA RTX PRO 6000 Blackwell Server Edition,dna_r10.4.1_e8.2_400bps_fast@v5.2.0,8512,3.42437e+08,20497403392
NVIDIA RTX PRO 6000 Blackwell Server Edition,dna_r10.4.1_e8.2_400bps_fast@v5.2.0,8576,3.44976e+08,20778424832
NVIDIA RTX PRO 6000 Blackwell Server Edition,dna_r10.4.1_e8.2_400bps_fast@v5.2.0,8640,3.46473e+08,20721804800
NVIDIA RTX PRO 6000 Blackwell Server Edition,dna_r10.4.1_e8.2_400bps_fast@v5.2.0,8704,3.48632e+08,20828762624
NVIDIA RTX PRO 6000 Blackwell Server Edition,dna_r10.4.1_e8.2_400bps_fast@v5.2.0,8768,3.53877e+08,20944109056
NVIDIA RTX PRO 6000 Blackwell Server Edition,dna_r10.4.1_e8.2_400bps_fast@v5.2.0,8832,3.56757e+08,21063649792
NVIDIA RTX PRO 6000 Blackwell Server Edition,dna_r10.4.1_e8.2_400bps_fast@v5.2.0,8896,3.37162e+08,21174801920
NVIDIA RTX PRO 6000 Blackwell Server Edition,dna_r10.4.1_e8.2_400bps_fast@v5.2.0,8960,3.42491e+08,21288051200
NVIDIA RTX PRO 6000 Blackwell Server Edition,dna_r10.4.1_e8.2_400bps_fast@v5.2.0,9024,3.44555e+08,21403397632
NVIDIA RTX PRO 6000 Blackwell Server Edition,dna_r10.4.1_e8.2_400bps_fast@v5.2.0,9088,3.46727e+08,21510355456
NVIDIA RTX PRO 6000 Blackwell Server Edition,dna_r10.4.1_e8.2_400bps_fast@v5.2.0,9152,3.48654e+08,21627799040
NVIDIA RTX PRO 6000 Blackwell Server Edition,dna_r10.4.1_e8.2_400bps_fast@v5.2.0,9216,3.49546e+08,21738951168
NVIDIA RTX PRO 6000 Blackwell Server Edition,dna_r10.4.1_e8.2_400bps_fast@v5.2.0,9280,3.52673e+08,21856394752
NVIDIA RTX PRO 6000 Blackwell Server Edition,dna_r10.4.1_e8.2_400bps_fast@v5.2.0,9344,3.39007e+08,21971741184
NVIDIA RTX PRO 6000 Blackwell Server Edition,dna_r10.4.1_e8.2_400bps_fast@v5.2.0,9408,3.4112e+08,22078699008
NVIDIA RTX PRO 6000 Blackwell Server Edition,dna_r10.4.1_e8.2_400bps_fast@v5.2.0,9472,3.45999e+08,22196142592
NVIDIA RTX PRO 6000 Blackwell Server Edition,dna_r10.4.1_e8.2_400bps_fast@v5.2.0,9536,3.4516e+08,22305197568
NVIDIA RTX PRO 6000 Blackwell Server Edition,dna_r10.4.1_e8.2_400bps_fast@v5.2.0,9600,3.47072e+08,22420544000
NVIDIA RTX PRO 6000 Blackwell Server Edition,dna_r10.4.1_e8.2_400bps_fast@v5.2.0,9664,3.48991e+08,22537987584
NVIDIA RTX PRO 6000 Blackwell Server Edition,dna_r10.4.1_e8.2_400bps_fast@v5.2.0,9728,3.51503e+08,22647042560
NVIDIA RTX PRO 6000 Blackwell Server Edition,dna_r10.4.1_e8.2_400bps_fast@v5.2.0,9792,3.53318e+08,22762388992
NVIDIA RTX PRO 6000 Blackwell Server Edition,dna_r10.4.1_e8.2_400bps_fast@v5.2.0,9856,3.5436e+08,22873541120
NVIDIA RTX PRO 6000 Blackwell Server Edition,dna_r10.4.1_e8.2_400bps_fast@v5.2.0,9920,3.41517e+08,22986790400
NVIDIA RTX PRO 6000 Blackwell Server Edition,dna_r10.4.1_e8.2_400bps_fast@v5.2.0,9984,3.42945e+08,23102136832
NVIDIA RTX PRO 6000 Blackwell Server Edition,dna_r10.4.1_e8.2_400bps_fast@v5.2.0,10048,3.43892e+08,23412518400
NVIDIA RTX PRO 6000 Blackwell Server Edition,dna_r10.4.1_e8.2_400bps_fast@v5.2.0,10112,3.46148e+08,23330732544
NVIDIA RTX PRO 6000 Blackwell Server Edition,dna_r10.4.1_e8.2_400bps_fast@v5.2.0,10176,3.49351e+08,23446078976
NVIDIA RTX PRO 6000 Blackwell Server Edition,dna_r10.4.1_e8.2_400bps_fast@v5.2.0,10240,3.30982e+08,23760654848
NVIDIA RTX PRO 6000 Blackwell Server Edition,dna_r10.4.1_e8.2_400bps_hac@v5.2.0,64,1.05522e+07,419609088
NVIDIA RTX PRO 6000 Blackwell Server Edition,dna_r10.4.1_e8.2_400bps_hac@v5.2.0,128,1.93367e+07,810866176
NVIDIA RTX PRO 6000 Blackwell Server Edition,dna_r10.4.1_e8.2_400bps_hac@v5.2.0,192,2.83686e+07,1201700352
NVIDIA RTX PRO 6000 Blackwell Server Edition,dna_r10.4.1_e8.2_400bps_hac@v5.2.0,256,3.7352e+07,1588954112
NVIDIA RTX PRO 6000 Blackwell Server Edition,dna_r10.4.1_e8.2_400bps_hac@v5.2.0,320,4.54283e+07,1985517568
NVIDIA RTX PRO 6000 Blackwell Server Edition,dna_r10.4.1_e8.2_400bps_hac@v5.2.0,384,5.36834e+07,2376136704
NVIDIA RTX PRO 6000 Blackwell Server Edition,dna_r10.4.1_e8.2_400bps_hac@v5.2.0,448,6.11094e+07,2767943168
NVIDIA RTX PRO 6000 Blackwell Server Edition,dna_r10.4.1_e8.2_400bps_hac@v5.2.0,512,6.73868e+07,3160486912
NVIDIA RTX PRO 6000 Blackwell Server Edition,dna_r10.4.1_e8.2_400bps_hac@v5.2.0,576,6.59409e+07,3551367680
NVIDIA RTX PRO 6000 Blackwell Server Edition,dna_r10.4.1_e8.2_400bps_hac@v5.2.0,640,7.27349e+07,3943257088
NVIDIA RTX PRO 6000 Blackwell Server Edition,dna_r10.4.1_e8.2_400bps_hac@v5.2.0,704,7.61587e+07,4336668160
NVIDIA RTX PRO 6000 Blackwell Server Edition,dna_r10.4.1_e8.2_400bps_hac@v5.2.0,768,7.81468e+07,4724132352
NVIDIA RTX PRO 6000 Blackwell Server Edition,dna_r10.4.1_e8.2_400bps_hac@v5.2.0,832,8.69805e+07,5121776640
NVIDIA RTX PRO 6000 Blackwell Server Edition,dna_r10.4.1_e8.2_400bps_hac@v5.2.0,896,9.54476e+07,5510426624
NVIDIA RTX PRO 6000 Blackwell Server Edition,dna_r10.4.1_e8.2_400bps_hac@v5.2.0,960,9.93948e+07,5899173888
NVIDIA RTX PRO 6000 Blackwell Server Edition,dna_r10.4.1_e8.2_400bps_hac@v5.2.0,1024,7.79046e+07,6292174336
NVIDIA RTX PRO 6000 Blackwell Server Edition,dna_r10.4.1_e8.2_400bps_hac@v5.2.0,1088,8.03923e+07,6682049536
NVIDIA RTX PRO 6000 Blackwell Server Edition,dna_r10.4.1_e8.2_400bps_hac@v5.2.0,1152,8.26596e+07,7072756224
NVIDIA RTX PRO 6000 Blackwell Server Edition,dna_r10.4.1_e8.2_400bps_hac@v5.2.0,1216,8.7322e+07,7469876736
NVIDIA RTX PRO 6000 Blackwell Server Edition,dna_r10.4.1_e8.2_400bps_hac@v5.2.0,1280,9.05477e+07,7855241216
NVIDIA RTX PRO 6000 Blackwell Server Edition,dna_r10.4.1_e8.2_400bps_hac@v5.2.0,1344,9.28803e+07,8254696960
NVIDIA RTX PRO 6000 Blackwell Server Edition,dna_r10.4.1_e8.2_400bps_hac@v5.2.0,1408,9.59805e+07,8646448128
NVIDIA RTX PRO 6000 Blackwell Server Edition,dna_r10.4.1_e8.2_400bps_hac@v5.2.0,1472,1.01082e+08,9031949312
NVIDIA RTX PRO 6000 Blackwell Server Edition,dna_r10.4.1_e8.2_400bps_hac@v5.2.0,1536,1.03701e+08,9423762432
NVIDIA RTX PRO 6000 Blackwell Server Edition,dna_r10.4.1_e8.2_400bps_hac@v5.2.0,1600,1.0248e+08,9820653568
NVIDIA RTX PRO 6000 Blackwell Server Edition,dna_r10.4.1_e8.2_400bps_hac@v5.2.0,1664,1.01832e+08,10202723328
NVIDIA RTX PRO 6000 Blackwell Server Edition,dna_r10.4.1_e8.2_400bps_hac@v5.2.0,1728,1.08272e+08,10600821248
NVIDIA RTX PRO 6000 Blackwell Server Edition,dna_r10.4.1_e8.2_400bps_hac@v5.2.0,1792,1.12046e+08,11002423296
NVIDIA RTX PRO 6000 Blackwell Server Edition,dna_r10.4.1_e8.2_400bps_hac@v5.2.0,1856,1.12971e+08,11383234560
NVIDIA RTX PRO 6000 Blackwell Server Edition,dna_r10.4.1_e8.2_400bps_hac@v5.2.0,1920,1.16222e+08,11782002688
NVIDIA RTX PRO 6000 Blackwell Server Edition,dna_r10.4.1_e8.2_400bps_hac@v5.2.0,1984,1.19843e+08,12159227904
NVIDIA RTX PRO 6000 Blackwell Server Edition,dna_r10.4.1_e8.2_400bps_hac@v5.2.0,2048,1.01992e+08,12560224256
NVIDIA RTX PRO 6000 Blackwell Server Edition,dna_r10.4.1_e8.2_400bps_hac@v5.2.0,2112,1.01743e+08,12951796224
NVIDIA RTX PRO 6000 Blackwell Server Edition,dna_r10.4.1_e8.2_400bps_hac@v5.2.0,2176,1.06069e+08,13345160704
NVIDIA RTX PRO 6000 Blackwell Server Edition,dna_r10.4.1_e8.2_400bps_hac@v5.2.0,2240,1.06838e+08,13727676928
NVIDIA RTX PRO 6000 Blackwell Server Edition,dna_r10.4.1_e8.2_400bps_hac@v5.2.0,2304,1.08553e+08,14114827776
NVIDIA RTX PRO 6000 Blackwell Server Edition,dna_r10.4.1_e8.2_400bps_hac@v5.2.0,2368,1.12838e+08,14519247872
NVIDIA RTX PRO 6000 Blackwell Server Edition,dna_r10.4.1_e8.2_400bps_hac@v5.2.0,2432,1.15858e+08,14912854528
NVIDIA RTX PRO 6000 Blackwell Server Edition,dna_r10.4.1_e8.2_400bps_hac@v5.2.0,2496,1.10525e+08,15289039872
NVIDIA RTX PRO 6000 Blackwell Server Edition,dna_r10.4.1_e8.2_400bps_hac@v5.2.0,2560,1.21228e+08,15693787648
NVIDIA RTX PRO 6000 Blackwell Server Edition,dna_r10.4.1_e8.2_400bps_hac@v5.2.0,2624,1.1709e+08,16079271936
NVIDIA RTX PRO 6000 Blackwell Server Edition,dna_r10.4.1_e8.2_400bps_hac@v5.2.0,2688,1.27777e+08,16469549568
NVIDIA RTX PRO 6000 Blackwell Server Edition,dna_r10.4.1_e8.2_400bps_hac@v5.2.0,2752,1.19832e+08,16861456384
NVIDIA RTX PRO 6000 Blackwell Server Edition,dna_r10.4.1_e8.2_400bps_hac@v5.2.0,2816,1.30796e+08,17249286144
NVIDIA RTX PRO 6000 Blackwell Server Edition,dna_r10.4.1_e8.2_400bps_hac@v5.2.0,2880,1.25065e+08,17645012992
NVIDIA RTX PRO 6000 Blackwell Server Edition,dna_r10.4.1_e8.2_400bps_hac@v5.2.0,2944,1.33816e+08,18034380800
NVIDIA RTX PRO 6000 Blackwell Server Edition,dna_r10.4.1_e8.2_400bps_hac@v5.2.0,3008,1.27942e+08,18447274496
NVIDIA RTX PRO 6000 Blackwell Server Edition,dna_r10.4.1_e8.2_400bps_hac@v5.2.0,3072,1.32105e+08,18832123904
NVIDIA RTX PRO 6000 Blackwell Server Edition,dna_r10.4.1_e8.2_400bps_hac@v5.2.0,3136,1.30233e+08,19152719872
NVIDIA RTX PRO 6000 Blackwell Server Edition,dna_r10.4.1_e8.2_400bps_hac@v5.2.0,3200,1.42173e+08,19601039360
NVIDIA RTX PRO 6000 Blackwell Server Edition,dna_r10.4.1_e8.2_400bps_hac@v5.2.0,3264,1.35452e+08,20005578752
NVIDIA RTX PRO 6000 Blackwell Server Edition,dna_r10.4.1_e8.2_400bps_hac@v5.2.0,3328,1.37671e+08,20331372544
NVIDIA RTX PRO 6000 Blackwell Server Edition,dna_r10.4.1_e8.2_400bps_hac@v5.2.0,3392,1.40889e+08,20778845696
NVIDIA RTX PRO 6000 Blackwell Server Edition,dna_r10.4.1_e8.2_400bps_hac@v5.2.0,3456,1.49455e+08,21172079104
NVIDIA RTX PRO 6000 Blackwell Server Edition,dna_r10.4.1_e8.2_400bps_hac@v5.2.0,3520,1.35769e+08,21575434752
NVIDIA RTX PRO 6000 Blackwell Server Edition,dna_r10.4.1_e8.2_400bps_hac@v5.2.0,3584,1.51306e+08,21955995136
NVIDIA RTX PRO 6000 Blackwell Server Edition,dna_r10.4.1_e8.2_400bps_hac@v5.2.0,3648,1.45497e+08,22365184000
NVIDIA RTX PRO 6000 Blackwell Server Edition,dna_r10.4.1_e8.2_400bps_hac@v5.2.0,3712,1.57564e+08,22729904128
NVIDIA RTX PRO 6000 Blackwell Server Edition,dna_r10.4.1_e8.2_400bps_hac@v5.2.0,3776,1.52287e+08,23114702336
NVIDIA RTX PRO 6000 Blackwell Server Edition,dna_r10.4.1_e8.2_400bps_hac@v5.2.0,3840,1.50985e+08,23518159872
NVIDIA RTX PRO 6000 Blackwell Server Edition,dna_r10.4.1_e8.2_400bps_hac@v5.2.0,3904,1.49856e+08,23921079808
NVIDIA RTX PRO 6000 Blackwell Server Edition,dna_r10.4.1_e8.2_400bps_hac@v5.2.0,3968,1.52111e+08,24293621760
NVIDIA RTX PRO 6000 Blackwell Server Edition,dna_r10.4.1_e8.2_400bps_hac@v5.2.0,4032,1.16068e+08,24686288384
NVIDIA RTX PRO 6000 Blackwell Server Edition,dna_r10.4.1_e8.2_400bps_hac@v5.2.0,4096,1.16586e+08,25085416960
NVIDIA RTX PRO 6000 Blackwell Server Edition,dna_r10.4.1_e8.2_400bps_hac@v5.2.0,4160,1.15911e+08,25467614208
NVIDIA RTX PRO 6000 Blackwell Server Edition,dna_r10.4.1_e8.2_400bps_hac@v5.2.0,4224,1.17615e+08,25861935104
NVIDIA RTX PRO 6000 Blackwell Server Edition,dna_r10.4.1_e8.2_400bps_hac@v5.2.0,4288,1.19165e+08,26259019776
NVIDIA RTX PRO 6000 Blackwell Server Edition,dna_r10.4.1_e8.2_400bps_hac@v5.2.0,4352,1.16665e+08,26661371392
NVIDIA RTX PRO 6000 Blackwell Server Edition,dna_r10.4.1_e8.2_400bps_hac@v5.2.0,4416,1.18955e+08,27049514496
NVIDIA RTX PRO 6000 Blackwell Server Edition,dna_r10.4.1_e8.2_400bps_hac@v5.2.0,4480,1.19177e+08,27430783488
NVIDIA RTX PRO 6000 Blackwell Server Edition,dna_r10.4.1_e8.2_400bps_hac@v5.2.0,4544,1.21823e+08,27830243840
NVIDIA RTX PRO 6000 Blackwell Server Edition,dna_r10.4.1_e8.2_400bps_hac@v5.2.0,4608,1.22931e+08,28209274880
NVIDIA RTX PRO 6000 Blackwell Server Edition,dna_r10.4.1_e8.2_400bps_hac@v5.2.0,4672,1.21064e+08,28614522880
NVIDIA RTX PRO 6000 Blackwell Server Edition,dna_r10.4.1_e8.2_400bps_hac@v5.2.0,4736,1.2253e+08,29018113536
NVIDIA RTX PRO 6000 Blackwell Server Edition,dna_r10.4.1_e8.2_400bps_hac@v5.2.0,4800,1.23571e+08,29388426240
NVIDIA RTX PRO 6000 Blackwell Server Edition,dna_r10.4.1_e8.2_400bps_hac@v5.2.0,4864,1.25265e+08,29781213184
NVIDIA RTX PRO 6000 Blackwell Server Edition,dna_r10.4.1_e8.2_400bps_hac@v5.2.0,4928,1.27135e+08,30174084096
NVIDIA RTX PRO 6000 Blackwell Server Edition,dna_r10.4.1_e8.2_400bps_hac@v5.2.0,4992,1.18759e+08,30548943872
NVIDIA RTX PRO 6000 Blackwell Server Edition,dna_r10.4.1_e8.2_400bps_hac@v5.2.0,5056,1.20665e+08,30956834816
NVIDIA RTX PRO 6000 Blackwell Server Edition,dna_r10.4.1_e8.2_400bps_hac@v5.2.0,5120,1.25772e+08,31347966464
NVIDIA RTX PRO 6000 Blackwell Server Edition,dna_r10.4.1_e8.2_400bps_hac@v5.2.0,5184,1.38617e+08,31730138624
NVIDIA RTX PRO 6000 Blackwell Server Edition,dna_r10.4.1_e8.2_400bps_hac@v5.2.0,5248,1.24789e+08,32123044352
NVIDIA RTX PRO 6000 Blackwell Server Edition,dna_r10.4.1_e8.2_400bps_hac@v5.2.0,5312,1.40927e+08,32518706688
NVIDIA RTX PRO 6000 Blackwell Server Edition,dna_r10.4.1_e8.2_400bps_hac@v5.2.0,5376,1.32514e+08,32917433344
NVIDIA RTX PRO 6000 Blackwell Server Edition,dna_r10.4.1_e8.2_400bps_hac@v5.2.0,5440,1.38965e+08,33299613184
NVIDIA RTX PRO 6000 Blackwell Server Edition,dna_r10.4.1_e8.2_400bps_hac@v5.2.0,5504,1.25582e+08,33692594176
NVIDIA RTX PRO 6000 Blackwell Server Edition,dna_r10.4.1_e8.2_400bps_hac@v5.2.0,5568,1.47871e+08,34114107392
NVIDIA RTX PRO 6000 Blackwell Server Edition,dna_r10.4.1_e8.2_400bps_hac@v5.2.0,5632,1.3239e+08,34461355520
NVIDIA RTX PRO 6000 Blackwell Server Edition,dna_r10.4.1_e8.2_400bps_hac@v5.2.0,5696,1.45955e+08,34870306304
NVIDIA RTX PRO 6000 Blackwell Server Edition,dna_r10.4.1_e8.2_400bps_hac@v5.2.0,5760,1.25349e+08,35251550208
NVIDIA RTX PRO 6000 Blackwell Server Edition,dna_r10.4.1_e8.2_400bps_hac@v5.2.0,5824,1.48748e+08,35641318912
NVIDIA RTX PRO 6000 Blackwell Server Edition,dna_r10.4.1_e8.2_400bps_hac@v5.2.0,5888,1.39019e+08,36036113408
NVIDIA RTX PRO 6000 Blackwell Server Edition,dna_r10.4.1_e8.2_400bps_hac@v5.2.0,5952,1.51596e+08,36423160320
NVIDIA RTX PRO 6000 Blackwell Server Edition,dna_r10.4.1_e8.2_400bps_hac@v5.2.0,6016,1.36355e+08,36839084032
NVIDIA RTX PRO 6000 Blackwell Server Edition,dna_r10.4.1_e8.2_400bps_hac@v5.2.0,6080,1.26605e+08,37210211840
NVIDIA RTX PRO 6000 Blackwell Server Edition,dna_r10.4.1_e8.2_400bps_hac@v5.2.0,6144,1.43219e+08,37607921152
NVIDIA RTX PRO 6000 Blackwell Server Edition,dna_r10.4.1_e8.2_400bps_hac@v5.2.0,6208,1.26605e+08,37986430976
NVIDIA RTX PRO 6000 Blackwell Server Edition,dna_r10.4.1_e8.2_400bps_hac@v5.2.0,6272,1.3655e+08,38370681856
NVIDIA RTX PRO 6000 Blackwell Server Edition,dna_r10.4.1_e8.2_400bps_hac@v5.2.0,6336,1.31624e+08,38781805568
NVIDIA RTX PRO 6000 Blackwell Server Edition,dna_r10.4.1_e8.2_400bps_hac@v5.2.0,6400,1.44462e+08,39171301376
NVIDIA RTX PRO 6000 Blackwell Server Edition,dna_r10.4.1_e8.2_400bps_hac@v5.2.0,6464,1.34329e+08,39552074752
NVIDIA RTX PRO 6000 Blackwell Server Edition,dna_r10.4.1_e8.2_400bps_hac@v5.2.0,6528,1.41672e+08,39957559808
NVIDIA RTX PRO 6000 Blackwell Server Edition,dna_r10.4.1_e8.2_400bps_hac@v5.2.0,6592,1.36371e+08,40336336896
NVIDIA RTX PRO 6000 Blackwell Server Edition,dna_r10.4.1_e8.2_400bps_hac@v5.2.0,6656,1.3566e+08,40735072256
NVIDIA RTX PRO 6000 Blackwell Server Edition,dna_r10.4.1_e8.2_400bps_hac@v5.2.0,6720,1.29536e+08,41129364992
NVIDIA RTX PRO 6000 Blackwell Server Edition,dna_r10.4.1_e8.2_400bps_hac@v5.2.0,6784,1.45785e+08,41523990528
NVIDIA RTX PRO 6000 Blackwell Server Edition,dna_r10.4.1_e8.2_400bps_hac@v5.2.0,6848,1.35234e+08,41901835776
NVIDIA RTX PRO 6000 Blackwell Server Edition,dna_r10.4.1_e8.2_400bps_hac@v5.2.0,6912,1.48977e+08,42292516864
NVIDIA RTX PRO 6000 Blackwell Server Edition,dna_r10.4.1_e8.2_400bps_hac@v5.2.0,6976,1.37499e+08,42593858048
NVIDIA RTX PRO 6000 Blackwell Server Edition,dna_r10.4.1_e8.2_400bps_hac@v5.2.0,7040,1.45807e+08,43079131136
NVIDIA RTX PRO 6000 Blackwell Server Edition,dna_r10.4.1_e8.2_400bps_hac@v5.2.0,7104,1.40247e+08,43480903680
NVIDIA RTX PRO 6000 Blackwell Server Edition,dna_r10.4.1_e8.2_400bps_hac@v5.2.0,7168,1.52812e+08,43858136576
NVIDIA RTX PRO 6000 Blackwell Server Edition,dna_r10.4.1_e8.2_400bps_hac@v5.2.0,7232,1.41923e+08,44284079104
NVIDIA RTX PRO 6000 Blackwell Server Edition,dna_r10.4.1_e8.2_400bps_hac@v5.2.0,7296,1.51304e+08,44671631872
NVIDIA RTX PRO 6000 Blackwell Server Edition,dna_r10.4.1_e8.2_400bps_hac@v5.2.0,7360,1.45144e+08,45045578240
NVIDIA RTX PRO 6000 Blackwell Server Edition,dna_r10.4.1_e8.2_400bps_hac@v5.2.0,7424,1.53484e+08,45422408192
NVIDIA RTX PRO 6000 Blackwell Server Edition,dna_r10.4.1_e8.2_400bps_hac@v5.2.0,7488,1.41092e+08,45810275328
NVIDIA RTX PRO 6000 Blackwell Server Edition,dna_r10.4.1_e8.2_400bps_hac@v5.2.0,7552,1.48961e+08,46207420416
NVIDIA RTX PRO 6000 Blackwell Server Edition,dna_r10.4.1_e8.2_400bps_hac@v5.2.0,7616,1.4264e+08,46601012736
NVIDIA RTX PRO 6000 Blackwell Server Edition,dna_r10.4.1_e8.2_400bps_hac@v5.2.0,7680,1.50277e+08,46990654464
NVIDIA RTX PRO 6000 Blackwell Server Edition,dna_r10.4.1_e8.2_400bps_hac@v5.2.0,7744,1.44677e+08,47375969792
NVIDIA RTX PRO 6000 Blackwell Server Edition,dna_r10.4.1_e8.2_400bps_hac@v5.2.0,7808,1.53741e+08,47767324672
NVIDIA RTX PRO 6000 Blackwell Server Edition,dna_r10.4.1_e8.2_400bps_hac@v5.2.0,7872,1.47454e+08,48226718208
NVIDIA RTX PRO 6000 Blackwell Server Edition,dna_r10.4.1_e8.2_400bps_hac@v5.2.0,7936,1.63218e+08,48558866944
NVIDIA RTX PRO 6000 Blackwell Server Edition,dna_r10.4.1_e8.2_400bps_hac@v5.2.0,8000,1.27441e+08,48952114176
NVIDIA RTX PRO 6000 Blackwell Server Edition,dna_r10.4.1_e8.2_400bps_hac@v5.2.0,8064,1.20765e+08,49336038912
NVIDIA RTX PRO 6000 Blackwell Server Edition,dna_r10.4.1_e8.2_400bps_hac@v5.2.0,8128,1.29292e+08,49721476096
NVIDIA RTX PRO 6000 Blackwell Server Edition,dna_r10.4.1_e8.2_400bps_hac@v5.2.0,8192,1.10323e+08,50127208960
NVIDIA RTX PRO 6000 Blackwell Server Edition,dna_r10.4.1_e8.2_400bps_hac@v5.2.0,8256,1.3092e+08,50513114112
NVIDIA RTX PRO 6000 Blackwell Server Edition,dna_r10.4.1_e8.2_400bps_hac@v5.2.0,8320,1.24165e+08,50899516928
NVIDIA RTX PRO 6000 Blackwell Server Edition,dna_r10.4.1_e8.2_400bps_hac@v5.2.0,8384,1.33139e+08,51284938752
NVIDIA RTX PRO 6000 Blackwell Server Edition,dna_r10.4.1_e8.2_400bps_hac@v5.2.0,8448,1.25654e+08,51678886400
NVIDIA RTX PRO 6000 Blackwell Server Edition,dna_r10.4.1_e8.2_400bps_hac@v5.2.0,8512,1.34767e+08,52088328192
NVIDIA RTX PRO 6000 Blackwell Server Edition,dna_r10.4.1_e8.2_400bps_hac@v5.2.0,8576,1.27657e+08,52526094848
NVIDIA RTX PRO 6000 Blackwell Server Edition,dna_r10.4.1_e8.2_400bps_hac@v5.2.0,8640,1.36907e+08,52860744192
NVIDIA RTX PRO 6000 Blackwell Server Edition,dna_r10.4.1_e8.2_400bps_hac@v5.2.0,8704,1.25561e+08,53281249280
NVIDIA RTX PRO 6000 Blackwell Server Edition,dna_r10.4.1_e8.2_400bps_hac@v5.2.0,8768,1.38888e+08,53666896384
NVIDIA RTX PRO 6000 Blackwell Server Edition,dna_r10.4.1_e8.2_400bps_hac@v5.2.0,8832,1.3152e+08,54073991168
NVIDIA RTX PRO 6000 Blackwell Server Edition,dna_r10.4.1_e8.2_400bps_hac@v5.2.0,8896,1.40841e+08,54454451712
NVIDIA RTX PRO 6000 Blackwell Server Edition,dna_r10.4.1_e8.2_400bps_hac@v5.2.0,8960,1.25105e+08,54823375872
NVIDIA RTX PRO 6000 Blackwell Server Edition,dna_r10.4.1_e8.2_400bps_hac@v5.2.0,9024,1.34858e+08,55213259776
NVIDIA RTX PRO 6000 Blackwell Server Edition,dna_r10.4.1_e8.2_400bps_hac@v5.2.0,9088,1.26951e+08,55595110400
NVIDIA RTX PRO 6000 Blackwell Server Edition,dna_r10.4.1_e8.2_400bps_hac@v5.2.0,9152,1.35826e+08,55996599296
NVIDIA RTX PRO 6000 Blackwell Server Edition,dna_r10.4.1_e8.2_400bps_hac@v5.2.0,9216,1.26346e+08,56380403712
NVIDIA RTX PRO 6000 Blackwell Server Edition,dna_r10.4.1_e8.2_400bps_hac@v5.2.0,9280,1.38233e+08,56773482496
NVIDIA RTX PRO 6000 Blackwell Server Edition,dna_r10.4.1_e8.2_400bps_hac@v5.2.0,9344,1.29448e+08,57159417856
NVIDIA RTX PRO 6000 Blackwell Server Edition,dna_r10.4.1_e8.2_400bps_hac@v5.2.0,9408,1.39897e+08,57555451904
NVIDIA RTX PRO 6000 Blackwell Server Edition,dna_r10.4.1_e8.2_400bps_hac@v5.2.0,9472,1.3085e+08,57962630656
NVIDIA RTX PRO 6000 Blackwell Server Edition,dna_r10.4.1_e8.2_400bps_hac@v5.2.0,9536,1.41359e+08,58404482560
NVIDIA RTX PRO 6000 Blackwell Server Edition,dna_r10.4.1_e8.2_400bps_hac@v5.2.0,9600,1.33603e+08,58731290624
NVIDIA RTX PRO 6000 Blackwell Server Edition,dna_r10.4.1_e8.2_400bps_hac@v5.2.0,9664,1.42893e+08,59127117824
NVIDIA RTX PRO 6000 Blackwell Server Edition,dna_r10.4.1_e8.2_400bps_hac@v5.2.0,9728,1.34138e+08,59510076928
NVIDIA RTX PRO 6000 Blackwell Server Edition,dna_r10.4.1_e8.2_400bps_hac@v5.2.0,9792,1.45044e+08,59973195776
NVIDIA RTX PRO 6000 Blackwell Server Edition,dna_r10.4.1_e8.2_400bps_hac@v5.2.0,9856,1.36143e+08,60292758528
NVIDIA RTX PRO 6000 Blackwell Server Edition,dna_r10.4.1_e8.2_400bps_hac@v5.2.0,9920,1.46e+08,60684890624
NVIDIA RTX PRO 6000 Blackwell Server Edition,dna_r10.4.1_e8.2_400bps_hac@v5.2.0,9984,1.37975e+08,61068875264
NVIDIA RTX PRO 6000 Blackwell Server Edition,dna_r10.4.1_e8.2_400bps_hac@v5.2.0,10048,1.38867e+08,61466541568
NVIDIA RTX PRO 6000 Blackwell Server Edition,dna_r10.4.1_e8.2_400bps_hac@v5.2.0,10112,1.37532e+08,61873908736
NVIDIA RTX PRO 6000 Blackwell Server Edition,dna_r10.4.1_e8.2_400bps_hac@v5.2.0,10176,1.31613e+08,62261979648
NVIDIA RTX PRO 6000 Blackwell Server Edition,dna_r10.4.1_e8.2_400bps_hac@v5.2.0,10240,1.39233e+08,62689037312
NVIDIA RTX PRO 6000 Blackwell Server Edition,dna_r10.4.1_e8.2_400bps_hac@v6.0.0,64,2.5844e+06,633809408
NVIDIA RTX PRO 6000 Blackwell Server Edition,dna_r10.4.1_e8.2_400bps_hac@v6.0.0,128,5.16498e+06,1232836096
NVIDIA RTX PRO 6000 Blackwell Server Edition,dna_r10.4.1_e8.2_400bps_hac@v6.0.0,192,7.74489e+06,1824968192
NVIDIA RTX PRO 6000 Blackwell Server Edition,dna_r10.4.1_e8.2_400bps_hac@v6.0.0,256,9.99288e+06,2421619712
NVIDIA RTX PRO 6000 Blackwell Server Edition,dna_r10.4.1_e8.2_400bps_hac@v6.0.0,320,1.25064e+07,3019935232
NVIDIA RTX PRO 6000 Blackwell Server Edition,dna_r10.4.1_e8.2_400bps_hac@v6.0.0,384,1.49759e+07,3624875008
NVIDIA RTX PRO 6000 Blackwell Server Edition,dna_r10.4.1_e8.2_400bps_hac@v6.0.0,448,1.74577e+07,4212763136
NVIDIA RTX PRO 6000 Blackwell Server Edition,dna_r10.4.1_e8.2_400bps_hac@v6.0.0,512,1.99192e+07,4823190016
NVIDIA RTX PRO 6000 Blackwell Server Edition,dna_r10.4.1_e8.2_400bps_hac@v6.0.0,576,2.24119e+07,5423967744
NVIDIA RTX PRO 6000 Blackwell Server Edition,dna_r10.4.1_e8.2_400bps_hac@v6.0.0,640,2.41164e+07,6022117888
NVIDIA RTX PRO 6000 Blackwell Server Edition,dna_r10.4.1_e8.2_400bps_hac@v6.0.0,704,2.64887e+07,6622793728
NVIDIA RTX PRO 6000 Blackwell Server Edition,dna_r10.4.1_e8.2_400bps_hac@v6.0.0,768,2.88741e+07,7215274496
NVIDIA RTX PRO 6000 Blackwell Server Edition,dna_r10.4.1_e8.2_400bps_hac@v6.0.0,832,3.02222e+07,7819556864
NVIDIA RTX PRO 6000 Blackwell Server Edition,dna_r10.4.1_e8.2_400bps_hac@v6.0.0,896,3.25792e+07,8416727040
NVIDIA RTX PRO 6000 Blackwell Server Edition,dna_r10.4.1_e8.2_400bps_hac@v6.0.0,960,3.47693e+07,9021954048
NVIDIA RTX PRO 6000 Blackwell Server Edition,dna_r10.4.1_e8.2_400bps_hac@v6.0.0,1024,3.6982e+07,9612126720
NVIDIA RTX PRO 6000 Blackwell Server Edition,dna_r10.4.1_e8.2_400bps_hac@v6.0.0,1088,3.91911e+07,10209971200
NVIDIA RTX PRO 6000 Blackwell Server Edition,dna_r10.4.1_e8.2_400bps_hac@v6.0.0,1152,4.16577e+07,10817348096
NVIDIA RTX PRO 6000 Blackwell Server Edition,dna_r10.4.1_e8.2_400bps_hac@v6.0.0,1216,4.39893e+07,11415085568
NVIDIA RTX PRO 6000 Blackwell Server Edition,dna_r10.4.1_e8.2_400bps_hac@v6.0.0,1280,4.58229e+07,12007384576
NVIDIA RTX PRO 6000 Blackwell Server Edition,dna_r10.4.1_e8.2_400bps_hac@v6.0.0,1344,5.1749e+07,12603761664
NVIDIA RTX PRO 6000 Blackwell Server Edition,dna_r10.4.1_e8.2_400bps_hac@v6.0.0,1408,4.41167e+07,13213016576
NVIDIA RTX PRO 6000 Blackwell Server Edition,dna_r10.4.1_e8.2_400bps_hac@v6.0.0,1472,3.01612e+07,13809041920
NVIDIA RTX PRO 6000 Blackwell Server Edition,dna_r10.4.1_e8.2_400bps_hac@v6.0.0,1536,5.72234e+07,14403734016
NVIDIA RTX PRO 6000 Blackwell Server Edition,dna_r10.4.1_e8.2_400bps_hac@v6.0.0,1600,3.26531e+07,14997893632
NVIDIA RTX PRO 6000 Blackwell Server Edition,dna_r10.4.1_e8.2_400bps_hac@v6.0.0,1664,4.9949e+07,15607293952
NVIDIA RTX PRO 6000 Blackwell Server Edition,dna_r10.4.1_e8.2_400bps_hac@v6.0.0,1728,6.22868e+07,16201729536
NVIDIA RTX PRO 6000 Blackwell Server Edition,dna_r10.4.1_e8.2_400bps_hac@v6.0.0,1792,5.37602e+07,16799075328
NVIDIA RTX PRO 6000 Blackwell Server Edition,dna_r10.4.1_e8.2_400bps_hac@v6.0.0,1856,3.56758e+07,17394681344
NVIDIA RTX PRO 6000 Blackwell Server Edition,dna_r10.4.1_e8.2_400bps_hac@v6.0.0,1920,6.65403e+07,18013004288
NVIDIA RTX PRO 6000 Blackwell Server Edition,dna_r10.4.1_e8.2_400bps_hac@v6.0.0,1984,3.81223e+07,18598989312
NVIDIA RTX PRO 6000 Blackwell Server Edition,dna_r10.4.1_e8.2_400bps_hac@v6.0.0,2048,6.08976e+07,19202546176
NVIDIA RTX PRO 6000 Blackwell Server Edition,dna_r10.4.1_e8.2_400bps_hac@v6.0.0,2112,4.04276e+07,19786669568
NVIDIA RTX PRO 6000 Blackwell Server Edition,dna_r10.4.1_e8.2_400bps_hac@v6.0.0,2176,6.2363e+07,20396677632
NVIDIA RTX PRO 6000 Blackwell Server Edition,dna_r10.4.1_e8.2_400bps_hac@v6.0.0,2240,4.02966e+07,20991272960
NVIDIA RTX PRO 6000 Blackwell Server Edition,dna_r10.4.1_e8.2_400bps_hac@v6.0.0,2304,6.30757e+07,21586495488
NVIDIA RTX PRO 6000 Blackwell Server Edition,dna_r10.4.1_e8.2_400bps_hac@v6.0.0,2368,4.25081e+07,22182750720
NVIDIA RTX PRO 6000 Blackwell Server Edition,dna_r10.4.1_e8.2_400bps_hac@v6.0.0,2432,6.67966e+07,22793242624
NVIDIA RTX PRO 6000 Blackwell Server Edition,dna_r10.4.1_e8.2_400bps_hac@v6.0.0,2496,4.48151e+07,23406145536
NVIDIA RTX PRO 6000 Blackwell Server Edition,dna_r10.4.1_e8.2_400bps_hac@v6.0.0,2560,6.69955e+07,23977375232
NVIDIA RTX PRO 6000 Blackwell Server Edition,dna_r10.4.1_e8.2_400bps_hac@v6.0.0,2624,3.42349e+07,24578316288
NVIDIA RTX PRO 6000 Blackwell Server Edition,dna_r10.4.1_e8.2_400bps_hac@v6.0.0,2688,8.30377e+07,25182536704
NVIDIA RTX PRO 6000 Blackwell Server Edition,dna_r10.4.1_e8.2_400bps_hac@v6.0.0,2752,3.61688e+07,25784314880
NVIDIA RTX PRO 6000 Blackwell Server Edition,dna_r10.4.1_e8.2_400bps_hac@v6.0.0,2816,3.60467e+07,26380174848
NVIDIA RTX PRO 6000 Blackwell Server Edition,dna_r10.4.1_e8.2_400bps_hac@v6.0.0,2880,8.17285e+07,26975955456
NVIDIA RTX PRO 6000 Blackwell Server Edition,dna_r10.4.1_e8.2_400bps_hac@v6.0.0,2944,3.85533e+07,27583608320
NVIDIA RTX PRO 6000 Blackwell Server Edition,dna_r10.4.1_e8.2_400bps_hac@v6.0.0,3008,3.92599e+07,28177000960
NVIDIA RTX PRO 6000 Blackwell Server Edition,dna_r10.4.1_e8.2_400bps_hac@v6.0.0,3072,9.08942e+07,28789719040
NVIDIA RTX PRO 6000 Blackwell Server Edition,dna_r10.4.1_e8.2_400bps_hac@v6.0.0,3136,4.09033e+07,29367587328
NVIDIA RTX PRO 6000 Blackwell Server Edition,dna_r10.4.1_e8.2_400bps_hac@v6.0.0,3200,8.35078e+07,29972879872
NVIDIA RTX PRO 6000 Blackwell Server Edition,dna_r10.4.1_e8.2_400bps_hac@v6.0.0,3264,9.28802e+07,30572443136
NVIDIA RTX PRO 6000 Blackwell Server Edition,dna_r10.4.1_e8.2_400bps_hac@v6.0.0,3328,3.96456e+07,31169082880
NVIDIA RTX PRO 6000 Blackwell Server Edition,dna_r10.4.1_e8.2_400bps_hac@v6.0.0,3392,4.04912e+07,31764468736
NVIDIA RTX PRO 6000 Blackwell Server Edition,dna_r10.4.1_e8.2_400bps_hac@v6.0.0,3456,9.37641e+07,32373582336
NVIDIA RTX PRO 6000 Blackwell Server Edition,dna_r10.4.1_e8.2_400bps_hac@v6.0.0,3520,4.17969e+07,32963362816
NVIDIA RTX PRO 6000 Blackwell Server Edition,dna_r10.4.1_e8.2_400bps_hac@v6.0.0,3584,4.24413e+07,33568680448
NVIDIA RTX PRO 6000 Blackwell Server Edition,dna_r10.4.1_e8.2_400bps_hac@v6.0.0,3648,9.48928e+07,34168605184
NVIDIA RTX PRO 6000 Blackwell Server Edition,dna_r10.4.1_e8.2_400bps_hac@v6.0.0,3712,4.38686e+07,34761440768
NVIDIA RTX PRO 6000 Blackwell Server Edition,dna_r10.4.1_e8.2_400bps_hac@v6.0.0,3776,4.47617e+07,35374003200
NVIDIA RTX PRO 6000 Blackwell Server Edition,dna_r10.4.1_e8.2_400bps_hac@v6.0.0,3840,9.95072e+07,35976110592
NVIDIA RTX PRO 6000 Blackwell Server Edition,dna_r10.4.1_e8.2_400bps_hac@v6.0.0,3904,3.70185e+07,36563561472
NVIDIA RTX PRO 6000 Blackwell Server Edition,dna_r10.4.1_e8.2_400bps_hac@v6.0.0,3968,5.62277e+07,37160762880
NVIDIA RTX PRO 6000 Blackwell Server Edition,dna_r10.4.1_e8.2_400bps_hac@v6.0.0,4032,9.98135e+07,37752449024
NVIDIA RTX PRO 6000 Blackwell Server Edition,dna_r10.4.1_e8.2_400bps_hac@v6.0.0,4096,9.95547e+07,38381282304
NVIDIA RTX PRO 6000 Blackwell Server Edition,dna_r10.4.1_e8.2_400bps_hac@v6.0.0,4160,3.92667e+07,38956035072
NVIDIA RTX PRO 6000 Blackwell Server Edition,dna_r10.4.1_e8.2_400bps_hac@v6.0.0,4224,5.93493e+07,39549658624
NVIDIA RTX PRO 6000 Blackwell Server Edition,dna_r10.4.1_e8.2_400bps_hac@v6.0.0,4288,4.03492e+07,40148237824
NVIDIA RTX PRO 6000 Blackwell Server Edition,dna_r10.4.1_e8.2_400bps_hac@v6.0.0,4352,1.01942e+08,40758430208
NVIDIA RTX PRO 6000 Blackwell Server Edition,dna_r10.4.1_e8.2_400bps_hac@v6.0.0,4416,3.69079e+07,41351849472
NVIDIA RTX PRO 6000 Blackwell Server Edition,dna_r10.4.1_e8.2_400bps_hac@v6.0.0,4480,1.05016e+08,41949121024
NVIDIA RTX PRO 6000 Blackwell Server Edition,dna_r10.4.1_e8.2_400bps_hac@v6.0.0,4544,3.78249e+07,42541533184
NVIDIA RTX PRO 6000 Blackwell Server Edition,dna_r10.4.1_e8.2_400bps_hac@v6.0.0,4608,1.02441e+08,43149938688
NVIDIA RTX PRO 6000 Blackwell Server Edition,dna_r10.4.1_e8.2_400bps_hac@v6.0.0,4672,3.89034e+07,43745738752
NVIDIA RTX PRO 6000 Blackwell Server Edition,dna_r10.4.1_e8.2_400bps_hac@v6.0.0,4736,6.11789e+07,44338629632
NVIDIA RTX PRO 6000 Blackwell Server Edition,dna_r10.4.1_e8.2_400bps_hac@v6.0.0,4800,3.98717e+07,44938347008
NVIDIA RTX PRO 6000 Blackwell Server Edition,dna_r10.4.1_e8.2_400bps_hac@v6.0.0,4864,1.07717e+08,45566134272
NVIDIA RTX PRO 6000 Blackwell Server Edition,dna_r10.4.1_e8.2_400bps_hac@v6.0.0,4928,4.11297e+07,46141501952
NVIDIA RTX PRO 6000 Blackwell Server Edition,dna_r10.4.1_e8.2_400bps_hac@v6.0.0,4992,6.43314e+07,46737340928
NVIDIA RTX PRO 6000 Blackwell Server Edition,dna_r10.4.1_e8.2_400bps_hac@v6.0.0,5056,4.1799e+07,47331055104
NVIDIA RTX PRO 6000 Blackwell Server Edition,dna_r10.4.1_e8.2_400bps_hac@v6.0.0,5120,1.06604e+08,47934721536
NVIDIA RTX PRO 6000 Blackwell Server Edition,dna_r10.4.1_e8.2_400bps_hac@v6.0.0,5184,6.03875e+07,48554898432
NVIDIA RTX PRO 6000 Blackwell Server Edition,dna_r10.4.1_e8.2_400bps_hac@v6.0.0,5248,4.10677e+07,49156064256
NVIDIA RTX PRO 6000 Blackwell Server Edition,dna_r10.4.1_e8.2_400bps_hac@v6.0.0,5312,4.08875e+07,49725745664
NVIDIA RTX PRO 6000 Blackwell Server Edition,dna_r10.4.1_e8.2_400bps_hac@v6.0.0,5376,6.25783e+07,50378992128
NVIDIA RTX PRO 6000 Blackwell Server Edition,dna_r10.4.1_e8.2_400bps_hac@v6.0.0,5440,7.62096e+07,50927112704
NVIDIA RTX PRO 6000 Blackwell Server Edition,dna_r10.4.1_e8.2_400bps_hac@v6.0.0,5504,3.70656e+07,51528942080
NVIDIA RTX PRO 6000 Blackwell Server Edition,dna_r10.4.1_e8.2_400bps_hac@v6.0.0,5568,5.88406e+07,52120668160
NVIDIA RTX PRO 6000 Blackwell Server Edition,dna_r10.4.1_e8.2_400bps_hac@v6.0.0,5632,4.01257e+07,52722965504
NVIDIA RTX PRO 6000 Blackwell Server Edition,dna_r10.4.1_e8.2_400bps_hac@v6.0.0,5696,4.16311e+07,53320278528
NVIDIA RTX PRO 6000 Blackwell Server Edition,dna_r10.4.1_e8.2_400bps_hac@v6.0.0,5760,6.03751e+07,53921724416
NVIDIA RTX PRO 6000 Blackwell Server Edition,dna_r10.4.1_e8.2_400bps_hac@v6.0.0,5824,4.30971e+07,54542388736
NVIDIA RTX PRO 6000 Blackwell Server Edition,dna_r10.4.1_e8.2_400bps_hac@v6.0.0,5888,4.17637e+07,55125606912
NVIDIA RTX PRO 6000 Blackwell Server Edition,dna_r10.4.1_e8.2_400bps_hac@v6.0.0,5952,4.29105e+07,55718789120
NVIDIA RTX PRO 6000 Blackwell Server Edition,dna_r10.4.1_e8.2_400bps_hac@v6.0.0,6016,4.28029e+07,56366023168
NVIDIA RTX PRO 6000 Blackwell Server Edition,dna_r10.4.1_e8.2_400bps_hac@v6.0.0,6080,7.80252e+07,56908061696
NVIDIA RTX PRO 6000 Blackwell Server Edition,dna_r10.4.1_e8.2_400bps_hac@v6.0.0,6144,4.08171e+07,57510310400
NVIDIA RTX PRO 6000 Blackwell Server Edition,dna_r10.4.1_e8.2_400bps_hac@v6.0.0,6208,4.41274e+07,58116050944
NVIDIA RTX PRO 6000 Blackwell Server Edition,dna_r10.4.1_e8.2_400bps_hac@v6.0.0,6272,4.39776e+07,58719242752
NVIDIA RTX PRO 6000 Blackwell Server Edition,dna_r10.4.1_e8.2_400bps_hac@v6.0.0,6336,3.88439e+07,59302220288
NVIDIA RTX PRO 6000 Blackwell Server Edition,dna_r10.4.1_e8.2_400bps_hac@v6.0.0,6400,8.09345e+07,59966112256
NVIDIA RTX PRO 6000 Blackwell Server Edition,dna_r10.4.1_e8.2_400bps_hac@v6.0.0,6464,3.72072e+07,60510320128
NVIDIA RTX PRO 6000 Blackwell Server Edition,dna_r10.4.1_e8.2_400bps_hac@v6.0.0,6528,8.29386e+07,61104656384
NVIDIA RTX PRO 6000 Blackwell Server Edition,dna_r10.4.1_e8.2_400bps_hac@v6.0.0,6592,4.21371e+07,61712068608
NVIDIA RTX PRO 6000 Blackwell Server Edition,dna_r10.4.1_e8.2_400bps_hac@v6.0.0,6656,5.88505e+07,62300537856
NVIDIA RTX PRO 6000 Blackwell Server Edition,dna_r10.4.1_e8.2_400bps_hac@v6.0.0,6720,8.51059e+07,62897792000
NVIDIA RTX PRO 6000 Blackwell Server Edition,dna_r10.4.1_e8.2_400bps_hac@v6.0.0,6784,6.09976e+07,63523408896
NVIDIA RTX PRO 6000 Blackwell Server Edition,dna_r10.4.1_e8.2_400bps_hac@v6.0.0,6848,4.11594e+07,64093818368
NVIDIA RTX PRO 6000 Blackwell Server Edition,dna_r10.4.1_e8.2_400bps_hac@v6.0.0,6912,8.76966e+07,64703331328
NVIDIA RTX PRO 6000 Blackwell Server Edition,dna_r10.4.1_e8.2_400bps_hac@v6.0.0,6976,4.22996e+07,65294964736
NVIDIA RTX PRO 6000 Blackwell Server Edition,dna_r10.4.1_e8.2_400bps_hac@v6.0.0,7040,6.03477e+07,65891468288
NVIDIA RTX PRO 6000 Blackwell Server Edition,dna_r10.4.1_e8.2_400bps_hac@v6.0.0,7104,8.93994e+07,66484911104
NVIDIA RTX PRO 6000 Blackwell Server Edition,dna_r10.4.1_e8.2_400bps_hac@v6.0.0,7168,5.80583e+07,67103526912
NVIDIA RTX PRO 6000 Blackwell Server Edition,dna_r10.4.1_e8.2_400bps_hac@v6.0.0,7232,4.33631e+07,67735007744
NVIDIA RTX PRO 6000 Blackwell Server Edition,dna_r10.4.1_e8.2_400bps_hac@v6.0.0,7296,9.25842e+07,68086172672
NVIDIA RTX PRO 6000 Blackwell Server Edition,dna_r10.4.1_e8.2_400bps_hac@v6.0.0,7360,3.8877e+07,68704719872
NVIDIA RTX PRO 6000 Blackwell Server Edition,dna_r10.4.1_e8.2_400bps_hac@v6.0.0,7424,6.08903e+07,69302216192
NVIDIA RTX PRO 6000 Blackwell Server Edition,dna_r10.4.1_e8.2_400bps_hac@v6.0.0,7488,9.52044e+07,69852721664
NVIDIA RTX PRO 6000 Blackwell Server Edition,dna_r10.4.1_e8.2_400bps_hac@v6.0.0,7552,5.94436e+07,70491566080
NVIDIA RTX PRO 6000 Blackwell Server Edition,dna_r10.4.1_e8.2_400bps_hac@v6.0.0,7616,4.0462e+07,71082937344
NVIDIA RTX PRO 6000 Blackwell Server Edition,dna_r10.4.1_e8.2_400bps_hac@v6.0.0,7680,8.80099e+07,71697332736
NVIDIA RTX PRO 6000 Blackwell Server Edition,dna_r10.4.1_e8.2_400bps_hac@v6.0.0,7744,3.83382e+07,72291465728
NVIDIA RTX PRO 6000 Blackwell Server Edition,dna_r10.4.1_e8.2_400bps_hac@v6.0.0,7808,3.78672e+07,72883735552
NVIDIA RTX PRO 6000 Blackwell Server Edition,dna_r10.4.1_e8.2_400bps_hac@v6.0.0,7872,3.91091e+07,73452933120
NVIDIA RTX PRO 6000 Blackwell Server Edition,dna_r10.4.1_e8.2_400bps_hac@v6.0.0,7936,4.30871e+07,74129043456
NVIDIA RTX PRO 6000 Blackwell Server Edition,dna_r10.4.1_e8.2_400bps_hac@v6.0.0,8000,3.92433e+07,74698632704
NVIDIA RTX PRO 6000 Blackwell Server Edition,dna_r10.4.1_e8.2_400bps_hac@v6.0.0,8064,1.01221e+08,75332957184
NVIDIA RTX PRO 6000 Blackwell Server Edition,dna_r10.4.1_e8.2_400bps_hac@v6.0.0,8128,3.98809e+07,76009543680
NVIDIA RTX PRO 6000 Blackwell Server Edition,dna_r10.4.1_e8.2_400bps_hac@v6.0.0,8192,4.24582e+07,76491654144
NVIDIA RTX PRO 6000 Blackwell Server Edition,dna_r10.4.1_e8.2_400bps_hac@v6.0.0,8256,3.88615e+07,77199282688
NVIDIA RTX PRO 6000 Blackwell Server Edition,dna_r10.4.1_e8.2_400bps_hac@v6.0.0,8320,4.37549e+07,77709765632
NVIDIA RTX PRO 6000 Blackwell Server Edition,dna_r10.4.1_e8.2_400bps_hac@v6.0.0,8384,4.37459e+07,78321458176
NVIDIA RTX PRO 6000 Blackwell Server Edition,dna_r10.4.1_e8.2_400bps_hac@v6.0.0,8448,3.91122e+07,78883540480
NVIDIA RTX PRO 6000 Blackwell Server Edition,dna_r10.4.1_e8.2_400bps_hac@v6.0.0,8512,9.7852e+07,79473485824
NVIDIA RTX PRO 6000 Blackwell Server Edition,dna_r10.4.1_e8.2_400bps_hac@v6.0.0,8576,3.94863e+07,80072430592
NVIDIA RTX PRO 6000 Blackwell Server Edition,dna_r10.4.1_e8.2_400bps_hac@v6.0.0,8640,4.04175e+07,80662615040
NVIDIA RTX PRO 6000 Blackwell Server Edition,dna_r10.4.1_e8.2_400bps_hac@v6.0.0,8704,4.39446e+07,81273131008
NVIDIA RTX PRO 6000 Blackwell Server Edition,dna_r10.4.1_e8.2_400bps_hac@v6.0.0,8768,4.03819e+07,81982286336
NVIDIA RTX PRO 6000 Blackwell Server Edition,dna_r10.4.1_e8.2_400bps_hac@v6.0.0,8832,3.96999e+07,82460191744
NVIDIA RTX PRO 6000 Blackwell Server Edition,dna_r10.4.1_e8.2_400bps_hac@v6.0.0,8896,4.00639e+07,83057801728
NVIDIA RTX PRO 6000 Blackwell Server Edition,dna_r10.4.1_e8.2_400bps_hac@v6.0.0,8960,1.01603e+08,83659451904
NVIDIA RTX PRO 6000 Blackwell Server Edition,dna_r10.4.1_e8.2_400bps_hac@v6.0.0,9024,6.00542e+07,84365118464
NVIDIA RTX PRO 6000 Blackwell Server Edition,dna_r10.4.1_e8.2_400bps_hac@v6.0.0,9088,6.59258e+07,84994283520
NVIDIA RTX PRO 6000 Blackwell Server Edition,dna_r10.4.1_e8.2_400bps_hac@v6.0.0,9152,4.4258e+07,85440150528
NVIDIA RTX PRO 6000 Blackwell Server Edition,dna_r10.4.1_e8.2_400bps_hac@v6.0.0,9216,6.2528e+07,86048364544
NVIDIA RTX PRO 6000 Blackwell Server Edition,dna_r10.4.1_e8.2_400bps_hac@v6.0.0,9280,8.28893e+07,86645995008
NVIDIA RTX PRO 6000 Blackwell Server Edition,dna_r10.4.1_e8.2_400bps_sup@v5.2.0,32,1.08239e+07,2271947776
NVIDIA RTX PRO 6000 Blackwell Server Edition,dna_r10.4.1_e8.2_400bps_sup@v5.2.0,64,1.50853e+07,3053072896
NVIDIA RTX PRO 6000 Blackwell Server Edition,dna_r10.4.1_e8.2_400bps_sup@v5.2.0,96,1.70869e+07,3835246592
NVIDIA RTX PRO 6000 Blackwell Server Edition,dna_r10.4.1_e8.2_400bps_sup@v5.2.0,128,1.84539e+07,4601691136
NVIDIA RTX PRO 6000 Blackwell Server Edition,dna_r10.4.1_e8.2_400bps_sup@v5.2.0,160,1.93542e+07,5384585728
NVIDIA RTX PRO 6000 Blackwell Server Edition,dna_r10.4.1_e8.2_400bps_sup@v5.2.0,192,1.8997e+07,6167218176
NVIDIA RTX PRO 6000 Blackwell Server Edition,dna_r10.4.1_e8.2_400bps_sup@v5.2.0,224,1.94283e+07,6948539904
NVIDIA RTX PRO 6000 Blackwell Server Edition,dna_r10.4.1_e8.2_400bps_sup@v5.2.0,256,1.96985e+07,7731434496
NVIDIA RTX PRO 6000 Blackwell Server Edition,dna_r10.4.1_e8.2_400bps_sup@v5.2.0,288,2.00479e+07,8513673728
NVIDIA RTX PRO 6000 Blackwell Server Edition,dna_r10.4.1_e8.2_400bps_sup@v5.2.0,320,2.02701e+07,9303909888
NVIDIA RTX PRO 6000 Blackwell Server Edition,dna_r10.4.1_e8.2_400bps_sup@v5.2.0,352,2.01878e+07,10078676480
NVIDIA RTX PRO 6000 Blackwell Server Edition,dna_r10.4.1_e8.2_400bps_sup@v5.2.0,384,2.0108e+07,10861702144
NVIDIA RTX PRO 6000 Blackwell Server Edition,dna_r10.4.1_e8.2_400bps_sup@v5.2.0,416,2.03161e+07,11643154944
NVIDIA RTX PRO 6000 Blackwell Server Edition,dna_r10.4.1_e8.2_400bps_sup@v5.2.0,448,2.02327e+07,12426442752
NVIDIA RTX PRO 6000 Blackwell Server Edition,dna_r10.4.1_e8.2_400bps_sup@v5.2.0,480,2.04645e+07,13210254848
NVIDIA RTX PRO 6000 Blackwell Server Edition,dna_r10.4.1_e8.2_400bps_sup@v5.2.0,512,2.05734e+07,13992496128
NVIDIA RTX PRO 6000 Blackwell Server Edition,dna_r10.4.1_e8.2_400bps_sup@v5.2.0,544,2.05668e+07,14789675520
NVIDIA RTX PRO 6000 Blackwell Server Edition,dna_r10.4.1_e8.2_400bps_sup@v5.2.0,576,2.03864e+07,15557499392
NVIDIA RTX PRO 6000 Blackwell Server Edition,dna_r10.4.1_e8.2_400bps_sup@v5.2.0,608,2.07489e+07,16339542016
NVIDIA RTX PRO 6000 Blackwell Server Edition,dna_r10.4.1_e8.2_400bps_sup@v5.2.0,640,2.10333e+07,17124599296
NVIDIA RTX PRO 6000 Blackwell Server Edition,dna_r10.4.1_e8.2_400bps_sup@v5.2.0,672,2.12692e+07,17903955456
NVIDIA RTX PRO 6000 Blackwell Server Edition,dna_r10.4.1_e8.2_400bps_sup@v5.2.0,704,2.05866e+07,18686194688
NVIDIA RTX PRO 6000 Blackwell Server Edition,dna_r10.4.1_e8.2_400bps_sup@v5.2.0,736,2.06323e+07,19470400000
NVIDIA RTX PRO 6000 Blackwell Server Edition,dna_r10.4.1_e8.2_400bps_sup@v5.2.0,768,2.05451e+07,20250935296
NVIDIA RTX PRO 6000 Blackwell Server Edition,dna_r10.4.1_e8.2_400bps_sup@v5.2.0,800,2.14052e+07,21033175040
NVIDIA RTX PRO 6000 Blackwell Server Edition,dna_r10.4.1_e8.2_400bps_sup@v5.2.0,832,2.12156e+07,21816462848
NVIDIA RTX PRO 6000 Blackwell Server Edition,dna_r10.4.1_e8.2_400bps_sup@v5.2.0,864,2.20253e+07,22598308864
NVIDIA RTX PRO 6000 Blackwell Server Edition,dna_r10.4.1_e8.2_400bps_sup@v5.2.0,896,2.17749e+07,23384087040
NVIDIA RTX PRO 6000 Blackwell Server Edition,dna_r10.4.1_e8.2_400bps_sup@v5.2.0,928,2.24774e+07,24164753920
NVIDIA RTX PRO 6000 Blackwell Server Edition,dna_r10.4.1_e8.2_400bps_sup@v5.2.0,960,2.21246e+07,24945944576
NVIDIA RTX PRO 6000 Blackwell Server Edition,dna_r10.4.1_e8.2_400bps_sup@v5.2.0,992,2.16856e+07,25730932224
NVIDIA RTX PRO 6000 Blackwell Server Edition,dna_r10.4.1_e8.2_400bps_sup@v5.2.0,1024,2.22064e+07,26513044480
NVIDIA RTX PRO 6000 Blackwell Server Edition,rna004_fast@v6.0.0,64,3.59694e+07,1240121344
NVIDIA RTX PRO 6000 Blackwell Server Edition,rna004_fast@v6.0.0,128,5.8405e+07,1405550592
NVIDIA RTX PRO 6000 Blackwell Server Edition,rna004_fast@v6.0.0,192,8.27363e+07,1568563200
NVIDIA RTX PRO 6000 Blackwell Server Edition,rna004_fast@v6.0.0,256,1.03149e+08,1733671424
NVIDIA RTX PRO 6000 Blackwell Server Edition,rna004_fast@v6.0.0,320,1.23679e+08,1896684032
NVIDIA RTX PRO 6000 Blackwell Server Edition,rna004_fast@v6.0.0,384,1.41572e+08,2061793280
NVIDIA RTX PRO 6000 Blackwell Server Edition,rna004_fast@v6.0.0,448,1.51344e+08,2224805888
NVIDIA RTX PRO 6000 Blackwell Server Edition,rna004_fast@v6.0.0,512,1.75825e+08,2389914112
NVIDIA RTX PRO 6000 Blackwell Server Edition,rna004_fast@v6.0.0,576,1.85423e+08,2552926720
NVIDIA RTX PRO 6000 Blackwell Server Edition,rna004_fast@v6.0.0,640,1.99694e+08,2718035968
NVIDIA RTX PRO 6000 Blackwell Server Edition,rna004_fast@v6.0.0,704,2.121e+08,2882259968
NVIDIA RTX PRO 6000 Blackwell Server Edition,rna004_fast@v6.0.0,768,2.16844e+08,3046156800
NVIDIA RTX PRO 6000 Blackwell Server Edition,rna004_fast@v6.0.0,832,2.27655e+08,3209457152
NVIDIA RTX PRO 6000 Blackwell Server Edition,rna004_fast@v6.0.0,896,2.38351e+08,3376267264
NVIDIA RTX PRO 6000 Blackwell Server Edition,rna004_fast@v6.0.0,960,2.43677e+08,3539388416
NVIDIA RTX PRO 6000 Blackwell Server Edition,rna004_fast@v6.0.0,1024,2.5624e+08,3703398912
NVIDIA RTX PRO 6000 Blackwell Server Edition,rna004_fast@v6.0.0,1088,2.65566e+08,3867509248
NVIDIA RTX PRO 6000 Blackwell Server Edition,rna004_fast@v6.0.0,1152,2.6913e+08,4028499968
NVIDIA RTX PRO 6000 Blackwell Server Edition,rna004_fast@v6.0.0,1216,2.79132e+08,4195952128
NVIDIA RTX PRO 6000 Blackwell Server Edition,rna004_fast@v6.0.0,1280,2.81673e+08,4356545024
NVIDIA RTX PRO 6000 Blackwell Server Edition,rna004_fast@v6.0.0,1344,2.92045e+08,4549312000
NVIDIA RTX PRO 6000 Blackwell Server Edition,rna004_fast@v6.0.0,1408,2.93045e+08,4685878784
NVIDIA RTX PRO 6000 Blackwell Server Edition,rna004_fast@v6.0.0,1472,3.02921e+08,4853834752
NVIDIA RTX PRO 6000 Blackwell Server Edition,rna004_fast@v6.0.0,1536,2.80192e+08,5014286848
NVIDIA RTX PRO 6000 Blackwell Server Edition,rna004_fast@v6.0.0,1600,2.85574e+08,5181031936
NVIDIA RTX PRO 6000 Blackwell Server Edition,rna004_fast@v6.0.0,1664,2.93395e+08,5341485056
NVIDIA RTX PRO 6000 Blackwell Server Edition,rna004_fast@v6.0.0,1728,2.9779e+08,5509042176
NVIDIA RTX PRO 6000 Blackwell Server Edition,rna004_fast@v6.0.0,1792,3.0168e+08,5672942592
NVIDIA RTX PRO 6000 Blackwell Server Edition,rna004_fast@v6.0.0,1856,3.04468e+08,5835634176
NVIDIA RTX PRO 6000 Blackwell Server Edition,rna004_fast@v6.0.0,1920,3.08155e+08,6002171904
NVIDIA RTX PRO 6000 Blackwell Server Edition,rna004_fast@v6.0.0,1984,3.14005e+08,6162625536
NVIDIA RTX PRO 6000 Blackwell Server Edition,rna004_fast@v6.0.0,2048,3.16287e+08,6330892800
NVIDIA RTX PRO 6000 Blackwell Server Edition,rna004_fast@v6.0.0,2112,3.21923e+08,6494614016
NVIDIA RTX PRO 6000 Blackwell Server Edition,rna004_fast@v6.0.0,2176,3.25897e+08,6656737792
NVIDIA RTX PRO 6000 Blackwell Server Edition,rna004_fast@v6.0.0,2240,3.27722e+08,6821215232
NVIDIA RTX PRO 6000 Blackwell Server Edition,rna004_fast@v6.0.0,2304,3.14837e+08,6981667328
NVIDIA RTX PRO 6000 Blackwell Server Edition,rna004_fast@v6.0.0,2368,3.23608e+08,7148797440
NVIDIA RTX PRO 6000 Blackwell Server Edition,rna004_fast@v6.0.0,2432,3.25203e+08,7314475520
NVIDIA RTX PRO 6000 Blackwell Server Edition,rna004_fast@v6.0.0,2496,3.21684e+08,7473862144
NVIDIA RTX PRO 6000 Blackwell Server Edition,rna004_fast@v6.0.0,2560,3.33255e+08,7640257024
NVIDIA RTX PRO 6000 Blackwell Server Edition,rna004_fast@v6.0.0,2624,3.34726e+08,7804904960
NVIDIA RTX PRO 6000 Blackwell Server Edition,rna004_fast@v6.0.0,2688,3.36815e+08,7968406016
NVIDIA RTX PRO 6000 Blackwell Server Edition,rna004_fast@v6.0.0,2752,3.43005e+08,8136574464
NVIDIA RTX PRO 6000 Blackwell Server Edition,rna004_fast@v6.0.0,2816,3.45073e+08,8295961088
NVIDIA RTX PRO 6000 Blackwell Server Edition,rna004_fast@v6.0.0,2880,3.43839e+08,8461968896
NVIDIA RTX PRO 6000 Blackwell Server Edition,rna004_fast@v6.0.0,2944,3.45869e+08,8626044928
NVIDIA RTX PRO 6000 Blackwell Server Edition,rna004_fast@v6.0.0,3008,3.49098e+08,8789509632
NVIDIA RTX PRO 6000 Blackwell Server Edition,rna004_fast@v6.0.0,3072,3.3548e+08,8953729536
NVIDIA RTX PRO 6000 Blackwell Server Edition,rna004_fast@v6.0.0,3136,3.32666e+08,9115853312
NVIDIA RTX PRO 6000 Blackwell Server Edition,rna004_fast@v6.0.0,3200,3.35631e+08,9282007040
NVIDIA RTX PRO 6000 Blackwell Server Edition,rna004_fast@v6.0.0,3264,3.40426e+08,9448112128
NVIDIA RTX PRO 6000 Blackwell Server Edition,rna004_fast@v6.0.0,3328,3.43118e+08,9608802816
NVIDIA RTX PRO 6000 Blackwell Server Edition,rna004_fast@v6.0.0,3392,3.36463e+08,9772736000
NVIDIA RTX PRO 6000 Blackwell Server Edition,rna004_fast@v6.0.0,3456,3.35919e+08,9932762624
NVIDIA RTX PRO 6000 Blackwell Server Edition,rna004_fast@v6.0.0,3520,3.40891e+08,10099483648
NVIDIA RTX PRO 6000 Blackwell Server Edition,rna004_fast@v6.0.0,3584,3.41453e+08,10266053120
NVIDIA RTX PRO 6000 Blackwell Server Edition,rna004_fast@v6.0.0,3648,3.40822e+08,10428804608
NVIDIA RTX PRO 6000 Blackwell Server Edition,rna004_fast@v6.0.0,3712,3.45423e+08,10594482688
NVIDIA RTX PRO 6000 Blackwell Server Edition,rna004_fast@v6.0.0,3776,3.35861e+08,10753882112
NVIDIA RTX PRO 6000 Blackwell Server Edition,rna004_fast@v6.0.0,3840,3.39686e+08,10920622592
NVIDIA RTX PRO 6000 Blackwell Server Edition,rna004_fast@v6.0.0,3904,3.40508e+08,11085270528
NVIDIA RTX PRO 6000 Blackwell Server Edition,rna004_fast@v6.0.0,3968,3.25122e+08,11248625152
NVIDIA RTX PRO 6000 Blackwell Server Edition,rna004_fast@v6.0.0,4032,3.2879e+08,11414484480
NVIDIA RTX PRO 6000 Blackwell Server Edition,rna004_fast@v6.0.0,4096,3.3265e+08,11580211712
NVIDIA RTX PRO 6000 Blackwell Server Edition,rna004_fast@v6.0.0,4160,3.31048e+08,11740025344
NVIDIA RTX PRO 6000 Blackwell Server Edition,rna004_fast@v6.0.0,4224,3.33601e+08,11906410496
NVIDIA RTX PRO 6000 Blackwell Server Edition,rna004_fast@v6.0.0,4288,3.32913e+08,12067631616
NVIDIA RTX PRO 6000 Blackwell Server Edition,rna004_fast@v6.0.0,4352,3.35921e+08,12233948672
NVIDIA RTX PRO 6000 Blackwell Server Edition,rna004_fast@v6.0.0,4416,3.42351e+08,12402261504
NVIDIA RTX PRO 6000 Blackwell Server Edition,rna004_fast@v6.0.0,4480,3.38207e+08,12563745280
NVIDIA RTX PRO 6000 Blackwell Server Edition,rna004_fast@v6.0.0,4544,3.25963e+08,12725229056
NVIDIA RTX PRO 6000 Blackwell Server Edition,rna004_fast@v6.0.0,4608,3.30558e+08,12886712832
NVIDIA RTX PRO 6000 Blackwell Server Edition,rna004_fast@v6.0.0,4672,3.26109e+08,13052955136
NVIDIA RTX PRO 6000 Blackwell Server Edition,rna004_fast@v6.0.0,4736,3.30067e+08,13219273216
NVIDIA RTX PRO 6000 Blackwell Server Edition,rna004_fast@v6.0.0,4800,3.34466e+08,13381396992
NVIDIA RTX PRO 6000 Blackwell Server Edition,rna004_fast@v6.0.0,4864,3.2987e+08,13547328000
NVIDIA RTX PRO 6000 Blackwell Server Edition,rna004_fast@v6.0.0,4928,3.3233e+08,13708811776
NVIDIA RTX PRO 6000 Blackwell Server Edition,rna004_fast@v6.0.0,4992,3.40198e+08,13872392704
NVIDIA RTX PRO 6000 Blackwell Server Edition,rna004_fast@v6.0.0,5056,3.35113e+08,14040376832
NVIDIA RTX PRO 6000 Blackwell Server Edition,rna004_fast@v6.0.0,5120,3.36645e+08,14200402432
NVIDIA RTX PRO 6000 Blackwell Server Edition,rna004_fast@v6.0.0,5184,3.38076e+08,14366720512
NVIDIA RTX PRO 6000 Blackwell Server Edition,rna004_fast@v6.0.0,5248,3.35186e+08,14533007872
NVIDIA RTX PRO 6000 Blackwell Server Edition,rna004_fast@v6.0.0,5312,3.38325e+08,14694491648
NVIDIA RTX PRO 6000 Blackwell Server Edition,rna004_fast@v6.0.0,5376,3.32686e+08,14860169728
NVIDIA RTX PRO 6000 Blackwell Server Edition,rna004_fast@v6.0.0,5440,3.36601e+08,15021653504
NVIDIA RTX PRO 6000 Blackwell Server Edition,rna004_fast@v6.0.0,5504,3.42263e+08,15187824128
NVIDIA RTX PRO 6000 Blackwell Server Edition,rna004_fast@v6.0.0,5568,3.33825e+08,15352045056
NVIDIA RTX PRO 6000 Blackwell Server Edition,rna004_fast@v6.0.0,5632,3.36762e+08,15514167808
NVIDIA RTX PRO 6000 Blackwell Server Edition,rna004_fast@v6.0.0,5696,3.40253e+08,15680171520
NVIDIA RTX PRO 6000 Blackwell Server Edition,rna004_fast@v6.0.0,5760,3.4391e+08,15841655296
NVIDIA RTX PRO 6000 Blackwell Server Edition,rna004_fast@v6.0.0,5824,3.47792e+08,16005236224
NVIDIA RTX PRO 6000 Blackwell Server Edition,rna004_fast@v6.0.0,5888,3.43428e+08,16175108608
NVIDIA RTX PRO 6000 Blackwell Server Edition,rna004_fast@v6.0.0,5952,3.46774e+08,16334495232
NVIDIA RTX PRO 6000 Blackwell Server Edition,rna004_fast@v6.0.0,6016,3.47101e+08,16502270464
NVIDIA RTX PRO 6000 Blackwell Server Edition,rna004_fast@v6.0.0,6080,3.41078e+08,16661657088
NVIDIA RTX PRO 6000 Blackwell Server Edition,rna004_fast@v6.0.0,6144,3.43153e+08,16827335168
NVIDIA RTX PRO 6000 Blackwell Server Edition,rna004_fast@v6.0.0,6208,3.35579e+08,16990916096
NVIDIA RTX PRO 6000 Blackwell Server Edition,rna004_fast@v6.0.0,6272,3.41313e+08,17152399872
NVIDIA RTX PRO 6000 Blackwell Server Edition,rna004_fast@v6.0.0,6336,3.41003e+08,17322272256
NVIDIA RTX PRO 6000 Blackwell Server Edition,rna004_fast@v6.0.0,6400,3.44369e+08,17487950336
NVIDIA RTX PRO 6000 Blackwell Server Edition,rna004_fast@v6.0.0,6464,3.47478e+08,17649434112
NVIDIA RTX PRO 6000 Blackwell Server Edition,rna004_fast@v6.0.0,6528,3.38932e+08,17813015040
NVIDIA RTX PRO 6000 Blackwell Server Edition,rna004_fast@v6.0.0,6592,3.42721e+08,17974498816
NVIDIA RTX PRO 6000 Blackwell Server Edition,rna004_fast@v6.0.0,6656,3.45267e+08,18140176896
NVIDIA RTX PRO 6000 Blackwell Server Edition,rna004_fast@v6.0.0,6720,3.50933e+08,18310049280
NVIDIA RTX PRO 6000 Blackwell Server Edition,rna004_fast@v6.0.0,6784,3.42243e+08,18467338752
NVIDIA RTX PRO 6000 Blackwell Server Edition,rna004_fast@v6.0.0,6848,3.42114e+08,18633016832
NVIDIA RTX PRO 6000 Blackwell Server Edition,rna004_fast@v6.0.0,6912,3.35784e+08,18792403456
NVIDIA RTX PRO 6000 Blackwell Server Edition,rna004_fast@v6.0.0,6976,3.35998e+08,18960178688
NVIDIA RTX PRO 6000 Blackwell Server Edition,rna004_fast@v6.0.0,7040,3.41584e+08,19123759616
NVIDIA RTX PRO 6000 Blackwell Server Edition,rna004_fast@v6.0.0,7104,3.40976e+08,19285243392
NVIDIA RTX PRO 6000 Blackwell Server Edition,rna004_fast@v6.0.0,7168,3.31094e+08,19453018624
NVIDIA RTX PRO 6000 Blackwell Server Edition,rna004_fast@v6.0.0,7232,3.34194e+08,19614502400
NVIDIA RTX PRO 6000 Blackwell Server Edition,rna004_fast@v6.0.0,7296,3.37557e+08,19782277632
NVIDIA RTX PRO 6000 Blackwell Server Edition,rna004_fast@v6.0.0,7360,3.37799e+08,19945858560
NVIDIA RTX PRO 6000 Blackwell Server Edition,rna004_fast@v6.0.0,7424,3.41833e+08,20107342336
NVIDIA RTX PRO 6000 Blackwell Server Edition,rna004_fast@v6.0.0,7488,3.44572e+08,20270923264
NVIDIA RTX PRO 6000 Blackwell Server Edition,rna004_fast@v6.0.0,7552,3.34739e+08,20434504192
NVIDIA RTX PRO 6000 Blackwell Server Edition,rna004_fast@v6.0.0,7616,3.36726e+08,20602279424
NVIDIA RTX PRO 6000 Blackwell Server Edition,rna004_fast@v6.0.0,7680,3.38609e+08,20767957504
NVIDIA RTX PRO 6000 Blackwell Server Edition,rna004_fast@v6.0.0,7744,3.41862e+08,20927344128
NVIDIA RTX PRO 6000 Blackwell Server Edition,rna004_fast@v6.0.0,7808,3.42729e+08,21093022208
NVIDIA RTX PRO 6000 Blackwell Server Edition,rna004_fast@v6.0.0,7872,3.3079e+08,21258700288
NVIDIA RTX PRO 6000 Blackwell Server Edition,rna004_fast@v6.0.0,7936,3.20359e+08,21418086912
NVIDIA RTX PRO 6000 Blackwell Server Edition,rna004_fast@v6.0.0,8000,3.37335e+08,21585862144
NVIDIA RTX PRO 6000 Blackwell Server Edition,rna004_fast@v6.0.0,8064,3.42712e+08,21747345920
NVIDIA RTX PRO 6000 Blackwell Server Edition,rna004_fast@v6.0.0,8128,3.28208e+08,21910926848
NVIDIA RTX PRO 6000 Blackwell Server Edition,rna004_fast@v6.0.0,8192,3.27688e+08,22078702080
NVIDIA RTX PRO 6000 Blackwell Server Edition,rna004_fast@v6.0.0,8256,3.32788e+08,22240185856
NVIDIA RTX PRO 6000 Blackwell Server Edition,rna004_fast@v6.0.0,8320,3.34777e+08,22370212352
NVIDIA RTX PRO 6000 Blackwell Server Edition,rna004_fast@v6.0.0,8384,3.22461e+08,22498141696
NVIDIA RTX PRO 6000 Blackwell Server Edition,rna004_fast@v6.0.0,8448,3.23396e+08,22632362496
NVIDIA RTX PRO 6000 Blackwell Server Edition,rna004_fast@v6.0.0,8512,3.27766e+08,22766583296
NVIDIA RTX PRO 6000 Blackwell Server Edition,rna004_fast@v6.0.0,8576,3.32903e+08,22892415488
NVIDIA RTX PRO 6000 Blackwell Server Edition,rna004_fast@v6.0.0,8640,3.34292e+08,23024539136
NVIDIA RTX PRO 6000 Blackwell Server Edition,rna004_fast@v6.0.0,8704,3.34496e+08,23150371328
NVIDIA RTX PRO 6000 Blackwell Server Edition,rna004_fast@v6.0.0,8768,3.35729e+08,23282494976
NVIDIA RTX PRO 6000 Blackwell Server Edition,rna004_fast@v6.0.0,8832,3.21426e+08,23418812928
NVIDIA RTX PRO 6000 Blackwell Server Edition,rna004_fast@v6.0.0,8896,3.40565e+08,23546742272
NVIDIA RTX PRO 6000 Blackwell Server Edition,rna004_fast@v6.0.0,8960,3.29599e+08,23676768768
NVIDIA RTX PRO 6000 Blackwell Server Edition,rna004_fast@v6.0.0,9024,3.31129e+08,23808892416
NVIDIA RTX PRO 6000 Blackwell Server Edition,rna004_fast@v6.0.0,9088,3.30276e+08,23932627456
NVIDIA RTX PRO 6000 Blackwell Server Edition,rna004_fast@v6.0.0,9152,3.35999e+08,24066848256
NVIDIA RTX PRO 6000 Blackwell Server Edition,rna004_fast@v6.0.0,9216,3.36287e+08,24194777600
NVIDIA RTX PRO 6000 Blackwell Server Edition,rna004_fast@v6.0.0,9280,3.37471e+08,24328998400
NVIDIA RTX PRO 6000 Blackwell Server Edition,rna004_fast@v6.0.0,9344,3.41366e+08,24461122048
NVIDIA RTX PRO 6000 Blackwell Server Edition,rna004_fast@v6.0.0,9408,3.42077e+08,24586954240
NVIDIA RTX PRO 6000 Blackwell Server Edition,rna004_fast@v6.0.0,9472,3.25041e+08,24721175040
NVIDIA RTX PRO 6000 Blackwell Server Edition,rna004_fast@v6.0.0,9536,3.2857e+08,24847007232
NVIDIA RTX PRO 6000 Blackwell Server Edition,rna004_fast@v6.0.0,9600,3.29115e+08,24979130880
NVIDIA RTX PRO 6000 Blackwell Server Edition,rna004_fast@v6.0.0,9664,3.32239e+08,25113351680
NVIDIA RTX PRO 6000 Blackwell Server Edition,rna004_fast@v6.0.0,9728,3.36052e+08,25241281024
NVIDIA RTX PRO 6000 Blackwell Server Edition,rna004_fast@v6.0.0,9792,3.3419e+08,25373404672
NVIDIA RTX PRO 6000 Blackwell Server Edition,rna004_fast@v6.0.0,9856,3.40413e+08,25501334016
NVIDIA RTX PRO 6000 Blackwell Server Edition,rna004_fast@v6.0.0,9920,3.35272e+08,25631360512
NVIDIA RTX PRO 6000 Blackwell Server Edition,rna004_fast@v6.0.0,9984,3.34095e+08,25763484160
NVIDIA RTX PRO 6000 Blackwell Server Edition,rna004_fast@v6.0.0,10048,3.37925e+08,25891413504
NVIDIA RTX PRO 6000 Blackwell Server Edition,rna004_fast@v6.0.0,10112,3.27607e+08,26027731456
NVIDIA RTX PRO 6000 Blackwell Server Edition,rna004_fast@v6.0.0,10176,3.28773e+08,26157757952
NVIDIA RTX PRO 6000 Blackwell Server Edition,rna004_fast@v6.0.0,10240,3.16844e+08,26283590144
NVIDIA RTX PRO 6000 Blackwell Server Edition,rna004_hac@v6.0.0,64,2.54562e+06,519917568
NVIDIA RTX PRO 6000 Blackwell Server Edition,rna004_hac@v6.0.0,128,5.0851e+06,1005853184
NVIDIA RTX PRO 6000 Blackwell Server Edition,rna004_hac@v6.0.0,192,7.63494e+06,1499090944
NVIDIA RTX PRO 6000 Blackwell Server Edition,rna004_hac@v6.0.0,256,1.01668e+07,1977894912
NVIDIA RTX PRO 6000 Blackwell Server Edition,rna004_hac@v6.0.0,320,1.23645e+07,2465103872
NVIDIA RTX PRO 6000 Blackwell Server Edition,rna004_hac@v6.0.0,384,1.48143e+07,2952183808
NVIDIA RTX PRO 6000 Blackwell Server Edition,rna004_hac@v6.0.0,448,1.73208e+07,3436133888
NVIDIA RTX PRO 6000 Blackwell Server Edition,rna004_hac@v6.0.0,512,1.97098e+07,3923019264
NVIDIA RTX PRO 6000 Blackwell Server Edition,rna004_hac@v6.0.0,576,2.16242e+07,4407136768
NVIDIA RTX PRO 6000 Blackwell Server Edition,rna004_hac@v6.0.0,640,2.40568e+07,4910600192
NVIDIA RTX PRO 6000 Blackwell Server Edition,rna004_hac@v6.0.0,704,2.64465e+07,5393218560
NVIDIA RTX PRO 6000 Blackwell Server Edition,rna004_hac@v6.0.0,768,2.80609e+07,5879862272
NVIDIA RTX PRO 6000 Blackwell Server Edition,rna004_hac@v6.0.0,832,3.03875e+07,6366966272
NVIDIA RTX PRO 6000 Blackwell Server Edition,rna004_hac@v6.0.0,896,3.27116e+07,6844238336
NVIDIA RTX PRO 6000 Blackwell Server Edition,rna004_hac@v6.0.0,960,3.40869e+07,7341074944
NVIDIA RTX PRO 6000 Blackwell Server Edition,rna004_hac@v6.0.0,1024,3.6256e+07,7830654976
NVIDIA RTX PRO 6000 Blackwell Server Edition,rna004_hac@v6.0.0,1088,3.85346e+07,8317588480
NVIDIA RTX PRO 6000 Blackwell Server Edition,rna004_hac@v6.0.0,1152,4.08186e+07,8801632768
NVIDIA RTX PRO 6000 Blackwell Server Edition,rna004_hac@v6.0.0,1216,4.30365e+07,9292594176
NVIDIA RTX PRO 6000 Blackwell Server Edition,rna004_hac@v6.0.0,1280,4.52079e+07,9780185600
NVIDIA RTX PRO 6000 Blackwell Server Edition,rna004_hac@v6.0.0,1344,5.0133e+07,10263662080
NVIDIA RTX PRO 6000 Blackwell Server Edition,rna004_hac@v6.0.0,1408,4.28762e+07,10751020544
NVIDIA RTX PRO 6000 Blackwell Server Edition,rna004_hac@v6.0.0,1472,3.0341e+07,11242384896
NVIDIA RTX PRO 6000 Blackwell Server Edition,rna004_hac@v6.0.0,1536,5.55771e+07,11727966208
NVIDIA RTX PRO 6000 Blackwell Server Edition,rna004_hac@v6.0.0,1600,3.13884e+07,12214554112
NVIDIA RTX PRO 6000 Blackwell Server Edition,rna004_hac@v6.0.0,1664,4.86172e+07,12707382272
NVIDIA RTX PRO 6000 Blackwell Server Edition,rna004_hac@v6.0.0,1728,6.09919e+07,13200263168
NVIDIA RTX PRO 6000 Blackwell Server Edition,rna004_hac@v6.0.0,1792,5.22332e+07,13682480128
NVIDIA RTX PRO 6000 Blackwell Server Edition,rna004_hac@v6.0.0,1856,3.6355e+07,14163139072
NVIDIA RTX PRO 6000 Blackwell Server Edition,rna004_hac@v6.0.0,1920,6.37275e+07,14655813632
NVIDIA RTX PRO 6000 Blackwell Server Edition,rna004_hac@v6.0.0,1984,3.88171e+07,15138368512
NVIDIA RTX PRO 6000 Blackwell Server Edition,rna004_hac@v6.0.0,2048,5.95397e+07,15629177856
NVIDIA RTX PRO 6000 Blackwell Server Edition,rna004_hac@v6.0.0,2112,3.93072e+07,16116628992
NVIDIA RTX PRO 6000 Blackwell Server Edition,rna004_hac@v6.0.0,2176,6.15328e+07,16596954112
NVIDIA RTX PRO 6000 Blackwell Server Edition,rna004_hac@v6.0.0,2240,4.15978e+07,17086697472
NVIDIA RTX PRO 6000 Blackwell Server Edition,rna004_hac@v6.0.0,2304,6.28776e+07,17568498688
NVIDIA RTX PRO 6000 Blackwell Server Edition,rna004_hac@v6.0.0,2368,4.16214e+07,18066956800
NVIDIA RTX PRO 6000 Blackwell Server Edition,rna004_hac@v6.0.0,2432,6.39439e+07,18553283072
NVIDIA RTX PRO 6000 Blackwell Server Edition,rna004_hac@v6.0.0,2496,4.38178e+07,19038095872
NVIDIA RTX PRO 6000 Blackwell Server Edition,rna004_hac@v6.0.0,2560,6.47507e+07,19520101376
NVIDIA RTX PRO 6000 Blackwell Server Edition,rna004_hac@v6.0.0,2624,3.57245e+07,20010649600
NVIDIA RTX PRO 6000 Blackwell Server Edition,rna004_hac@v6.0.0,2688,8.09989e+07,20500155392
NVIDIA RTX PRO 6000 Blackwell Server Edition,rna004_hac@v6.0.0,2752,3.73276e+07,20997185024
NVIDIA RTX PRO 6000 Blackwell Server Edition,rna004_hac@v6.0.0,2816,3.57253e+07,21468941312
NVIDIA RTX PRO 6000 Blackwell Server Edition,rna004_hac@v6.0.0,2880,7.65497e+07,21956268544
NVIDIA RTX PRO 6000 Blackwell Server Edition,rna004_hac@v6.0.0,2944,3.71661e+07,22452123648
NVIDIA RTX PRO 6000 Blackwell Server Edition,rna004_hac@v6.0.0,3008,3.80366e+07,22939209728
NVIDIA RTX PRO 6000 Blackwell Server Edition,rna004_hac@v6.0.0,3072,8.60932e+07,23422533632
NVIDIA RTX PRO 6000 Blackwell Server Edition,rna004_hac@v6.0.0,3136,3.96838e+07,23901551616
NVIDIA RTX PRO 6000 Blackwell Server Edition,rna004_hac@v6.0.0,3200,8.38011e+07,24398573056
NVIDIA RTX PRO 6000 Blackwell Server Edition,rna004_hac@v6.0.0,3264,8.84221e+07,24882273280
NVIDIA RTX PRO 6000 Blackwell Server Edition,rna004_hac@v6.0.0,3328,4.18624e+07,25371072512
NVIDIA RTX PRO 6000 Blackwell Server Edition,rna004_hac@v6.0.0,3392,3.96676e+07,25858937856
NVIDIA RTX PRO 6000 Blackwell Server Edition,rna004_hac@v6.0.0,3456,8.99915e+07,26344994816
NVIDIA RTX PRO 6000 Blackwell Server Edition,rna004_hac@v6.0.0,3520,4.11223e+07,26832867840
NVIDIA RTX PRO 6000 Blackwell Server Edition,rna004_hac@v6.0.0,3584,4.17471e+07,27321680896
NVIDIA RTX PRO 6000 Blackwell Server Edition,rna004_hac@v6.0.0,3648,9.51037e+07,27814536704
NVIDIA RTX PRO 6000 Blackwell Server Edition,rna004_hac@v6.0.0,3712,4.312e+07,28293406720
NVIDIA RTX PRO 6000 Blackwell Server Edition,rna004_hac@v6.0.0,3776,4.04964e+07,28770210816
NVIDIA RTX PRO 6000 Blackwell Server Edition,rna004_hac@v6.0.0,3840,9.29159e+07,29263787520
NVIDIA RTX PRO 6000 Blackwell Server Edition,rna004_hac@v6.0.0,3904,3.77743e+07,29750690816
NVIDIA RTX PRO 6000 Blackwell Server Edition,rna004_hac@v6.0.0,3968,5.73562e+07,30246750720
NVIDIA RTX PRO 6000 Blackwell Server Edition,rna004_hac@v6.0.0,4032,9.70243e+07,30728814592
NVIDIA RTX PRO 6000 Blackwell Server Edition,rna004_hac@v6.0.0,4096,9.37127e+07,31224366592
NVIDIA RTX PRO 6000 Blackwell Server Edition,rna004_hac@v6.0.0,4160,4.00645e+07,31701977088
NVIDIA RTX PRO 6000 Blackwell Server Edition,rna004_hac@v6.0.0,4224,5.69712e+07,32189548032
NVIDIA RTX PRO 6000 Blackwell Server Edition,rna004_hac@v6.0.0,4288,3.75356e+07,32678241792
NVIDIA RTX PRO 6000 Blackwell Server Edition,rna004_hac@v6.0.0,4352,9.99116e+07,33164106240
NVIDIA RTX PRO 6000 Blackwell Server Edition,rna004_hac@v6.0.0,4416,3.85218e+07,33666618368
NVIDIA RTX PRO 6000 Blackwell Server Edition,rna004_hac@v6.0.0,4480,1.03274e+08,34153640448
NVIDIA RTX PRO 6000 Blackwell Server Edition,rna004_hac@v6.0.0,4544,3.97495e+07,34629898240
NVIDIA RTX PRO 6000 Blackwell Server Edition,rna004_hac@v6.0.0,4608,1.01283e+08,35109939712
NVIDIA RTX PRO 6000 Blackwell Server Edition,rna004_hac@v6.0.0,4672,4.04974e+07,35596596224
NVIDIA RTX PRO 6000 Blackwell Server Edition,rna004_hac@v6.0.0,4736,5.93508e+07,36103102976
NVIDIA RTX PRO 6000 Blackwell Server Edition,rna004_hac@v6.0.0,4800,4.17221e+07,36581445120
NVIDIA RTX PRO 6000 Blackwell Server Edition,rna004_hac@v6.0.0,4864,1.02544e+08,37071215616
NVIDIA RTX PRO 6000 Blackwell Server Edition,rna004_hac@v6.0.0,4928,4.28184e+07,37547661824
NVIDIA RTX PRO 6000 Blackwell Server Edition,rna004_hac@v6.0.0,4992,6.16459e+07,38031953408
NVIDIA RTX PRO 6000 Blackwell Server Edition,rna004_hac@v6.0.0,5056,3.92954e+07,38534127616
NVIDIA RTX PRO 6000 Blackwell Server Edition,rna004_hac@v6.0.0,5120,1.0213e+08,39018192384
NVIDIA RTX PRO 6000 Blackwell Server Edition,rna004_hac@v6.0.0,5184,5.94947e+07,39525320192
NVIDIA RTX PRO 6000 Blackwell Server Edition,rna004_hac@v6.0.0,5248,4.02746e+07,40012217344
NVIDIA RTX PRO 6000 Blackwell Server Edition,rna004_hac@v6.0.0,5312,3.54422e+07,40469444608
NVIDIA RTX PRO 6000 Blackwell Server Edition,rna004_hac@v6.0.0,5376,6.06461e+07,40981421568
NVIDIA RTX PRO 6000 Blackwell Server Edition,rna004_hac@v6.0.0,5440,7.27231e+07,41451460096
NVIDIA RTX PRO 6000 Blackwell Server Edition,rna004_hac@v6.0.0,5504,3.74116e+07,41939229184
NVIDIA RTX PRO 6000 Blackwell Server Edition,rna004_hac@v6.0.0,5568,5.89076e+07,42421730304
NVIDIA RTX PRO 6000 Blackwell Server Edition,rna004_hac@v6.0.0,5632,3.80247e+07,42900486656
NVIDIA RTX PRO 6000 Blackwell Server Edition,rna004_hac@v6.0.0,5696,3.85378e+07,43403638272
NVIDIA RTX PRO 6000 Blackwell Server Edition,rna004_hac@v6.0.0,5760,6.07003e+07,43883471872
NVIDIA RTX PRO 6000 Blackwell Server Edition,rna004_hac@v6.0.0,5824,3.8972e+07,44367041536
NVIDIA RTX PRO 6000 Blackwell Server Edition,rna004_hac@v6.0.0,5888,3.85587e+07,44859226112
NVIDIA RTX PRO 6000 Blackwell Server Edition,rna004_hac@v6.0.0,5952,3.83945e+07,45342793728
NVIDIA RTX PRO 6000 Blackwell Server Edition,rna004_hac@v6.0.0,6016,4.04783e+07,45841836544
NVIDIA RTX PRO 6000 Blackwell Server Edition,rna004_hac@v6.0.0,6080,7.47208e+07,46320645632
NVIDIA RTX PRO 6000 Blackwell Server Edition,rna004_hac@v6.0.0,6144,4.08608e+07,46807317504
NVIDIA RTX PRO 6000 Blackwell Server Edition,rna004_hac@v6.0.0,6208,4.16018e+07,47289601024
NVIDIA RTX PRO 6000 Blackwell Server Edition,rna004_hac@v6.0.0,6272,4.19986e+07,47768527360
NVIDIA RTX PRO 6000 Blackwell Server Edition,rna004_hac@v6.0.0,6336,4.24339e+07,48275910144
NVIDIA RTX PRO 6000 Blackwell Server Edition,rna004_hac@v6.0.0,6400,7.72585e+07,48759901696
NVIDIA RTX PRO 6000 Blackwell Server Edition,rna004_hac@v6.0.0,6464,4.08031e+07,49282657280
NVIDIA RTX PRO 6000 Blackwell Server Edition,rna004_hac@v6.0.0,6528,8.01954e+07,49734287360
NVIDIA RTX PRO 6000 Blackwell Server Edition,rna004_hac@v6.0.0,6592,3.67376e+07,50214625792
NVIDIA RTX PRO 6000 Blackwell Server Edition,rna004_hac@v6.0.0,6656,5.66265e+07,50709410816
NVIDIA RTX PRO 6000 Blackwell Server Edition,rna004_hac@v6.0.0,6720,8.28526e+07,51198032896
NVIDIA RTX PRO 6000 Blackwell Server Edition,rna004_hac@v6.0.0,6784,5.79719e+07,51678322176
NVIDIA RTX PRO 6000 Blackwell Server Edition,rna004_hac@v6.0.0,6848,3.73202e+07,52161223680
NVIDIA RTX PRO 6000 Blackwell Server Edition,rna004_hac@v6.0.0,6912,8.4983e+07,52650557952
NVIDIA RTX PRO 6000 Blackwell Server Edition,rna004_hac@v6.0.0,6976,3.69057e+07,53142772736
NVIDIA RTX PRO 6000 Blackwell Server Edition,rna004_hac@v6.0.0,7040,6.03231e+07,53628403200
NVIDIA RTX PRO 6000 Blackwell Server Edition,rna004_hac@v6.0.0,7104,8.79887e+07,54105882112
NVIDIA RTX PRO 6000 Blackwell Server Edition,rna004_hac@v6.0.0,7168,6.03267e+07,54596912640
NVIDIA RTX PRO 6000 Blackwell Server Edition,rna004_hac@v6.0.0,7232,3.81128e+07,55101040640
NVIDIA RTX PRO 6000 Blackwell Server Edition,rna004_hac@v6.0.0,7296,8.95659e+07,55581525504
NVIDIA RTX PRO 6000 Blackwell Server Edition,rna004_hac@v6.0.0,7360,3.78086e+07,56067853824
NVIDIA RTX PRO 6000 Blackwell Server Edition,rna004_hac@v6.0.0,7424,6.3223e+07,56562909184
NVIDIA RTX PRO 6000 Blackwell Server Edition,rna004_hac@v6.0.0,7488,9.19692e+07,57034715136
NVIDIA RTX PRO 6000 Blackwell Server Edition,rna004_hac@v6.0.0,7552,6.43447e+07,57543178240
NVIDIA RTX PRO 6000 Blackwell Server Edition,rna004_hac@v6.0.0,7616,4.33573e+07,58032357376
NVIDIA RTX PRO 6000 Blackwell Server Edition,rna004_hac@v6.0.0,7680,8.69003e+07,58498241536
NVIDIA RTX PRO 6000 Blackwell Server Edition,rna004_hac@v6.0.0,7744,3.68357e+07,58977255424
NVIDIA RTX PRO 6000 Blackwell Server Edition,rna004_hac@v6.0.0,7808,3.71033e+07,59465189888
NVIDIA RTX PRO 6000 Blackwell Server Edition,rna004_hac@v6.0.0,7872,4.20958e+07,59974250496
NVIDIA RTX PRO 6000 Blackwell Server Edition,rna004_hac@v6.0.0,7936,4.18186e+07,60501799424
NVIDIA RTX PRO 6000 Blackwell Server Edition,rna004_hac@v6.0.0,8000,3.7011e+07,60937596928
NVIDIA RTX PRO 6000 Blackwell Server Edition,rna004_hac@v6.0.0,8064,9.68723e+07,61422078976
NVIDIA RTX PRO 6000 Blackwell Server Edition,rna004_hac@v6.0.0,8128,3.76784e+07,61903066624
NVIDIA RTX PRO 6000 Blackwell Server Edition,rna004_hac@v6.0.0,8192,4.07338e+07,62400491520
NVIDIA RTX PRO 6000 Blackwell Server Edition,rna004_hac@v6.0.0,8256,3.89182e+07,62882154496
NVIDIA RTX PRO 6000 Blackwell Server Edition,rna004_hac@v6.0.0,8320,3.74026e+07,63365412352
NVIDIA RTX PRO 6000 Blackwell Server Edition,rna004_hac@v6.0.0,8384,3.89011e+07,63846660608
NVIDIA RTX PRO 6000 Blackwell Server Edition,rna004_hac@v6.0.0,8448,4.30003e+07,64347983360
NVIDIA RTX PRO 6000 Blackwell Server Edition,rna004_hac@v6.0.0,8512,9.52438e+07,64841828864
NVIDIA RTX PRO 6000 Blackwell Server Edition,rna004_hac@v6.0.0,8576,4.31947e+07,65338895360
NVIDIA RTX PRO 6000 Blackwell Server Edition,rna004_hac@v6.0.0,8640,4.07767e+07,65805917184
NVIDIA RTX PRO 6000 Blackwell Server Edition,rna004_hac@v6.0.0,8704,3.95444e+07,66284407296
NVIDIA RTX PRO 6000 Blackwell Server Edition,rna004_hac@v6.0.0,8768,4.32429e+07,66825057792
NVIDIA RTX PRO 6000 Blackwell Server Edition,rna004_hac@v6.0.0,8832,4.40734e+07,67293969408
NVIDIA RTX PRO 6000 Blackwell Server Edition,rna004_hac@v6.0.0,8896,3.86294e+07,67596150784
NVIDIA RTX PRO 6000 Blackwell Server Edition,rna004_hac@v6.0.0,8960,1.00069e+08,68072305664
NVIDIA RTX PRO 6000 Blackwell Server Edition,rna004_hac@v6.0.0,9024,5.57159e+07,68504210944
NVIDIA RTX PRO 6000 Blackwell Server Edition,rna004_hac@v6.0.0,9088,5.50529e+07,69028492800
NVIDIA RTX PRO 6000 Blackwell Server Edition,rna004_hac@v6.0.0,9152,4.24755e+07,69546519552
NVIDIA RTX PRO 6000 Blackwell Server Edition,rna004_hac@v6.0.0,9216,5.86563e+07,69997398528
NVIDIA RTX PRO 6000 Blackwell Server Edition,rna004_hac@v6.0.0,9280,7.82168e+07,70489105408
NVIDIA RTX PRO 6000 Blackwell Server Edition,rna004_hac@v6.0.0,9344,6.14209e+07,71031717376
NVIDIA RTX PRO 6000 Blackwell Server Edition,rna004_hac@v6.0.0,9408,5.7148e+07,71462127104
NVIDIA RTX PRO 6000 Blackwell Server Edition,rna004_hac@v6.0.0,9472,9.67734e+07,71956990464
NVIDIA RTX PRO 6000 Blackwell Server Edition,rna004_hac@v6.0.0,9536,3.81899e+07,72435269632
NVIDIA RTX PRO 6000 Blackwell Server Edition,rna004_hac@v6.0.0,9600,8.03435e+07,72955944448
NVIDIA RTX PRO 6000 Blackwell Server Edition,rna004_hac@v6.0.0,9664,3.86969e+07,73409600512
NVIDIA RTX PRO 6000 Blackwell Server Edition,rna004_hac@v6.0.0,9728,9.56926e+07,73908978688
NVIDIA RTX PRO 6000 Blackwell Server Edition,rna004_hac@v6.0.0,9792,4.32064e+07,74568855552
NVIDIA RTX PRO 6000 Blackwell Server Edition,rna004_hac@v6.0.0,9856,5.7538e+07,74889165824
NVIDIA RTX PRO 6000 Blackwell Server Edition,rna004_hac@v6.0.0,9920,4.33714e+07,75468717568
NVIDIA RTX PRO 6000 Blackwell Server Edition,rna004_hac@v6.0.0,9984,1.01283e+08,75782910464
NVIDIA RTX PRO 6000 Blackwell Server Edition,rna004_hac@v6.0.0,10048,3.91921e+07,76337082368
NVIDIA RTX PRO 6000 Blackwell Server Edition,rna004_hac@v6.0.0,10112,6.58946e+07,76871353344
NVIDIA RTX PRO 6000 Blackwell Server Edition,rna004_hac@v6.0.0,10176,4.55508e+07,77599881728
NVIDIA RTX PRO 6000 Blackwell Server Edition,rna004_hac@v6.0.0,10240,1.07123e+08,77826036736
NVIDIA RTX PRO 6000 Blackwell Server Edition,rna004_sup@v6.0.0,32,1.01432e+07,2574992384
NVIDIA RTX PRO 6000 Blackwell Server Edition,rna004_sup@v6.0.0,64,1.34734e+07,3748252160
NVIDIA RTX PRO 6000 Blackwell Server Edition,rna004_sup@v6.0.0,96,1.51126e+07,4922920448
NVIDIA RTX PRO 6000 Blackwell Server Edition,rna004_sup@v6.0.0,128,1.63467e+07,6112596992
NVIDIA RTX PRO 6000 Blackwell Server Edition,rna004_sup@v6.0.0,160,1.67009e+07,7302666752
NVIDIA RTX PRO 6000 Blackwell Server Edition,rna004_sup@v6.0.0,192,1.65216e+07,8493785088
NVIDIA RTX PRO 6000 Blackwell Server Edition,rna004_sup@v6.0.0,224,1.72159e+07,9683757568
NVIDIA RTX PRO 6000 Blackwell Server Edition,rna004_sup@v6.0.0,256,1.73337e+07,10875366400
NVIDIA RTX PRO 6000 Blackwell Server Edition,rna004_sup@v6.0.0,288,1.73888e+07,12076708352
NVIDIA RTX PRO 6000 Blackwell Server Edition,rna004_sup@v6.0.0,320,1.7568e+07,13257472000
NVIDIA RTX PRO 6000 Blackwell Server Edition,rna004_sup@v6.0.0,352,1.7389e+07,14445380608
NVIDIA RTX PRO 6000 Blackwell Server Edition,rna004_sup@v6.0.0,384,1.75522e+07,15636695552
NVIDIA RTX PRO 6000 Blackwell Server Edition,rna004_sup@v6.0.0,416,1.74969e+07,16826370560
NVIDIA RTX PRO 6000 Blackwell Server Edition,rna004_sup@v6.0.0,448,1.72216e+07,18016114688
NVIDIA RTX PRO 6000 Blackwell Server Edition,rna004_sup@v6.0.0,480,1.75148e+07,19224468992
NVIDIA RTX PRO 6000 Blackwell Server Edition,rna004_sup@v6.0.0,512,1.77487e+07,20398810112
NVIDIA RTX PRO 6000 Blackwell Server Edition,rna004_sup@v6.0.0,544,1.78854e+07,21591663104
NVIDIA RTX PRO 6000 Blackwell Server Edition,rna004_sup@v6.0.0,576,1.78874e+07,22779930624
NVIDIA RTX PRO 6000 Blackwell Server Edition,rna004_sup@v6.0.0,608,1.7771e+07,23972624384
NVIDIA RTX PRO 6000 Blackwell Server Edition,rna004_sup@v6.0.0,640,1.75379e+07,25160924672
NVIDIA RTX PRO 6000 Blackwell Server Edition,rna004_sup@v6.0.0,672,1.83659e+07,26352695808
NVIDIA RTX PRO 6000 Blackwell Server Edition,rna004_sup@v6.0.0,704,1.91566e+07,27540540416
NVIDIA RTX PRO 6000 Blackwell Server Edition,rna004_sup@v6.0.0,736,1.87119e+07,28730872320
NVIDIA RTX PRO 6000 Blackwell Server Edition,rna004_sup@v6.0.0,768,1.80857e+07,29924087808
NVIDIA RTX PRO 6000 Blackwell Server Edition,rna004_sup@v6.0.0,800,1.88596e+07,31116058624
NVIDIA RTX PRO 6000 Blackwell Server Edition,rna004_sup@v6.0.0,832,1.81345e+07,32303834624
