Tesla V100-PCIE-16GB,dna_r10.4.1_e8.2_400bps_fast@v4.3.0,64,2.28876e+07,1224882688
Tesla V100-PCIE-16GB,dna_r10.4.1_e8.2_400bps_fast@v4.3.0,128,4.23049e+07,1374493696
Tesla V100-PCIE-16GB,dna_r10.4.1_e8.2_400bps_fast@v4.3.0,192,5.8614e+07,1521529344
Tesla V100-PCIE-16GB,dna_r10.4.1_e8.2_400bps_fast@v4.3.0,256,7.45521e+07,1670979584
Tesla V100-PCIE-16GB,dna_r10.4.1_e8.2_400bps_fast@v4.3.0,320,8.89405e+07,1815935488
Tesla V100-PCIE-16GB,dna_r10.4.1_e8.2_400bps_fast@v4.3.0,384,8.91097e+07,1961850368
Tesla V100-PCIE-16GB,dna_r10.4.1_e8.2_400bps_fast@v4.3.0,448,9.99284e+07,2108940288
Tesla V100-PCIE-16GB,dna_r10.4.1_e8.2_400bps_fast@v4.3.0,512,1.0855e+08,2257804800
Tesla V100-PCIE-16GB,dna_r10.4.1_e8.2_400bps_fast@v4.3.0,576,1.17438e+08,2404091904
Tesla V100-PCIE-16GB,dna_r10.4.1_e8.2_400bps_fast@v4.3.0,640,1.26639e+08,2548105216
Tesla V100-PCIE-16GB,dna_r10.4.1_e8.2_400bps_fast@v4.3.0,704,1.12035e+08,2698733056
Tesla V100-PCIE-16GB,dna_r10.4.1_e8.2_400bps_fast@v4.3.0,768,1.13978e+08,2846975488
Tesla V100-PCIE-16GB,dna_r10.4.1_e8.2_400bps_fast@v4.3.0,832,1.18988e+08,2987930624
Tesla V100-PCIE-16GB,dna_r10.4.1_e8.2_400bps_fast@v4.3.0,896,1.24546e+08,3137064960
Tesla V100-PCIE-16GB,dna_r10.4.1_e8.2_400bps_fast@v4.3.0,960,1.30686e+08,3283474432
Tesla V100-PCIE-16GB,dna_r10.4.1_e8.2_400bps_fast@v4.3.0,1024,1.32951e+08,3428610560
Tesla V100-PCIE-16GB,dna_r10.4.1_e8.2_400bps_fast@v4.3.0,1088,1.38347e+08,3576967168
Tesla V100-PCIE-16GB,dna_r10.4.1_e8.2_400bps_fast@v4.3.0,1152,1.40162e+08,3722254336
Tesla V100-PCIE-16GB,dna_r10.4.1_e8.2_400bps_fast@v4.3.0,1216,1.44721e+08,3872929280
Tesla V100-PCIE-16GB,dna_r10.4.1_e8.2_400bps_fast@v4.3.0,1280,1.48209e+08,4016744960
Tesla V100-PCIE-16GB,dna_r10.4.1_e8.2_400bps_fast@v4.3.0,1344,1.34161e+08,4163767808
Tesla V100-PCIE-16GB,dna_r10.4.1_e8.2_400bps_fast@v4.3.0,1408,1.37032e+08,4311638016
Tesla V100-PCIE-16GB,dna_r10.4.1_e8.2_400bps_fast@v4.3.0,1472,1.38319e+08,4461605888
Tesla V100-PCIE-16GB,dna_r10.4.1_e8.2_400bps_fast@v4.3.0,1536,1.39848e+08,4605280768
Tesla V100-PCIE-16GB,dna_r10.4.1_e8.2_400bps_fast@v4.3.0,1600,1.44273e+08,4755248640
Tesla V100-PCIE-16GB,dna_r10.4.1_e8.2_400bps_fast@v4.3.0,1664,1.46383e+08,4898924544
Tesla V100-PCIE-16GB,dna_r10.4.1_e8.2_400bps_fast@v4.3.0,1728,1.49125e+08,5047607296
Tesla V100-PCIE-16GB,dna_r10.4.1_e8.2_400bps_fast@v4.3.0,1792,1.50444e+08,5194730496
Tesla V100-PCIE-16GB,dna_r10.4.1_e8.2_400bps_fast@v4.3.0,1856,1.51765e+08,5340644864
Tesla V100-PCIE-16GB,dna_r10.4.1_e8.2_400bps_fast@v4.3.0,1920,1.53657e+08,5490405376
Tesla V100-PCIE-16GB,dna_r10.4.1_e8.2_400bps_fast@v4.3.0,1984,1.43151e+08,5634081792
Tesla V100-PCIE-16GB,dna_r10.4.1_e8.2_400bps_fast@v4.3.0,2048,1.39553e+08,5783474688
Tesla V100-PCIE-16GB,dna_r10.4.1_e8.2_400bps_fast@v4.3.0,2112,1.43442e+08,5930418688
Tesla V100-PCIE-16GB,dna_r10.4.1_e8.2_400bps_fast@v4.3.0,2176,1.43607e+08,6075765248
Tesla V100-PCIE-16GB,dna_r10.4.1_e8.2_400bps_fast@v4.3.0,2240,1.47566e+08,6224142336
Tesla V100-PCIE-16GB,dna_r10.4.1_e8.2_400bps_fast@v4.3.0,2304,1.47311e+08,6369275392
Tesla V100-PCIE-16GB,dna_r10.4.1_e8.2_400bps_fast@v4.3.0,2368,1.46877e+08,6516745728
Tesla V100-PCIE-16GB,dna_r10.4.1_e8.2_400bps_fast@v4.3.0,2432,1.50431e+08,6665966592
Tesla V100-PCIE-16GB,dna_r10.4.1_e8.2_400bps_fast@v4.3.0,2496,1.49855e+08,6808896000
Tesla V100-PCIE-16GB,dna_r10.4.1_e8.2_400bps_fast@v4.3.0,2560,1.53189e+08,6958621184
Tesla V100-PCIE-16GB,dna_r10.4.1_e8.2_400bps_fast@v4.3.0,2624,1.41975e+08,7106491904
Tesla V100-PCIE-16GB,dna_r10.4.1_e8.2_400bps_fast@v4.3.0,2688,1.4048e+08,7251118592
Tesla V100-PCIE-16GB,dna_r10.4.1_e8.2_400bps_fast@v4.3.0,2752,1.43778e+08,7402509824
Tesla V100-PCIE-16GB,dna_r10.4.1_e8.2_400bps_fast@v4.3.0,2816,1.41929e+08,7545119232
Tesla V100-PCIE-16GB,dna_r10.4.1_e8.2_400bps_fast@v4.3.0,2880,1.44567e+08,7694349824
Tesla V100-PCIE-16GB,dna_r10.4.1_e8.2_400bps_fast@v4.3.0,2944,1.47373e+08,7841648640
Tesla V100-PCIE-16GB,dna_r10.4.1_e8.2_400bps_fast@v4.3.0,3008,1.45063e+08,7988336128
Tesla V100-PCIE-16GB,dna_r10.4.1_e8.2_400bps_fast@v4.3.0,3072,1.47761e+08,8133681664
Tesla V100-PCIE-16GB,dna_r10.4.1_e8.2_400bps_fast@v4.3.0,3136,1.50568e+08,8279028224
Tesla V100-PCIE-16GB,dna_r10.4.1_e8.2_400bps_fast@v4.3.0,3200,1.47931e+08,8428404736
Tesla V100-PCIE-16GB,dna_r10.4.1_e8.2_400bps_fast@v4.3.0,3264,1.44675e+08,8577732608
Tesla V100-PCIE-16GB,dna_r10.4.1_e8.2_400bps_fast@v4.3.0,3328,1.46698e+08,8721646080
Tesla V100-PCIE-16GB,dna_r10.4.1_e8.2_400bps_fast@v4.3.0,3392,1.43006e+08,8868802048
Tesla V100-PCIE-16GB,dna_r10.4.1_e8.2_400bps_fast@v4.3.0,3456,1.45756e+08,9012051456
Tesla V100-PCIE-16GB,dna_r10.4.1_e8.2_400bps_fast@v4.3.0,3520,1.48387e+08,9161995264
Tesla V100-PCIE-16GB,dna_r10.4.1_e8.2_400bps_fast@v4.3.0,3584,1.50901e+08,9311787520
Tesla V100-PCIE-16GB,dna_r10.4.1_e8.2_400bps_fast@v4.3.0,3648,1.53104e+08,9457761792
Tesla V100-PCIE-16GB,dna_r10.4.1_e8.2_400bps_fast@v4.3.0,3712,1.48939e+08,9604565504
Tesla V100-PCIE-16GB,dna_r10.4.1_e8.2_400bps_fast@v4.3.0,3776,1.52356e+08,9747186176
Tesla V100-PCIE-16GB,dna_r10.4.1_e8.2_400bps_fast@v4.3.0,3840,1.5453e+08,9897150976
Tesla V100-PCIE-16GB,dna_r10.4.1_e8.2_400bps_fast@v4.3.0,3904,1.48949e+08,10045021696
Tesla V100-PCIE-16GB,dna_r10.4.1_e8.2_400bps_fast@v4.3.0,3968,1.43868e+08,10191599104
Tesla V100-PCIE-16GB,dna_r10.4.1_e8.2_400bps_fast@v4.3.0,4032,1.46187e+08,10338584064
Tesla V100-PCIE-16GB,dna_r10.4.1_e8.2_400bps_fast@v4.3.0,4096,1.47928e+08,10489582080
Tesla V100-PCIE-16GB,dna_r10.4.1_e8.2_400bps_fast@v4.3.0,4160,1.50399e+08,10632191488
Tesla V100-PCIE-16GB,dna_r10.4.1_e8.2_400bps_fast@v4.3.0,4224,1.45122e+08,10781372928
Tesla V100-PCIE-16GB,dna_r10.4.1_e8.2_400bps_fast@v4.3.0,4288,1.47275e+08,10924622336
Tesla V100-PCIE-16GB,dna_r10.4.1_e8.2_400bps_fast@v4.3.0,4352,1.4902e+08,11072065024
Tesla V100-PCIE-16GB,dna_r10.4.1_e8.2_400bps_fast@v4.3.0,4416,1.51208e+08,11223600640
Tesla V100-PCIE-16GB,dna_r10.4.1_e8.2_400bps_fast@v4.3.0,4480,1.41703e+08,11368307200
Tesla V100-PCIE-16GB,dna_r10.4.1_e8.2_400bps_fast@v4.3.0,4544,1.43696e+08,11515110912
Tesla V100-PCIE-16GB,dna_r10.4.1_e8.2_400bps_fast@v4.3.0,4608,1.45667e+08,11659817472
Tesla V100-PCIE-16GB,dna_r10.4.1_e8.2_400bps_fast@v4.3.0,4672,1.47112e+08,11809282560
Tesla V100-PCIE-16GB,dna_r10.4.1_e8.2_400bps_fast@v4.3.0,4736,1.49107e+08,11956726272
Tesla V100-PCIE-16GB,dna_r10.4.1_e8.2_400bps_fast@v4.3.0,4800,1.43174e+08,12102072832
Tesla V100-PCIE-16GB,dna_r10.4.1_e8.2_400bps_fast@v4.3.0,4864,1.44691e+08,12251226624
Tesla V100-PCIE-16GB,dna_r10.4.1_e8.2_400bps_fast@v4.3.0,4928,1.46266e+08,12395933184
Tesla V100-PCIE-16GB,dna_r10.4.1_e8.2_400bps_fast@v4.3.0,4992,1.47704e+08,12509182464
Tesla V100-PCIE-16GB,dna_r10.4.1_e8.2_400bps_fast@v4.3.0,5056,1.45288e+08,12624737792
Tesla V100-PCIE-16GB,dna_r10.4.1_e8.2_400bps_fast@v4.3.0,5120,1.47066e+08,12734431744
Tesla V100-PCIE-16GB,dna_r10.4.1_e8.2_400bps_fast@v4.3.0,5184,1.39806e+08,12850418176
Tesla V100-PCIE-16GB,dna_r10.4.1_e8.2_400bps_fast@v4.3.0,5248,1.38955e+08,12966373888
Tesla V100-PCIE-16GB,dna_r10.4.1_e8.2_400bps_fast@v4.3.0,5312,1.43256e+08,13077526016
Tesla V100-PCIE-16GB,dna_r10.4.1_e8.2_400bps_fast@v4.3.0,5376,1.41145e+08,13190775296
Tesla V100-PCIE-16GB,dna_r10.4.1_e8.2_400bps_fast@v4.3.0,5440,1.40773e+08,13301927424
Tesla V100-PCIE-16GB,dna_r10.4.1_e8.2_400bps_fast@v4.3.0,5504,1.36647e+08,13421468160
Tesla V100-PCIE-16GB,dna_r10.4.1_e8.2_400bps_fast@v4.3.0,5568,1.37419e+08,13534717440
Tesla V100-PCIE-16GB,dna_r10.4.1_e8.2_400bps_fast@v4.3.0,5632,1.41813e+08,13645869568
Tesla V100-PCIE-16GB,dna_r10.4.1_e8.2_400bps_fast@v4.3.0,5696,1.38005e+08,13759118848
Tesla V100-PCIE-16GB,dna_r10.4.1_e8.2_400bps_fast@v4.3.0,5760,1.46281e+08,13870270976
Tesla V100-PCIE-16GB,dna_r10.4.1_e8.2_400bps_fast@v4.3.0,5824,1.42364e+08,13983520256
Tesla V100-PCIE-16GB,dna_r10.4.1_e8.2_400bps_fast@v4.3.0,5888,1.42902e+08,14103060992
Tesla V100-PCIE-16GB,dna_r10.4.1_e8.2_400bps_fast@v4.3.0,5952,1.43591e+08,14212115968
Tesla V100-PCIE-16GB,dna_r10.4.1_e8.2_400bps_fast@v4.3.0,6016,1.37323e+08,14329559552
Tesla V100-PCIE-16GB,dna_r10.4.1_e8.2_400bps_fast@v4.3.0,6080,1.36475e+08,14436517376
Tesla V100-PCIE-16GB,dna_r10.4.1_e8.2_400bps_fast@v4.3.0,6144,1.45573e+08,14551863808
Tesla V100-PCIE-16GB,dna_r10.4.1_e8.2_400bps_fast@v4.3.0,6208,1.39408e+08,14665113088
Tesla V100-PCIE-16GB,dna_r10.4.1_e8.2_400bps_fast@v4.3.0,6272,1.44701e+08,14776265216
Tesla V100-PCIE-16GB,dna_r10.4.1_e8.2_400bps_fast@v4.3.0,6336,1.44887e+08,14895805952
Tesla V100-PCIE-16GB,dna_r10.4.1_e8.2_400bps_fast@v4.3.0,6400,1.45518e+08,15009055232
Tesla V100-PCIE-16GB,dna_r10.4.1_e8.2_400bps_fast@v4.3.0,6464,1.35679e+08,15120207360
Tesla V100-PCIE-16GB,dna_r10.4.1_e8.2_400bps_fast@v4.3.0,6528,1.44679e+08,15233456640
Tesla V100-PCIE-16GB,dna_r10.4.1_e8.2_400bps_fast@v4.3.0,6592,1.43091e+08,15344608768
Tesla V100-PCIE-16GB,dna_r10.4.1_e8.2_400bps_fast@v4.3.0,6656,1.45861e+08,15459955200
Tesla V100-PCIE-16GB,dna_r10.4.1_e8.2_400bps_fast@v4.3.0,6720,1.46121e+08,15577398784
Tesla V100-PCIE-16GB,dna_r10.4.1_e8.2_400bps_fast@v4.3.0,6784,1.45009e+08,15686453760
Tesla V100-PCIE-16GB,dna_r10.4.1_e8.2_400bps_fast@v4.3.0,6848,1.44663e+08,15652899328
Tesla V100-PCIE-16GB,dna_r10.4.1_e8.2_400bps_fast@v4.3.0,6912,1.44347e+08,15768245760
Tesla V100-PCIE-16GB,dna_r10.4.1_e8.2_400bps_fast@v5.0.0,64,2.26956e+07,1224882688
Tesla V100-PCIE-16GB,dna_r10.4.1_e8.2_400bps_fast@v5.0.0,128,4.25645e+07,1374493696
Tesla V100-PCIE-16GB,dna_r10.4.1_e8.2_400bps_fast@v5.0.0,192,5.86172e+07,1522009088
Tesla V100-PCIE-16GB,dna_r10.4.1_e8.2_400bps_fast@v5.0.0,256,7.50593e+07,1671619072
Tesla V100-PCIE-16GB,dna_r10.4.1_e8.2_400bps_fast@v5.0.0,320,8.98932e+07,1815935488
Tesla V100-PCIE-16GB,dna_r10.4.1_e8.2_400bps_fast@v5.0.0,384,8.99086e+07,1961850368
Tesla V100-PCIE-16GB,dna_r10.4.1_e8.2_400bps_fast@v5.0.0,448,1.00787e+08,2108940288
Tesla V100-PCIE-16GB,dna_r10.4.1_e8.2_400bps_fast@v5.0.0,512,1.09008e+08,2257804800
Tesla V100-PCIE-16GB,dna_r10.4.1_e8.2_400bps_fast@v5.0.0,576,1.18453e+08,2400355328
Tesla V100-PCIE-16GB,dna_r10.4.1_e8.2_400bps_fast@v5.0.0,640,1.27269e+08,2554502656
Tesla V100-PCIE-16GB,dna_r10.4.1_e8.2_400bps_fast@v5.0.0,704,1.12068e+08,2700492288
Tesla V100-PCIE-16GB,dna_r10.4.1_e8.2_400bps_fast@v5.0.0,768,1.16153e+08,2846975488
Tesla V100-PCIE-16GB,dna_r10.4.1_e8.2_400bps_fast@v5.0.0,832,1.18876e+08,2987930624
Tesla V100-PCIE-16GB,dna_r10.4.1_e8.2_400bps_fast@v5.0.0,896,1.25436e+08,3137064960
Tesla V100-PCIE-16GB,dna_r10.4.1_e8.2_400bps_fast@v5.0.0,960,1.30598e+08,3300268032
Tesla V100-PCIE-16GB,dna_r10.4.1_e8.2_400bps_fast@v5.0.0,1024,1.33208e+08,3428610560
Tesla V100-PCIE-16GB,dna_r10.4.1_e8.2_400bps_fast@v5.0.0,1088,1.38716e+08,3576967168
Tesla V100-PCIE-16GB,dna_r10.4.1_e8.2_400bps_fast@v5.0.0,1152,1.4014e+08,3731700736
Tesla V100-PCIE-16GB,dna_r10.4.1_e8.2_400bps_fast@v5.0.0,1216,1.43585e+08,3872929280
Tesla V100-PCIE-16GB,dna_r10.4.1_e8.2_400bps_fast@v5.0.0,1280,1.46904e+08,4017452544
Tesla V100-PCIE-16GB,dna_r10.4.1_e8.2_400bps_fast@v5.0.0,1344,1.34377e+08,4187278848
Tesla V100-PCIE-16GB,dna_r10.4.1_e8.2_400bps_fast@v5.0.0,1408,1.36868e+08,4322799616
Tesla V100-PCIE-16GB,dna_r10.4.1_e8.2_400bps_fast@v5.0.0,1472,1.36688e+08,4461605888
Tesla V100-PCIE-16GB,dna_r10.4.1_e8.2_400bps_fast@v5.0.0,1536,1.40206e+08,4605280768
Tesla V100-PCIE-16GB,dna_r10.4.1_e8.2_400bps_fast@v5.0.0,1600,1.42148e+08,4755248640
Tesla V100-PCIE-16GB,dna_r10.4.1_e8.2_400bps_fast@v5.0.0,1664,1.46256e+08,4898924544
Tesla V100-PCIE-16GB,dna_r10.4.1_e8.2_400bps_fast@v5.0.0,1728,1.482e+08,5047607296
Tesla V100-PCIE-16GB,dna_r10.4.1_e8.2_400bps_fast@v5.0.0,1792,1.46961e+08,5194730496
Tesla V100-PCIE-16GB,dna_r10.4.1_e8.2_400bps_fast@v5.0.0,1856,1.51937e+08,5340644864
Tesla V100-PCIE-16GB,dna_r10.4.1_e8.2_400bps_fast@v5.0.0,1920,1.53175e+08,5490405376
Tesla V100-PCIE-16GB,dna_r10.4.1_e8.2_400bps_fast@v5.0.0,1984,1.43319e+08,5634081792
Tesla V100-PCIE-16GB,dna_r10.4.1_e8.2_400bps_fast@v5.0.0,2048,1.39357e+08,5783474688
Tesla V100-PCIE-16GB,dna_r10.4.1_e8.2_400bps_fast@v5.0.0,2112,1.39559e+08,5930418688
Tesla V100-PCIE-16GB,dna_r10.4.1_e8.2_400bps_fast@v5.0.0,2176,1.43954e+08,6075765248
Tesla V100-PCIE-16GB,dna_r10.4.1_e8.2_400bps_fast@v5.0.0,2240,1.43294e+08,6224142336
Tesla V100-PCIE-16GB,dna_r10.4.1_e8.2_400bps_fast@v5.0.0,2304,1.42853e+08,6369275392
Tesla V100-PCIE-16GB,dna_r10.4.1_e8.2_400bps_fast@v5.0.0,2368,1.46717e+08,6516745728
Tesla V100-PCIE-16GB,dna_r10.4.1_e8.2_400bps_fast@v5.0.0,2432,1.45802e+08,6665966592
Tesla V100-PCIE-16GB,dna_r10.4.1_e8.2_400bps_fast@v5.0.0,2496,1.49746e+08,6808896000
Tesla V100-PCIE-16GB,dna_r10.4.1_e8.2_400bps_fast@v5.0.0,2560,1.48456e+08,6958621184
Tesla V100-PCIE-16GB,dna_r10.4.1_e8.2_400bps_fast@v5.0.0,2624,1.37233e+08,7106491904
Tesla V100-PCIE-16GB,dna_r10.4.1_e8.2_400bps_fast@v5.0.0,2688,1.40532e+08,7251118592
Tesla V100-PCIE-16GB,dna_r10.4.1_e8.2_400bps_fast@v5.0.0,2752,1.39414e+08,7402509824
Tesla V100-PCIE-16GB,dna_r10.4.1_e8.2_400bps_fast@v5.0.0,2816,1.41267e+08,7545119232
Tesla V100-PCIE-16GB,dna_r10.4.1_e8.2_400bps_fast@v5.0.0,2880,1.44173e+08,7694349824
Tesla V100-PCIE-16GB,dna_r10.4.1_e8.2_400bps_fast@v5.0.0,2944,1.41949e+08,7841648640
Tesla V100-PCIE-16GB,dna_r10.4.1_e8.2_400bps_fast@v5.0.0,3008,1.44783e+08,7988336128
Tesla V100-PCIE-16GB,dna_r10.4.1_e8.2_400bps_fast@v5.0.0,3072,1.41903e+08,8133681664
Tesla V100-PCIE-16GB,dna_r10.4.1_e8.2_400bps_fast@v5.0.0,3136,1.4442e+08,8279028224
Tesla V100-PCIE-16GB,dna_r10.4.1_e8.2_400bps_fast@v5.0.0,3200,1.47544e+08,8428404736
Tesla V100-PCIE-16GB,dna_r10.4.1_e8.2_400bps_fast@v5.0.0,3264,1.43858e+08,8577732608
Tesla V100-PCIE-16GB,dna_r10.4.1_e8.2_400bps_fast@v5.0.0,3328,1.40641e+08,8721646080
Tesla V100-PCIE-16GB,dna_r10.4.1_e8.2_400bps_fast@v5.0.0,3392,1.43026e+08,8868802048
Tesla V100-PCIE-16GB,dna_r10.4.1_e8.2_400bps_fast@v5.0.0,3456,1.45539e+08,9012051456
Tesla V100-PCIE-16GB,dna_r10.4.1_e8.2_400bps_fast@v5.0.0,3520,1.48113e+08,9161995264
Tesla V100-PCIE-16GB,dna_r10.4.1_e8.2_400bps_fast@v5.0.0,3584,1.43965e+08,9311787520
Tesla V100-PCIE-16GB,dna_r10.4.1_e8.2_400bps_fast@v5.0.0,3648,1.45878e+08,9457761792
Tesla V100-PCIE-16GB,dna_r10.4.1_e8.2_400bps_fast@v5.0.0,3712,1.49114e+08,9604565504
Tesla V100-PCIE-16GB,dna_r10.4.1_e8.2_400bps_fast@v5.0.0,3776,1.51299e+08,9747186176
Tesla V100-PCIE-16GB,dna_r10.4.1_e8.2_400bps_fast@v5.0.0,3840,1.47525e+08,9897150976
Tesla V100-PCIE-16GB,dna_r10.4.1_e8.2_400bps_fast@v5.0.0,3904,1.41635e+08,10045021696
Tesla V100-PCIE-16GB,dna_r10.4.1_e8.2_400bps_fast@v5.0.0,3968,1.43117e+08,10191599104
Tesla V100-PCIE-16GB,dna_r10.4.1_e8.2_400bps_fast@v5.0.0,4032,1.45766e+08,10338584064
Tesla V100-PCIE-16GB,dna_r10.4.1_e8.2_400bps_fast@v5.0.0,4096,1.41254e+08,10489582080
Tesla V100-PCIE-16GB,dna_r10.4.1_e8.2_400bps_fast@v5.0.0,4160,1.43256e+08,10632191488
Tesla V100-PCIE-16GB,dna_r10.4.1_e8.2_400bps_fast@v5.0.0,4224,1.449e+08,10781372928
Tesla V100-PCIE-16GB,dna_r10.4.1_e8.2_400bps_fast@v5.0.0,4288,1.46723e+08,10924622336
Tesla V100-PCIE-16GB,dna_r10.4.1_e8.2_400bps_fast@v5.0.0,4352,1.4864e+08,11072065024
Tesla V100-PCIE-16GB,dna_r10.4.1_e8.2_400bps_fast@v5.0.0,4416,1.51031e+08,11223600640
Tesla V100-PCIE-16GB,dna_r10.4.1_e8.2_400bps_fast@v5.0.0,4480,1.38721e+08,11368307200
Tesla V100-PCIE-16GB,dna_r10.4.1_e8.2_400bps_fast@v5.0.0,4544,1.44119e+08,11515110912
Tesla V100-PCIE-16GB,dna_r10.4.1_e8.2_400bps_fast@v5.0.0,4608,1.37087e+08,11659817472
Tesla V100-PCIE-16GB,dna_r10.4.1_e8.2_400bps_fast@v5.0.0,4672,1.39199e+08,11809282560
Tesla V100-PCIE-16GB,dna_r10.4.1_e8.2_400bps_fast@v5.0.0,4736,1.4042e+08,11956726272
Tesla V100-PCIE-16GB,dna_r10.4.1_e8.2_400bps_fast@v5.0.0,4800,1.42091e+08,12102072832
Tesla V100-PCIE-16GB,dna_r10.4.1_e8.2_400bps_fast@v5.0.0,4864,1.4408e+08,12251226624
Tesla V100-PCIE-16GB,dna_r10.4.1_e8.2_400bps_fast@v5.0.0,4928,1.45013e+08,12395933184
Tesla V100-PCIE-16GB,dna_r10.4.1_e8.2_400bps_fast@v5.0.0,4992,1.46621e+08,12509182464
Tesla V100-PCIE-16GB,dna_r10.4.1_e8.2_400bps_fast@v5.0.0,5056,1.45685e+08,12624737792
Tesla V100-PCIE-16GB,dna_r10.4.1_e8.2_400bps_fast@v5.0.0,5120,1.3867e+08,12734431744
Tesla V100-PCIE-16GB,dna_r10.4.1_e8.2_400bps_fast@v5.0.0,5184,1.3575e+08,12850418176
Tesla V100-PCIE-16GB,dna_r10.4.1_e8.2_400bps_fast@v5.0.0,5248,1.31277e+08,12966373888
Tesla V100-PCIE-16GB,dna_r10.4.1_e8.2_400bps_fast@v5.0.0,5312,1.34637e+08,13077526016
Tesla V100-PCIE-16GB,dna_r10.4.1_e8.2_400bps_fast@v5.0.0,5376,1.32331e+08,13190775296
Tesla V100-PCIE-16GB,dna_r10.4.1_e8.2_400bps_fast@v5.0.0,5440,1.40515e+08,13301927424
Tesla V100-PCIE-16GB,dna_r10.4.1_e8.2_400bps_fast@v5.0.0,5504,1.37695e+08,13421468160
Tesla V100-PCIE-16GB,dna_r10.4.1_e8.2_400bps_fast@v5.0.0,5568,1.35832e+08,13534717440
Tesla V100-PCIE-16GB,dna_r10.4.1_e8.2_400bps_fast@v5.0.0,5632,1.36325e+08,13645869568
Tesla V100-PCIE-16GB,dna_r10.4.1_e8.2_400bps_fast@v5.0.0,5696,1.42582e+08,13759118848
Tesla V100-PCIE-16GB,dna_r10.4.1_e8.2_400bps_fast@v5.0.0,5760,1.37396e+08,13870270976
Tesla V100-PCIE-16GB,dna_r10.4.1_e8.2_400bps_fast@v5.0.0,5824,1.36509e+08,13983520256
Tesla V100-PCIE-16GB,dna_r10.4.1_e8.2_400bps_fast@v5.0.0,5888,1.32414e+08,14103060992
Tesla V100-PCIE-16GB,dna_r10.4.1_e8.2_400bps_fast@v5.0.0,5952,1.38333e+08,14212115968
Tesla V100-PCIE-16GB,dna_r10.4.1_e8.2_400bps_fast@v5.0.0,6016,1.33127e+08,14329559552
Tesla V100-PCIE-16GB,dna_r10.4.1_e8.2_400bps_fast@v5.0.0,6080,1.40679e+08,14436517376
Tesla V100-PCIE-16GB,dna_r10.4.1_e8.2_400bps_fast@v5.0.0,6144,1.3301e+08,14551863808
Tesla V100-PCIE-16GB,dna_r10.4.1_e8.2_400bps_fast@v5.0.0,6208,1.35297e+08,14665113088
Tesla V100-PCIE-16GB,dna_r10.4.1_e8.2_400bps_fast@v5.0.0,6272,1.38321e+08,14776265216
Tesla V100-PCIE-16GB,dna_r10.4.1_e8.2_400bps_fast@v5.0.0,6336,1.41598e+08,14895805952
Tesla V100-PCIE-16GB,dna_r10.4.1_e8.2_400bps_fast@v5.0.0,6400,1.3882e+08,15009055232
Tesla V100-PCIE-16GB,dna_r10.4.1_e8.2_400bps_fast@v5.0.0,6464,1.32922e+08,15120207360
Tesla V100-PCIE-16GB,dna_r10.4.1_e8.2_400bps_fast@v5.0.0,6528,1.32306e+08,15233456640
Tesla V100-PCIE-16GB,dna_r10.4.1_e8.2_400bps_fast@v5.0.0,6592,1.32852e+08,15344608768
Tesla V100-PCIE-16GB,dna_r10.4.1_e8.2_400bps_fast@v5.0.0,6656,1.40886e+08,15459955200
Tesla V100-PCIE-16GB,dna_r10.4.1_e8.2_400bps_fast@v5.0.0,6720,1.39633e+08,15577398784
Tesla V100-PCIE-16GB,dna_r10.4.1_e8.2_400bps_fast@v5.0.0,6784,1.36493e+08,15686453760
Tesla V100-PCIE-16GB,dna_r10.4.1_e8.2_400bps_fast@v5.0.0,6848,1.37108e+08,15652899328
Tesla V100-PCIE-16GB,dna_r10.4.1_e8.2_400bps_fast@v5.0.0,6912,1.41976e+08,15768245760
Tesla V100-PCIE-16GB,dna_r10.4.1_e8.2_400bps_fast@v5.2.0,64,2.14733e+07,1224882688
Tesla V100-PCIE-16GB,dna_r10.4.1_e8.2_400bps_fast@v5.2.0,128,4.00137e+07,1374493696
Tesla V100-PCIE-16GB,dna_r10.4.1_e8.2_400bps_fast@v5.2.0,192,5.55246e+07,1522009088
Tesla V100-PCIE-16GB,dna_r10.4.1_e8.2_400bps_fast@v5.2.0,256,7.09657e+07,1671619072
Tesla V100-PCIE-16GB,dna_r10.4.1_e8.2_400bps_fast@v5.2.0,320,8.54903e+07,1815935488
Tesla V100-PCIE-16GB,dna_r10.4.1_e8.2_400bps_fast@v5.2.0,384,8.60463e+07,1961850368
Tesla V100-PCIE-16GB,dna_r10.4.1_e8.2_400bps_fast@v5.2.0,448,9.63762e+07,2108940288
Tesla V100-PCIE-16GB,dna_r10.4.1_e8.2_400bps_fast@v5.2.0,512,1.04954e+08,2257804800
Tesla V100-PCIE-16GB,dna_r10.4.1_e8.2_400bps_fast@v5.2.0,576,1.13944e+08,2400355328
Tesla V100-PCIE-16GB,dna_r10.4.1_e8.2_400bps_fast@v5.2.0,640,1.22116e+08,2554502656
Tesla V100-PCIE-16GB,dna_r10.4.1_e8.2_400bps_fast@v5.2.0,704,1.09171e+08,2698733056
Tesla V100-PCIE-16GB,dna_r10.4.1_e8.2_400bps_fast@v5.2.0,768,1.12927e+08,2846332416
Tesla V100-PCIE-16GB,dna_r10.4.1_e8.2_400bps_fast@v5.2.0,832,1.15647e+08,2987930624
Tesla V100-PCIE-16GB,dna_r10.4.1_e8.2_400bps_fast@v5.2.0,896,1.21865e+08,3137064960
Tesla V100-PCIE-16GB,dna_r10.4.1_e8.2_400bps_fast@v5.2.0,960,1.2667e+08,3284445184
Tesla V100-PCIE-16GB,dna_r10.4.1_e8.2_400bps_fast@v5.2.0,1024,1.31026e+08,3428610560
Tesla V100-PCIE-16GB,dna_r10.4.1_e8.2_400bps_fast@v5.2.0,1088,1.34714e+08,3576967168
Tesla V100-PCIE-16GB,dna_r10.4.1_e8.2_400bps_fast@v5.2.0,1152,1.38107e+08,3722254336
Tesla V100-PCIE-16GB,dna_r10.4.1_e8.2_400bps_fast@v5.2.0,1216,1.4074e+08,3872929280
Tesla V100-PCIE-16GB,dna_r10.4.1_e8.2_400bps_fast@v5.2.0,1280,1.45488e+08,4017452544
Tesla V100-PCIE-16GB,dna_r10.4.1_e8.2_400bps_fast@v5.2.0,1344,1.31686e+08,4163767808
Tesla V100-PCIE-16GB,dna_r10.4.1_e8.2_400bps_fast@v5.2.0,1408,1.33823e+08,4311638016
Tesla V100-PCIE-16GB,dna_r10.4.1_e8.2_400bps_fast@v5.2.0,1472,1.33948e+08,4461605888
Tesla V100-PCIE-16GB,dna_r10.4.1_e8.2_400bps_fast@v5.2.0,1536,1.38205e+08,4605280768
Tesla V100-PCIE-16GB,dna_r10.4.1_e8.2_400bps_fast@v5.2.0,1600,1.42178e+08,4755248640
Tesla V100-PCIE-16GB,dna_r10.4.1_e8.2_400bps_fast@v5.2.0,1664,1.41287e+08,4898924544
Tesla V100-PCIE-16GB,dna_r10.4.1_e8.2_400bps_fast@v5.2.0,1728,1.44998e+08,5047607296
Tesla V100-PCIE-16GB,dna_r10.4.1_e8.2_400bps_fast@v5.2.0,1792,1.46717e+08,5194730496
Tesla V100-PCIE-16GB,dna_r10.4.1_e8.2_400bps_fast@v5.2.0,1856,1.48083e+08,5340644864
Tesla V100-PCIE-16GB,dna_r10.4.1_e8.2_400bps_fast@v5.2.0,1920,1.49274e+08,5490405376
Tesla V100-PCIE-16GB,dna_r10.4.1_e8.2_400bps_fast@v5.2.0,1984,1.3872e+08,5634081792
Tesla V100-PCIE-16GB,dna_r10.4.1_e8.2_400bps_fast@v5.2.0,2048,1.35252e+08,5783474688
Tesla V100-PCIE-16GB,dna_r10.4.1_e8.2_400bps_fast@v5.2.0,2112,1.35399e+08,5930418688
Tesla V100-PCIE-16GB,dna_r10.4.1_e8.2_400bps_fast@v5.2.0,2176,1.39293e+08,6075765248
Tesla V100-PCIE-16GB,dna_r10.4.1_e8.2_400bps_fast@v5.2.0,2240,1.38896e+08,6224142336
Tesla V100-PCIE-16GB,dna_r10.4.1_e8.2_400bps_fast@v5.2.0,2304,1.43046e+08,6369275392
Tesla V100-PCIE-16GB,dna_r10.4.1_e8.2_400bps_fast@v5.2.0,2368,1.42635e+08,6516745728
Tesla V100-PCIE-16GB,dna_r10.4.1_e8.2_400bps_fast@v5.2.0,2432,1.45728e+08,6665966592
Tesla V100-PCIE-16GB,dna_r10.4.1_e8.2_400bps_fast@v5.2.0,2496,1.44464e+08,6808896000
Tesla V100-PCIE-16GB,dna_r10.4.1_e8.2_400bps_fast@v5.2.0,2560,1.48446e+08,6958621184
Tesla V100-PCIE-16GB,dna_r10.4.1_e8.2_400bps_fast@v5.2.0,2624,1.36507e+08,7106491904
Tesla V100-PCIE-16GB,dna_r10.4.1_e8.2_400bps_fast@v5.2.0,2688,1.34854e+08,7251118592
Tesla V100-PCIE-16GB,dna_r10.4.1_e8.2_400bps_fast@v5.2.0,2752,1.38396e+08,7402509824
Tesla V100-PCIE-16GB,dna_r10.4.1_e8.2_400bps_fast@v5.2.0,2816,1.40837e+08,7545119232
Tesla V100-PCIE-16GB,dna_r10.4.1_e8.2_400bps_fast@v5.2.0,2880,1.38867e+08,7694349824
Tesla V100-PCIE-16GB,dna_r10.4.1_e8.2_400bps_fast@v5.2.0,2944,1.41514e+08,7841648640
Tesla V100-PCIE-16GB,dna_r10.4.1_e8.2_400bps_fast@v5.2.0,3008,1.44387e+08,7988336128
Tesla V100-PCIE-16GB,dna_r10.4.1_e8.2_400bps_fast@v5.2.0,3072,1.41881e+08,8133681664
Tesla V100-PCIE-16GB,dna_r10.4.1_e8.2_400bps_fast@v5.2.0,3136,1.44232e+08,8279028224
Tesla V100-PCIE-16GB,dna_r10.4.1_e8.2_400bps_fast@v5.2.0,3200,1.47458e+08,8428404736
Tesla V100-PCIE-16GB,dna_r10.4.1_e8.2_400bps_fast@v5.2.0,3264,1.37754e+08,8577732608
Tesla V100-PCIE-16GB,dna_r10.4.1_e8.2_400bps_fast@v5.2.0,3328,1.40538e+08,8721646080
Tesla V100-PCIE-16GB,dna_r10.4.1_e8.2_400bps_fast@v5.2.0,3392,1.43048e+08,8868802048
Tesla V100-PCIE-16GB,dna_r10.4.1_e8.2_400bps_fast@v5.2.0,3456,1.45499e+08,9012051456
Tesla V100-PCIE-16GB,dna_r10.4.1_e8.2_400bps_fast@v5.2.0,3520,1.41809e+08,9161995264
Tesla V100-PCIE-16GB,dna_r10.4.1_e8.2_400bps_fast@v5.2.0,3584,1.44313e+08,9311787520
Tesla V100-PCIE-16GB,dna_r10.4.1_e8.2_400bps_fast@v5.2.0,3648,1.47017e+08,9457761792
Tesla V100-PCIE-16GB,dna_r10.4.1_e8.2_400bps_fast@v5.2.0,3712,1.49187e+08,9604565504
Tesla V100-PCIE-16GB,dna_r10.4.1_e8.2_400bps_fast@v5.2.0,3776,1.44065e+08,9747186176
Tesla V100-PCIE-16GB,dna_r10.4.1_e8.2_400bps_fast@v5.2.0,3840,1.46536e+08,9897150976
Tesla V100-PCIE-16GB,dna_r10.4.1_e8.2_400bps_fast@v5.2.0,3904,1.41979e+08,10045021696
Tesla V100-PCIE-16GB,dna_r10.4.1_e8.2_400bps_fast@v5.2.0,3968,1.43631e+08,10191599104
Tesla V100-PCIE-16GB,dna_r10.4.1_e8.2_400bps_fast@v5.2.0,4032,1.38265e+08,10338584064
Tesla V100-PCIE-16GB,dna_r10.4.1_e8.2_400bps_fast@v5.2.0,4096,1.41154e+08,10489582080
Tesla V100-PCIE-16GB,dna_r10.4.1_e8.2_400bps_fast@v5.2.0,4160,1.43088e+08,10632191488
Tesla V100-PCIE-16GB,dna_r10.4.1_e8.2_400bps_fast@v5.2.0,4224,1.44648e+08,10781372928
Tesla V100-PCIE-16GB,dna_r10.4.1_e8.2_400bps_fast@v5.2.0,4288,1.46709e+08,10924622336
Tesla V100-PCIE-16GB,dna_r10.4.1_e8.2_400bps_fast@v5.2.0,4352,1.41449e+08,11072065024
Tesla V100-PCIE-16GB,dna_r10.4.1_e8.2_400bps_fast@v5.2.0,4416,1.42574e+08,11223600640
Tesla V100-PCIE-16GB,dna_r10.4.1_e8.2_400bps_fast@v5.2.0,4480,1.38979e+08,11368307200
Tesla V100-PCIE-16GB,dna_r10.4.1_e8.2_400bps_fast@v5.2.0,4544,1.35944e+08,11515110912
Tesla V100-PCIE-16GB,dna_r10.4.1_e8.2_400bps_fast@v5.2.0,4608,1.37339e+08,11659817472
Tesla V100-PCIE-16GB,dna_r10.4.1_e8.2_400bps_fast@v5.2.0,4672,1.38754e+08,11809282560
Tesla V100-PCIE-16GB,dna_r10.4.1_e8.2_400bps_fast@v5.2.0,4736,1.40534e+08,11956726272
Tesla V100-PCIE-16GB,dna_r10.4.1_e8.2_400bps_fast@v5.2.0,4800,1.42959e+08,12102072832
Tesla V100-PCIE-16GB,dna_r10.4.1_e8.2_400bps_fast@v5.2.0,4864,1.44357e+08,12251226624
Tesla V100-PCIE-16GB,dna_r10.4.1_e8.2_400bps_fast@v5.2.0,4928,1.45268e+08,12395933184
Tesla V100-PCIE-16GB,dna_r10.4.1_e8.2_400bps_fast@v5.2.0,4992,1.38578e+08,12509182464
Tesla V100-PCIE-16GB,dna_r10.4.1_e8.2_400bps_fast@v5.2.0,5056,1.36437e+08,12624737792
Tesla V100-PCIE-16GB,dna_r10.4.1_e8.2_400bps_fast@v5.2.0,5120,1.37871e+08,12734431744
Tesla V100-PCIE-16GB,dna_r10.4.1_e8.2_400bps_fast@v5.2.0,5184,1.31313e+08,12850418176
Tesla V100-PCIE-16GB,dna_r10.4.1_e8.2_400bps_fast@v5.2.0,5248,1.29668e+08,12966373888
Tesla V100-PCIE-16GB,dna_r10.4.1_e8.2_400bps_fast@v5.2.0,5312,1.30078e+08,13077526016
Tesla V100-PCIE-16GB,dna_r10.4.1_e8.2_400bps_fast@v5.2.0,5376,1.30056e+08,13190775296
Tesla V100-PCIE-16GB,dna_r10.4.1_e8.2_400bps_fast@v5.2.0,5440,1.37987e+08,13301927424
Tesla V100-PCIE-16GB,dna_r10.4.1_e8.2_400bps_fast@v5.2.0,5504,1.31207e+08,13421468160
Tesla V100-PCIE-16GB,dna_r10.4.1_e8.2_400bps_fast@v5.2.0,5568,1.32535e+08,13534717440
Tesla V100-PCIE-16GB,dna_r10.4.1_e8.2_400bps_fast@v5.2.0,5632,1.39681e+08,13645869568
Tesla V100-PCIE-16GB,dna_r10.4.1_e8.2_400bps_fast@v5.2.0,5696,1.33108e+08,13759118848
Tesla V100-PCIE-16GB,dna_r10.4.1_e8.2_400bps_fast@v5.2.0,5760,1.39611e+08,13870270976
Tesla V100-PCIE-16GB,dna_r10.4.1_e8.2_400bps_fast@v5.2.0,5824,1.30981e+08,13983520256
Tesla V100-PCIE-16GB,dna_r10.4.1_e8.2_400bps_fast@v5.2.0,5888,1.35351e+08,14103060992
Tesla V100-PCIE-16GB,dna_r10.4.1_e8.2_400bps_fast@v5.2.0,5952,1.3279e+08,14212115968
Tesla V100-PCIE-16GB,dna_r10.4.1_e8.2_400bps_fast@v5.2.0,6016,1.31295e+08,14329559552
Tesla V100-PCIE-16GB,dna_r10.4.1_e8.2_400bps_fast@v5.2.0,6080,1.33386e+08,14436517376
Tesla V100-PCIE-16GB,dna_r10.4.1_e8.2_400bps_fast@v5.2.0,6144,1.33862e+08,14551863808
Tesla V100-PCIE-16GB,dna_r10.4.1_e8.2_400bps_fast@v5.2.0,6208,1.32956e+08,14665113088
Tesla V100-PCIE-16GB,dna_r10.4.1_e8.2_400bps_fast@v5.2.0,6272,1.32739e+08,14776265216
Tesla V100-PCIE-16GB,dna_r10.4.1_e8.2_400bps_fast@v5.2.0,6336,1.40583e+08,14895805952
Tesla V100-PCIE-16GB,dna_r10.4.1_e8.2_400bps_fast@v5.2.0,6400,1.36388e+08,15009055232
Tesla V100-PCIE-16GB,dna_r10.4.1_e8.2_400bps_fast@v5.2.0,6464,1.36393e+08,15120207360
Tesla V100-PCIE-16GB,dna_r10.4.1_e8.2_400bps_fast@v5.2.0,6528,1.30636e+08,15233456640
Tesla V100-PCIE-16GB,dna_r10.4.1_e8.2_400bps_fast@v5.2.0,6592,1.32871e+08,15344608768
Tesla V100-PCIE-16GB,dna_r10.4.1_e8.2_400bps_fast@v5.2.0,6656,1.36745e+08,15459955200
Tesla V100-PCIE-16GB,dna_r10.4.1_e8.2_400bps_fast@v5.2.0,6720,1.33453e+08,15577398784
Tesla V100-PCIE-16GB,dna_r10.4.1_e8.2_400bps_fast@v5.2.0,6784,1.36798e+08,15686453760
Tesla V100-PCIE-16GB,dna_r10.4.1_e8.2_400bps_fast@v5.2.0,6848,1.41041e+08,15652899328
Tesla V100-PCIE-16GB,dna_r10.4.1_e8.2_400bps_fast@v5.2.0,6912,1.40579e+08,15768245760
Tesla V100-PCIE-16GB,dna_r10.4.1_e8.2_400bps_hac@v4.3.0,64,1.65256e+06,1528444416
Tesla V100-PCIE-16GB,dna_r10.4.1_e8.2_400bps_hac@v4.3.0,128,3.17405e+06,1955377664
Tesla V100-PCIE-16GB,dna_r10.4.1_e8.2_400bps_hac@v4.3.0,192,4.74689e+06,2380214272
Tesla V100-PCIE-16GB,dna_r10.4.1_e8.2_400bps_hac@v4.3.0,256,6.33113e+06,2807565312
Tesla V100-PCIE-16GB,dna_r10.4.1_e8.2_400bps_hac@v4.3.0,320,7.91258e+06,3240897024
Tesla V100-PCIE-16GB,dna_r10.4.1_e8.2_400bps_hac@v4.3.0,384,9.51298e+06,3635136512
Tesla V100-PCIE-16GB,dna_r10.4.1_e8.2_400bps_hac@v4.3.0,448,1.08082e+07,4030014464
Tesla V100-PCIE-16GB,dna_r10.4.1_e8.2_400bps_hac@v4.3.0,512,1.26302e+07,4422355968
Tesla V100-PCIE-16GB,dna_r10.4.1_e8.2_400bps_hac@v4.3.0,576,1.30812e+07,4817111040
Tesla V100-PCIE-16GB,dna_r10.4.1_e8.2_400bps_hac@v4.3.0,640,1.51587e+07,5205275648
Tesla V100-PCIE-16GB,dna_r10.4.1_e8.2_400bps_hac@v4.3.0,704,1.66504e+07,5605446656
Tesla V100-PCIE-16GB,dna_r10.4.1_e8.2_400bps_hac@v4.3.0,768,1.78761e+07,5993312768
Tesla V100-PCIE-16GB,dna_r10.4.1_e8.2_400bps_hac@v4.3.0,832,1.88508e+07,6393839616
Tesla V100-PCIE-16GB,dna_r10.4.1_e8.2_400bps_hac@v4.3.0,896,1.73159e+07,6782017536
Tesla V100-PCIE-16GB,dna_r10.4.1_e8.2_400bps_hac@v4.3.0,960,1.81298e+07,7183283200
Tesla V100-PCIE-16GB,dna_r10.4.1_e8.2_400bps_hac@v4.3.0,1024,1.93148e+07,7576428544
Tesla V100-PCIE-16GB,dna_r10.4.1_e8.2_400bps_hac@v4.3.0,1088,2.04455e+07,7970088448
Tesla V100-PCIE-16GB,dna_r10.4.1_e8.2_400bps_hac@v4.3.0,1152,2.05646e+07,8364822016
Tesla V100-PCIE-16GB,dna_r10.4.1_e8.2_400bps_hac@v4.3.0,1216,2.16579e+07,8762709504
Tesla V100-PCIE-16GB,dna_r10.4.1_e8.2_400bps_hac@v4.3.0,1280,2.16017e+07,9154481152
Tesla V100-PCIE-16GB,dna_r10.4.1_e8.2_400bps_hac@v4.3.0,1344,2.26575e+07,9547510784
Tesla V100-PCIE-16GB,dna_r10.4.1_e8.2_400bps_hac@v4.3.0,1408,2.238e+07,9944916992
Tesla V100-PCIE-16GB,dna_r10.4.1_e8.2_400bps_hac@v4.3.0,1472,2.47475e+07,10337903104
Tesla V100-PCIE-16GB,dna_r10.4.1_e8.2_400bps_hac@v4.3.0,1536,2.43498e+07,10732098560
Tesla V100-PCIE-16GB,dna_r10.4.1_e8.2_400bps_hac@v4.3.0,1600,2.53421e+07,11113182720
Tesla V100-PCIE-16GB,dna_r10.4.1_e8.2_400bps_hac@v4.3.0,1664,2.44745e+07,11518682624
Tesla V100-PCIE-16GB,dna_r10.4.1_e8.2_400bps_hac@v4.3.0,1728,2.02588e+07,11914689536
Tesla V100-PCIE-16GB,dna_r10.4.1_e8.2_400bps_hac@v4.3.0,1792,1.90942e+07,12311441920
Tesla V100-PCIE-16GB,dna_r10.4.1_e8.2_400bps_hac@v4.3.0,1856,1.96985e+07,12701835264
Tesla V100-PCIE-16GB,dna_r10.4.1_e8.2_400bps_hac@v4.3.0,1920,2.03288e+07,13099375616
Tesla V100-PCIE-16GB,dna_r10.4.1_e8.2_400bps_hac@v4.3.0,1984,1.91114e+07,13489378816
Tesla V100-PCIE-16GB,dna_r10.4.1_e8.2_400bps_hac@v4.3.0,2048,1.97044e+07,13887694848
Tesla V100-PCIE-16GB,dna_r10.4.1_e8.2_400bps_hac@v4.3.0,2112,2.02903e+07,14280465920
Tesla V100-PCIE-16GB,dna_r10.4.1_e8.2_400bps_hac@v4.3.0,2176,2.07898e+07,14672138240
Tesla V100-PCIE-16GB,dna_r10.4.1_e8.2_400bps_hac@v4.3.0,2240,2.14165e+07,15071714304
Tesla V100-PCIE-16GB,dna_r10.4.1_e8.2_400bps_hac@v4.3.0,2304,2.19147e+07,15460436480
Tesla V100-PCIE-16GB,dna_r10.4.1_e8.2_400bps_hac@v5.0.0,64,1.58675e+06,1528444416
Tesla V100-PCIE-16GB,dna_r10.4.1_e8.2_400bps_hac@v5.0.0,128,3.17297e+06,1955377664
Tesla V100-PCIE-16GB,dna_r10.4.1_e8.2_400bps_hac@v5.0.0,192,4.75102e+06,2380214272
Tesla V100-PCIE-16GB,dna_r10.4.1_e8.2_400bps_hac@v5.0.0,256,6.33145e+06,2807565312
Tesla V100-PCIE-16GB,dna_r10.4.1_e8.2_400bps_hac@v5.0.0,320,7.90513e+06,3240897024
Tesla V100-PCIE-16GB,dna_r10.4.1_e8.2_400bps_hac@v5.0.0,384,9.47444e+06,3635136512
Tesla V100-PCIE-16GB,dna_r10.4.1_e8.2_400bps_hac@v5.0.0,448,1.08425e+07,4030014464
Tesla V100-PCIE-16GB,dna_r10.4.1_e8.2_400bps_hac@v5.0.0,512,1.21256e+07,4422355968
Tesla V100-PCIE-16GB,dna_r10.4.1_e8.2_400bps_hac@v5.0.0,576,1.25422e+07,4811353088
Tesla V100-PCIE-16GB,dna_r10.4.1_e8.2_400bps_hac@v5.0.0,640,1.51511e+07,5205275648
Tesla V100-PCIE-16GB,dna_r10.4.1_e8.2_400bps_hac@v5.0.0,704,1.63271e+07,5598409216
Tesla V100-PCIE-16GB,dna_r10.4.1_e8.2_400bps_hac@v5.0.0,768,1.77718e+07,5993312768
Tesla V100-PCIE-16GB,dna_r10.4.1_e8.2_400bps_hac@v5.0.0,832,1.76659e+07,6385522688
Tesla V100-PCIE-16GB,dna_r10.4.1_e8.2_400bps_hac@v5.0.0,896,1.73078e+07,6782017536
Tesla V100-PCIE-16GB,dna_r10.4.1_e8.2_400bps_hac@v5.0.0,960,1.85191e+07,7173686784
Tesla V100-PCIE-16GB,dna_r10.4.1_e8.2_400bps_hac@v5.0.0,1024,1.92528e+07,7576428544
Tesla V100-PCIE-16GB,dna_r10.4.1_e8.2_400bps_hac@v5.0.0,1088,2.04365e+07,7970088448
Tesla V100-PCIE-16GB,dna_r10.4.1_e8.2_400bps_hac@v5.0.0,1152,2.0567e+07,8364822016
Tesla V100-PCIE-16GB,dna_r10.4.1_e8.2_400bps_hac@v5.0.0,1216,2.16848e+07,8762709504
Tesla V100-PCIE-16GB,dna_r10.4.1_e8.2_400bps_hac@v5.0.0,1280,2.15992e+07,9154481152
Tesla V100-PCIE-16GB,dna_r10.4.1_e8.2_400bps_hac@v5.0.0,1344,2.26719e+07,9547510784
Tesla V100-PCIE-16GB,dna_r10.4.1_e8.2_400bps_hac@v5.0.0,1408,2.22668e+07,9944916992
Tesla V100-PCIE-16GB,dna_r10.4.1_e8.2_400bps_hac@v5.0.0,1472,2.339e+07,10337903104
Tesla V100-PCIE-16GB,dna_r10.4.1_e8.2_400bps_hac@v5.0.0,1536,2.43309e+07,10732098560
Tesla V100-PCIE-16GB,dna_r10.4.1_e8.2_400bps_hac@v5.0.0,1600,2.53519e+07,11113182720
Tesla V100-PCIE-16GB,dna_r10.4.1_e8.2_400bps_hac@v5.0.0,1664,2.44575e+07,11518682624
Tesla V100-PCIE-16GB,dna_r10.4.1_e8.2_400bps_hac@v5.0.0,1728,2.02646e+07,11914689536
Tesla V100-PCIE-16GB,dna_r10.4.1_e8.2_400bps_hac@v5.0.0,1792,1.91079e+07,12311441920
Tesla V100-PCIE-16GB,dna_r10.4.1_e8.2_400bps_hac@v5.0.0,1856,1.97002e+07,12701835264
Tesla V100-PCIE-16GB,dna_r10.4.1_e8.2_400bps_hac@v5.0.0,1920,2.03209e+07,13099375616
Tesla V100-PCIE-16GB,dna_r10.4.1_e8.2_400bps_hac@v5.0.0,1984,1.91175e+07,13489378816
Tesla V100-PCIE-16GB,dna_r10.4.1_e8.2_400bps_hac@v5.0.0,2048,1.966e+07,13887694848
Tesla V100-PCIE-16GB,dna_r10.4.1_e8.2_400bps_hac@v5.0.0,2112,2.02718e+07,14280465920
Tesla V100-PCIE-16GB,dna_r10.4.1_e8.2_400bps_hac@v5.0.0,2176,2.08291e+07,14672138240
Tesla V100-PCIE-16GB,dna_r10.4.1_e8.2_400bps_hac@v5.0.0,2240,2.13979e+07,15071714304
Tesla V100-PCIE-16GB,dna_r10.4.1_e8.2_400bps_hac@v5.0.0,2304,2.18991e+07,15460436480
Tesla V100-PCIE-16GB,dna_r10.4.1_e8.2_400bps_hac@v5.2.0,64,1.20943e+06,1538711552
Tesla V100-PCIE-16GB,dna_r10.4.1_e8.2_400bps_hac@v5.2.0,128,2.2874e+06,1964827136
Tesla V100-PCIE-16GB,dna_r10.4.1_e8.2_400bps_hac@v5.2.0,192,3.42461e+06,2390281728
Tesla V100-PCIE-16GB,dna_r10.4.1_e8.2_400bps_hac@v5.2.0,256,4.56636e+06,2817014784
Tesla V100-PCIE-16GB,dna_r10.4.1_e8.2_400bps_hac@v5.2.0,320,5.72467e+06,3243948544
Tesla V100-PCIE-16GB,dna_r10.4.1_e8.2_400bps_hac@v5.2.0,384,6.83216e+06,3636909056
Tesla V100-PCIE-16GB,dna_r10.4.1_e8.2_400bps_hac@v5.2.0,448,7.80702e+06,4039463936
Tesla V100-PCIE-16GB,dna_r10.4.1_e8.2_400bps_hac@v5.2.0,512,9.10379e+06,4431805440
Tesla V100-PCIE-16GB,dna_r10.4.1_e8.2_400bps_hac@v5.2.0,576,1.02303e+07,4820706816
Tesla V100-PCIE-16GB,dna_r10.4.1_e8.2_400bps_hac@v5.2.0,640,1.13621e+07,5221122560
Tesla V100-PCIE-16GB,dna_r10.4.1_e8.2_400bps_hac@v5.2.0,704,1.22209e+07,5607858688
Tesla V100-PCIE-16GB,dna_r10.4.1_e8.2_400bps_hac@v5.2.0,768,1.29689e+07,6010439168
Tesla V100-PCIE-16GB,dna_r10.4.1_e8.2_400bps_hac@v5.2.0,832,1.4329e+07,6394972160
Tesla V100-PCIE-16GB,dna_r10.4.1_e8.2_400bps_hac@v5.2.0,896,1.32988e+07,6799582208
Tesla V100-PCIE-16GB,dna_r10.4.1_e8.2_400bps_hac@v5.2.0,960,1.33405e+07,7192318464
Tesla V100-PCIE-16GB,dna_r10.4.1_e8.2_400bps_hac@v5.2.0,1024,1.42199e+07,7585878016
Tesla V100-PCIE-16GB,dna_r10.4.1_e8.2_400bps_hac@v5.2.0,1088,1.50936e+07,7979537920
Tesla V100-PCIE-16GB,dna_r10.4.1_e8.2_400bps_hac@v5.2.0,1152,1.49006e+07,8374271488
Tesla V100-PCIE-16GB,dna_r10.4.1_e8.2_400bps_hac@v5.2.0,1216,1.57124e+07,8771421184
Tesla V100-PCIE-16GB,dna_r10.4.1_e8.2_400bps_hac@v5.2.0,1280,1.64919e+07,9163512320
Tesla V100-PCIE-16GB,dna_r10.4.1_e8.2_400bps_hac@v5.2.0,1344,1.73107e+07,9556861952
Tesla V100-PCIE-16GB,dna_r10.4.1_e8.2_400bps_hac@v5.2.0,1408,1.67967e+07,9954366464
Tesla V100-PCIE-16GB,dna_r10.4.1_e8.2_400bps_hac@v5.2.0,1472,1.75892e+07,10347352576
Tesla V100-PCIE-16GB,dna_r10.4.1_e8.2_400bps_hac@v5.2.0,1536,1.82847e+07,10742241280
Tesla V100-PCIE-16GB,dna_r10.4.1_e8.2_400bps_hac@v5.2.0,1600,1.9024e+07,11139409408
Tesla V100-PCIE-16GB,dna_r10.4.1_e8.2_400bps_hac@v5.2.0,1664,1.95485e+07,11528132096
Tesla V100-PCIE-16GB,dna_r10.4.1_e8.2_400bps_hac@v5.2.0,1728,1.36616e+07,11924139008
Tesla V100-PCIE-16GB,dna_r10.4.1_e8.2_400bps_hac@v5.2.0,1792,1.39583e+07,12320257536
Tesla V100-PCIE-16GB,dna_r10.4.1_e8.2_400bps_hac@v5.2.0,1856,1.44118e+07,12711077888
Tesla V100-PCIE-16GB,dna_r10.4.1_e8.2_400bps_hac@v5.2.0,1920,1.48591e+07,13108825088
Tesla V100-PCIE-16GB,dna_r10.4.1_e8.2_400bps_hac@v5.2.0,1984,1.35433e+07,13498828288
Tesla V100-PCIE-16GB,dna_r10.4.1_e8.2_400bps_hac@v5.2.0,2048,1.39146e+07,13896120320
Tesla V100-PCIE-16GB,dna_r10.4.1_e8.2_400bps_hac@v5.2.0,2112,1.43193e+07,14289318400
Tesla V100-PCIE-16GB,dna_r10.4.1_e8.2_400bps_hac@v5.2.0,2176,1.47129e+07,14681417216
Tesla V100-PCIE-16GB,dna_r10.4.1_e8.2_400bps_hac@v5.2.0,2240,1.51254e+07,15081163776
Tesla V100-PCIE-16GB,dna_r10.4.1_e8.2_400bps_hac@v5.2.0,2304,1.54809e+07,15469885952
Tesla V100-PCIE-16GB,dna_r10.4.1_e8.2_400bps_hac@v6.0.0,64,286136,1475015168
Tesla V100-PCIE-16GB,dna_r10.4.1_e8.2_400bps_hac@v6.0.0,128,567176,2136014336
Tesla V100-PCIE-16GB,dna_r10.4.1_e8.2_400bps_hac@v6.0.0,192,842839,2795310080
Tesla V100-PCIE-16GB,dna_r10.4.1_e8.2_400bps_hac@v6.0.0,256,1.12214e+06,3454867456
Tesla V100-PCIE-16GB,dna_r10.4.1_e8.2_400bps_hac@v6.0.0,320,1.40325e+06,4115342848
Tesla V100-PCIE-16GB,dna_r10.4.1_e8.2_400bps_hac@v6.0.0,384,1.61786e+06,4777914880
Tesla V100-PCIE-16GB,dna_r10.4.1_e8.2_400bps_hac@v6.0.0,448,1.84457e+06,5437339648
Tesla V100-PCIE-16GB,dna_r10.4.1_e8.2_400bps_hac@v6.0.0,512,2.08677e+06,6097816576
Tesla V100-PCIE-16GB,dna_r10.4.1_e8.2_400bps_hac@v6.0.0,576,2.31955e+06,6757767680
Tesla V100-PCIE-16GB,dna_r10.4.1_e8.2_400bps_hac@v6.0.0,640,2.5668e+06,7418766848
Tesla V100-PCIE-16GB,dna_r10.4.1_e8.2_400bps_hac@v6.0.0,704,2.75984e+06,8078717952
Tesla V100-PCIE-16GB,dna_r10.4.1_e8.2_400bps_hac@v6.0.0,768,3.22341e+06,8738668544
Tesla V100-PCIE-16GB,dna_r10.4.1_e8.2_400bps_hac@v6.0.0,832,3.44939e+06,9399668224
Tesla V100-PCIE-16GB,dna_r10.4.1_e8.2_400bps_hac@v6.0.0,896,3.69839e+06,10060667392
Tesla V100-PCIE-16GB,dna_r10.4.1_e8.2_400bps_hac@v6.0.0,960,3.78661e+06,10720094208
Tesla V100-PCIE-16GB,dna_r10.4.1_e8.2_400bps_hac@v6.0.0,1024,4.179e+06,11378471936
Tesla V100-PCIE-16GB,dna_r10.4.1_e8.2_400bps_hac@v6.0.0,1088,4.29097e+06,12028330496
Tesla V100-PCIE-16GB,dna_r10.4.1_e8.2_400bps_hac@v6.0.0,1152,4.49365e+06,12689198592
Tesla V100-PCIE-16GB,dna_r10.4.1_e8.2_400bps_hac@v6.0.0,1216,4.35839e+06,13363960832
Tesla V100-PCIE-16GB,dna_r10.4.1_e8.2_400bps_hac@v6.0.0,1280,4.58568e+06,14022993920
Tesla V100-PCIE-16GB,dna_r10.4.1_e8.2_400bps_hac@v6.0.0,1344,5.22972e+06,14682551808
Tesla V100-PCIE-16GB,dna_r10.4.1_e8.2_400bps_hac@v6.0.0,1408,5.58386e+06,15346297856
Tesla V100-PCIE-16GB,dna_r10.4.1_e8.2_400bps_sup@v4.3.0,64,1.45999e+06,2068242944
Tesla V100-PCIE-16GB,dna_r10.4.1_e8.2_400bps_sup@v4.3.0,128,2.67149e+06,3581500928
Tesla V100-PCIE-16GB,dna_r10.4.1_e8.2_400bps_sup@v4.3.0,192,2.49904e+06,5092662272
Tesla V100-PCIE-16GB,dna_r10.4.1_e8.2_400bps_sup@v4.3.0,256,3.0754e+06,6605919744
Tesla V100-PCIE-16GB,dna_r10.4.1_e8.2_400bps_sup@v4.3.0,320,3.84647e+06,8119178240
Tesla V100-PCIE-16GB,dna_r10.4.1_e8.2_400bps_sup@v4.3.0,384,3.83586e+06,9630765056
Tesla V100-PCIE-16GB,dna_r10.4.1_e8.2_400bps_sup@v4.3.0,448,3.57156e+06,11144236544
Tesla V100-PCIE-16GB,dna_r10.4.1_e8.2_400bps_sup@v4.3.0,512,3.9918e+06,12654757888
Tesla V100-PCIE-16GB,dna_r10.4.1_e8.2_400bps_sup@v4.3.0,576,4.45465e+06,14165919232
Tesla V100-PCIE-16GB,dna_r10.4.1_e8.2_400bps_sup@v4.3.0,640,4.44723e+06,14132364800
Tesla V100-PCIE-16GB,dna_r10.4.1_e8.2_400bps_sup@v5.0.0,32,3.3148e+06,1364687872
Tesla V100-PCIE-16GB,dna_r10.4.1_e8.2_400bps_sup@v5.0.0,64,3.84459e+06,2146992640
Tesla V100-PCIE-16GB,dna_r10.4.1_e8.2_400bps_sup@v5.0.0,96,4.00209e+06,2929756160
Tesla V100-PCIE-16GB,dna_r10.4.1_e8.2_400bps_sup@v5.0.0,128,4.07773e+06,3698626048
Tesla V100-PCIE-16GB,dna_r10.4.1_e8.2_400bps_sup@v5.0.0,160,4.11914e+06,4479424000
Tesla V100-PCIE-16GB,dna_r10.4.1_e8.2_400bps_sup@v5.0.0,192,4.12023e+06,4448228864
Tesla V100-PCIE-16GB,dna_r10.4.1_e8.2_400bps_sup@v5.2.0,32,3.33386e+06,1364687872
Tesla V100-PCIE-16GB,dna_r10.4.1_e8.2_400bps_sup@v5.2.0,64,3.88314e+06,2147779072
Tesla V100-PCIE-16GB,dna_r10.4.1_e8.2_400bps_sup@v5.2.0,96,4.00226e+06,2929756160
Tesla V100-PCIE-16GB,dna_r10.4.1_e8.2_400bps_sup@v5.2.0,128,4.07958e+06,3698626048
Tesla V100-PCIE-16GB,dna_r10.4.1_e8.2_400bps_sup@v5.2.0,160,4.11926e+06,4478932480
Tesla V100-PCIE-16GB,dna_r10.4.1_e8.2_400bps_sup@v5.2.0,192,4.12031e+06,4448228864
Tesla V100-PCIE-16GB,rna004_130bps_fast@v5.1.0,64,1.93269e+07,1254262784
Tesla V100-PCIE-16GB,rna004_130bps_fast@v5.1.0,128,3.62118e+07,1431544320
Tesla V100-PCIE-16GB,rna004_130bps_fast@v5.1.0,192,5.13792e+07,1608634368
Tesla V100-PCIE-16GB,rna004_130bps_fast@v5.1.0,256,6.54142e+07,1785723904
Tesla V100-PCIE-16GB,rna004_130bps_fast@v5.1.0,320,7.78609e+07,1962813952
Tesla V100-PCIE-16GB,rna004_130bps_fast@v5.1.0,384,7.84534e+07,2135297024
Tesla V100-PCIE-16GB,rna004_130bps_fast@v5.1.0,448,8.75164e+07,2313716736
Tesla V100-PCIE-16GB,rna004_130bps_fast@v5.1.0,512,9.58932e+07,2487941120
Tesla V100-PCIE-16GB,rna004_130bps_fast@v5.1.0,576,1.03763e+08,2672024064
Tesla V100-PCIE-16GB,rna004_130bps_fast@v5.1.0,640,1.11422e+08,2836105216
Tesla V100-PCIE-16GB,rna004_130bps_fast@v5.1.0,704,1.00896e+08,3013069824
Tesla V100-PCIE-16GB,rna004_130bps_fast@v5.1.0,768,1.05444e+08,3195198464
Tesla V100-PCIE-16GB,rna004_130bps_fast@v5.1.0,832,1.06048e+08,3363300352
Tesla V100-PCIE-16GB,rna004_130bps_fast@v5.1.0,896,1.09718e+08,3543658496
Tesla V100-PCIE-16GB,rna004_130bps_fast@v5.1.0,960,1.15406e+08,3716279296
Tesla V100-PCIE-16GB,rna004_130bps_fast@v5.1.0,1024,1.18985e+08,3893889024
Tesla V100-PCIE-16GB,rna004_130bps_fast@v5.1.0,1088,1.22068e+08,4068440064
Tesla V100-PCIE-16GB,rna004_130bps_fast@v5.1.0,1152,1.24487e+08,4244119552
Tesla V100-PCIE-16GB,rna004_130bps_fast@v5.1.0,1216,1.28843e+08,4422380544
Tesla V100-PCIE-16GB,rna004_130bps_fast@v5.1.0,1280,1.31493e+08,4593560576
Tesla V100-PCIE-16GB,rna004_130bps_fast@v5.1.0,1344,1.21322e+08,4772233728
Tesla V100-PCIE-16GB,rna004_130bps_fast@v5.1.0,1408,1.2285e+08,4949677568
Tesla V100-PCIE-16GB,rna004_130bps_fast@v5.1.0,1472,1.22544e+08,5138226688
Tesla V100-PCIE-16GB,rna004_130bps_fast@v5.1.0,1536,1.24919e+08,5300660224
Tesla V100-PCIE-16GB,rna004_130bps_fast@v5.1.0,1600,1.28234e+08,5477815808
Tesla V100-PCIE-16GB,rna004_130bps_fast@v5.1.0,1664,1.28016e+08,5652068864
Tesla V100-PCIE-16GB,rna004_130bps_fast@v5.1.0,1728,1.31498e+08,5831691264
Tesla V100-PCIE-16GB,rna004_130bps_fast@v5.1.0,1792,1.32697e+08,6006290432
Tesla V100-PCIE-16GB,rna004_130bps_fast@v5.1.0,1856,1.34068e+08,6181300736
Tesla V100-PCIE-16GB,rna004_130bps_fast@v5.1.0,1920,1.38205e+08,6356647424
Tesla V100-PCIE-16GB,rna004_130bps_fast@v5.1.0,1984,1.31506e+08,6531473408
Tesla V100-PCIE-16GB,rna004_130bps_fast@v5.1.0,2048,1.23369e+08,6708021248
Tesla V100-PCIE-16GB,rna004_130bps_fast@v5.1.0,2112,1.27171e+08,6884785664
Tesla V100-PCIE-16GB,rna004_130bps_fast@v5.1.0,2176,1.26826e+08,7060132352
Tesla V100-PCIE-16GB,rna004_130bps_fast@v5.1.0,2240,1.30298e+08,7236424704
Tesla V100-PCIE-16GB,rna004_130bps_fast@v5.1.0,2304,1.29427e+08,7412115456
Tesla V100-PCIE-16GB,rna004_130bps_fast@v5.1.0,2368,1.32424e+08,7586645504
Tesla V100-PCIE-16GB,rna004_130bps_fast@v5.1.0,2432,1.3189e+08,7765802496
Tesla V100-PCIE-16GB,rna004_130bps_fast@v5.1.0,2496,1.35525e+08,7939957760
Tesla V100-PCIE-16GB,rna004_130bps_fast@v5.1.0,2560,1.33759e+08,8114792448
Tesla V100-PCIE-16GB,rna004_130bps_fast@v5.1.0,2624,1.26521e+08,8295919104
Tesla V100-PCIE-16GB,rna004_130bps_fast@v5.1.0,2688,1.24554e+08,8466303488
Tesla V100-PCIE-16GB,rna004_130bps_fast@v5.1.0,2752,1.27395e+08,8646118400
Tesla V100-PCIE-16GB,rna004_130bps_fast@v5.1.0,2816,1.25561e+08,8818325504
Tesla V100-PCIE-16GB,rna004_130bps_fast@v5.1.0,2880,1.28421e+08,8995257344
Tesla V100-PCIE-16GB,rna004_130bps_fast@v5.1.0,2944,1.31026e+08,9172684288
Tesla V100-PCIE-16GB,rna004_130bps_fast@v5.1.0,3008,1.27201e+08,9347587072
Tesla V100-PCIE-16GB,rna004_130bps_fast@v5.1.0,3072,1.30193e+08,9524840448
Tesla V100-PCIE-16GB,rna004_130bps_fast@v5.1.0,3136,1.33153e+08,9698907136
Tesla V100-PCIE-16GB,rna004_130bps_fast@v5.1.0,3200,1.35214e+08,9874072064
Tesla V100-PCIE-16GB,rna004_130bps_fast@v5.1.0,3264,1.25147e+08,10051516416
Tesla V100-PCIE-16GB,rna004_130bps_fast@v5.1.0,3328,1.27735e+08,10227398656
Tesla V100-PCIE-16GB,rna004_130bps_fast@v5.1.0,3392,1.29913e+08,10403562496
Tesla V100-PCIE-16GB,rna004_130bps_fast@v5.1.0,3456,1.32294e+08,10579726336
Tesla V100-PCIE-16GB,rna004_130bps_fast@v5.1.0,3520,1.28254e+08,10754089984
Tesla V100-PCIE-16GB,rna004_130bps_fast@v5.1.0,3584,1.30397e+08,10933118976
Tesla V100-PCIE-16GB,rna004_130bps_fast@v5.1.0,3648,1.32476e+08,11103759360
Tesla V100-PCIE-16GB,rna004_130bps_fast@v5.1.0,3712,1.35189e+08,11286478848
Tesla V100-PCIE-16GB,rna004_130bps_fast@v5.1.0,3776,1.2759e+08,11429088256
Tesla V100-PCIE-16GB,rna004_130bps_fast@v5.1.0,3840,1.29453e+08,11565406208
Tesla V100-PCIE-16GB,rna004_130bps_fast@v5.1.0,3904,1.24446e+08,11710823424
Tesla V100-PCIE-16GB,rna004_130bps_fast@v5.1.0,3968,1.26422e+08,11850006528
Tesla V100-PCIE-16GB,rna004_130bps_fast@v5.1.0,4032,1.28242e+08,11997428736
Tesla V100-PCIE-16GB,rna004_130bps_fast@v5.1.0,4096,1.29749e+08,12137940992
Tesla V100-PCIE-16GB,rna004_130bps_fast@v5.1.0,4160,1.31383e+08,12278453248
Tesla V100-PCIE-16GB,rna004_130bps_fast@v5.1.0,4224,1.26102e+08,12423516160
Tesla V100-PCIE-16GB,rna004_130bps_fast@v5.1.0,4288,1.24651e+08,12562699264
Tesla V100-PCIE-16GB,rna004_130bps_fast@v5.1.0,4352,1.25888e+08,12706076672
Tesla V100-PCIE-16GB,rna004_130bps_fast@v5.1.0,4416,1.275e+08,12867765248
Tesla V100-PCIE-16GB,rna004_130bps_fast@v5.1.0,4480,1.29169e+08,13010374656
Tesla V100-PCIE-16GB,rna004_130bps_fast@v5.1.0,4544,1.21995e+08,13155081216
Tesla V100-PCIE-16GB,rna004_130bps_fast@v5.1.0,4608,1.23938e+08,13293496320
Tesla V100-PCIE-16GB,rna004_130bps_fast@v5.1.0,4672,1.25815e+08,13438202880
Tesla V100-PCIE-16GB,rna004_130bps_fast@v5.1.0,4736,1.27471e+08,13582909440
Tesla V100-PCIE-16GB,rna004_130bps_fast@v5.1.0,4800,1.28818e+08,13721324544
Tesla V100-PCIE-16GB,rna004_130bps_fast@v5.1.0,4864,1.22374e+08,13847156736
Tesla V100-PCIE-16GB,rna004_130bps_fast@v5.1.0,4928,1.23755e+08,14006543360
Tesla V100-PCIE-16GB,rna004_130bps_fast@v5.1.0,4992,1.2481e+08,14153347072
Tesla V100-PCIE-16GB,rna004_130bps_fast@v5.1.0,5056,1.2365e+08,14274984960
Tesla V100-PCIE-16GB,rna004_130bps_fast@v5.1.0,5120,1.28824e+08,14413400064
Tesla V100-PCIE-16GB,rna004_130bps_fast@v5.1.0,5184,1.2011e+08,14558106624
Tesla V100-PCIE-16GB,rna004_130bps_fast@v5.1.0,5248,1.20656e+08,14704910336
Tesla V100-PCIE-16GB,rna004_130bps_fast@v5.1.0,5312,1.18385e+08,14845422592
Tesla V100-PCIE-16GB,rna004_130bps_fast@v5.1.0,5376,1.19708e+08,14985934848
Tesla V100-PCIE-16GB,rna004_130bps_fast@v5.1.0,5440,1.2542e+08,15126447104
Tesla V100-PCIE-16GB,rna004_130bps_fast@v5.1.0,5504,1.26672e+08,15271153664
Tesla V100-PCIE-16GB,rna004_130bps_fast@v5.1.0,5568,1.24168e+08,15413763072
Tesla V100-PCIE-16GB,rna004_130bps_fast@v5.1.0,5632,1.26408e+08,15556372480
Tesla V100-PCIE-16GB,rna004_130bps_fast@v5.1.0,5696,1.27859e+08,15696884736
Tesla V100-PCIE-16GB,rna004_130bps_hac@v5.1.0,64,1.34061e+06,1545617920
Tesla V100-PCIE-16GB,rna004_130bps_hac@v5.1.0,128,2.66711e+06,2023033344
Tesla V100-PCIE-16GB,rna004_130bps_hac@v5.1.0,192,3.9901e+06,2502833152
Tesla V100-PCIE-16GB,rna004_130bps_hac@v5.1.0,256,5.32085e+06,2980121600
Tesla V100-PCIE-16GB,rna004_130bps_hac@v5.1.0,320,6.68003e+06,3457793536
Tesla V100-PCIE-16GB,rna004_130bps_hac@v5.1.0,384,7.6446e+06,3944570368
Tesla V100-PCIE-16GB,rna004_130bps_hac@v5.1.0,448,8.91656e+06,4423481344
Tesla V100-PCIE-16GB,rna004_130bps_hac@v5.1.0,512,1.01275e+07,4899864576
Tesla V100-PCIE-16GB,rna004_130bps_hac@v5.1.0,576,1.13795e+07,5374897664
Tesla V100-PCIE-16GB,rna004_130bps_hac@v5.1.0,640,1.263e+07,5859353088
Tesla V100-PCIE-16GB,rna004_130bps_hac@v5.1.0,704,1.36215e+07,6332209152
Tesla V100-PCIE-16GB,rna004_130bps_hac@v5.1.0,768,1.4014e+07,6811830272
Tesla V100-PCIE-16GB,rna004_130bps_hac@v5.1.0,832,1.51948e+07,7289648128
Tesla V100-PCIE-16GB,rna004_130bps_hac@v5.1.0,896,1.42955e+07,7778141696
Tesla V100-PCIE-16GB,rna004_130bps_hac@v5.1.0,960,1.56873e+07,8247426048
Tesla V100-PCIE-16GB,rna004_130bps_hac@v5.1.0,1024,1.62262e+07,8735279104
Tesla V100-PCIE-16GB,rna004_130bps_hac@v5.1.0,1088,1.72459e+07,9212608000
Tesla V100-PCIE-16GB,rna004_130bps_hac@v5.1.0,1152,1.71545e+07,9693170176
Tesla V100-PCIE-16GB,rna004_130bps_hac@v5.1.0,1216,1.8095e+07,10174346240
Tesla V100-PCIE-16GB,rna004_130bps_hac@v5.1.0,1280,1.78149e+07,10650504192
Tesla V100-PCIE-16GB,rna004_130bps_hac@v5.1.0,1344,1.78813e+07,11132063232
Tesla V100-PCIE-16GB,rna004_130bps_hac@v5.1.0,1408,1.93053e+07,11613593088
Tesla V100-PCIE-16GB,rna004_130bps_hac@v5.1.0,1472,2.01825e+07,12093523968
Tesla V100-PCIE-16GB,rna004_130bps_hac@v5.1.0,1536,1.92932e+07,12569147392
Tesla V100-PCIE-16GB,rna004_130bps_hac@v5.1.0,1600,2.0081e+07,13050743296
Tesla V100-PCIE-16GB,rna004_130bps_hac@v5.1.0,1664,2.0793e+07,13527695872
Tesla V100-PCIE-16GB,rna004_130bps_hac@v5.1.0,1728,1.65984e+07,14008600576
Tesla V100-PCIE-16GB,rna004_130bps_hac@v5.1.0,1792,1.55766e+07,14490327040
Tesla V100-PCIE-16GB,rna004_130bps_hac@v5.1.0,1856,1.61202e+07,14966943232
Tesla V100-PCIE-16GB,rna004_130bps_hac@v5.1.0,1920,1.65731e+07,15446644224
Tesla V100-PCIE-16GB,rna004_130bps_hac@v5.2.0,64,1.33523e+06,1545617920
Tesla V100-PCIE-16GB,rna004_130bps_hac@v5.2.0,128,2.68034e+06,2023033344
Tesla V100-PCIE-16GB,rna004_130bps_hac@v5.2.0,192,3.99334e+06,2502833152
Tesla V100-PCIE-16GB,rna004_130bps_hac@v5.2.0,256,5.31867e+06,2980121600
Tesla V100-PCIE-16GB,rna004_130bps_hac@v5.2.0,320,6.34376e+06,3457793536
Tesla V100-PCIE-16GB,rna004_130bps_hac@v5.2.0,384,8.01632e+06,3944570368
Tesla V100-PCIE-16GB,rna004_130bps_hac@v5.2.0,448,8.85444e+06,4423481344
Tesla V100-PCIE-16GB,rna004_130bps_hac@v5.2.0,512,1.01729e+07,4899864576
Tesla V100-PCIE-16GB,rna004_130bps_hac@v5.2.0,576,1.13901e+07,5380657664
Tesla V100-PCIE-16GB,rna004_130bps_hac@v5.2.0,640,1.26406e+07,5852953088
Tesla V100-PCIE-16GB,rna004_130bps_hac@v5.2.0,704,1.3655e+07,6332209152
Tesla V100-PCIE-16GB,rna004_130bps_hac@v5.2.0,768,1.47643e+07,6811830272
Tesla V100-PCIE-16GB,rna004_130bps_hac@v5.2.0,832,1.55908e+07,7297968128
Tesla V100-PCIE-16GB,rna004_130bps_hac@v5.2.0,896,1.42334e+07,7778141696
Tesla V100-PCIE-16GB,rna004_130bps_hac@v5.2.0,960,1.52915e+07,8257026048
Tesla V100-PCIE-16GB,rna004_130bps_hac@v5.2.0,1024,1.62719e+07,8735279104
Tesla V100-PCIE-16GB,rna004_130bps_hac@v5.2.0,1088,1.62468e+07,9212608000
Tesla V100-PCIE-16GB,rna004_130bps_hac@v5.2.0,1152,1.71656e+07,9693170176
Tesla V100-PCIE-16GB,rna004_130bps_hac@v5.2.0,1216,1.80967e+07,10174346240
Tesla V100-PCIE-16GB,rna004_130bps_hac@v5.2.0,1280,1.78118e+07,10650504192
Tesla V100-PCIE-16GB,rna004_130bps_hac@v5.2.0,1344,1.79066e+07,11132063232
Tesla V100-PCIE-16GB,rna004_130bps_hac@v5.2.0,1408,1.93269e+07,11613593088
Tesla V100-PCIE-16GB,rna004_130bps_hac@v5.2.0,1472,2.01931e+07,12093523968
Tesla V100-PCIE-16GB,rna004_130bps_hac@v5.2.0,1536,1.93222e+07,12569147392
Tesla V100-PCIE-16GB,rna004_130bps_hac@v5.2.0,1600,2.00735e+07,13050743296
Tesla V100-PCIE-16GB,rna004_130bps_hac@v5.2.0,1664,2.07885e+07,13527695872
Tesla V100-PCIE-16GB,rna004_130bps_hac@v5.2.0,1728,1.65933e+07,14008600576
Tesla V100-PCIE-16GB,rna004_130bps_hac@v5.2.0,1792,1.55942e+07,14490327040
Tesla V100-PCIE-16GB,rna004_130bps_hac@v5.2.0,1856,1.61121e+07,14966943232
Tesla V100-PCIE-16GB,rna004_130bps_hac@v5.2.0,1920,1.65654e+07,15446644224
Tesla V100-PCIE-16GB,rna004_130bps_sup@v5.1.0,32,3.44023e+06,1723923456
Tesla V100-PCIE-16GB,rna004_130bps_sup@v5.1.0,64,3.82544e+06,2897969664
Tesla V100-PCIE-16GB,rna004_130bps_sup@v5.1.0,96,3.96906e+06,4073424896
Tesla V100-PCIE-16GB,rna004_130bps_sup@v5.1.0,128,3.99932e+06,4040755200
Tesla V100-PCIE-16GB,rna004_130bps_sup@v5.2.0,32,3.4397e+06,1723923456
Tesla V100-PCIE-16GB,rna004_130bps_sup@v5.2.0,64,3.82463e+06,2897969664
Tesla V100-PCIE-16GB,rna004_130bps_sup@v5.2.0,96,3.97268e+06,4073424896
Tesla V100-PCIE-16GB,rna004_130bps_sup@v5.2.0,128,4.00001e+06,4040755200
Tesla V100-PCIE-16GB,rna004_hac@v6.0.0,64,284358,1511088640
Tesla V100-PCIE-16GB,rna004_hac@v6.0.0,128,559840,2040782336
Tesla V100-PCIE-16GB,rna004_hac@v6.0.0,192,835622,2570832384
Tesla V100-PCIE-16GB,rna004_hac@v6.0.0,256,1.10023e+06,3100169728
Tesla V100-PCIE-16GB,rna004_hac@v6.0.0,320,1.38103e+06,3632352768
Tesla V100-PCIE-16GB,rna004_hac@v6.0.0,384,1.64787e+06,4160269312
Tesla V100-PCIE-16GB,rna004_hac@v6.0.0,448,1.83106e+06,4691348992
Tesla V100-PCIE-16GB,rna004_hac@v6.0.0,512,2.07599e+06,5219194880
Tesla V100-PCIE-16GB,rna004_hac@v6.0.0,576,2.29065e+06,5748774912
Tesla V100-PCIE-16GB,rna004_hac@v6.0.0,640,2.51192e+06,6281425408
Tesla V100-PCIE-16GB,rna004_hac@v6.0.0,704,2.73658e+06,6809258496
Tesla V100-PCIE-16GB,rna004_hac@v6.0.0,768,2.95475e+06,7339817472
Tesla V100-PCIE-16GB,rna004_hac@v6.0.0,832,3.22465e+06,7867702272
Tesla V100-PCIE-16GB,rna004_hac@v6.0.0,896,3.35e+06,8419041280
Tesla V100-PCIE-16GB,rna004_hac@v6.0.0,960,3.58563e+06,8948092416
Tesla V100-PCIE-16GB,rna004_hac@v6.0.0,1024,4.01745e+06,9467730944
Tesla V100-PCIE-16GB,rna004_hac@v6.0.0,1088,3.98901e+06,10010169856
Tesla V100-PCIE-16GB,rna004_hac@v6.0.0,1152,4.18128e+06,10539252224
Tesla V100-PCIE-16GB,rna004_hac@v6.0.0,1216,5.07045e+06,11074945024
Tesla V100-PCIE-16GB,rna004_hac@v6.0.0,1280,4.66125e+06,11603482112
Tesla V100-PCIE-16GB,rna004_hac@v6.0.0,1344,5.05235e+06,12135374848
Tesla V100-PCIE-16GB,rna004_hac@v6.0.0,1408,5.34035e+06,12666902528
Tesla V100-PCIE-16GB,rna004_hac@v6.0.0,1472,5.38392e+06,13200854528
Tesla V100-PCIE-16GB,rna004_hac@v6.0.0,1536,6.24021e+06,13729398784
Tesla V100-PCIE-16GB,rna004_hac@v6.0.0,1600,5.92608e+06,14262734848
Tesla V100-PCIE-16GB,rna004_hac@v6.0.0,1664,6.20537e+06,14789661184
Tesla V100-PCIE-16GB,rna004_hac@v6.0.0,1728,6.48832e+06,15321982976
Tesla V100-PCIE-16GB,rna004_sup@v6.0.0,32,2.91111e+06,1797338112
Tesla V100-PCIE-16GB,rna004_sup@v6.0.0,64,3.29106e+06,2971384320
Tesla V100-PCIE-16GB,rna004_sup@v6.0.0,96,3.35031e+06,4146839552
Tesla V100-PCIE-16GB,rna004_sup@v6.0.0,128,3.34872e+06,4114464768
